ISO-10303-21;
HEADER;
/* Generated by software containing ST-Developer
 * from STEP Tools, Inc. (www.steptools.com) 
 */

FILE_DESCRIPTION(
/* description */ (''),
/* implementation_level */ '2;1');

FILE_NAME(
/* name */ 'Mount.step',
/* time_stamp */ '2026-09-18T09:55:49+10:00',
/* author */ (''),
/* organization */ (''),
/* preprocessor_version */ 'ST-DEVELOPER v20.1',
/* originating_system */ 'Autodesk Translation Framework v15.8.0.0',
/* authorisation */ '');

FILE_SCHEMA (('AUTOMOTIVE_DESIGN { 1 0 10303 214 3 1 1 }'));
ENDSEC;

DATA;
#10=MECHANICAL_DESIGN_GEOMETRIC_PRESENTATION_REPRESENTATION('',(#223,#224,
#225,#226,#227,#228,#229,#230,#231,#232,#233,#234,#235,#236,#237,#238,#239,
#240,#241,#242,#243,#244,#245,#246,#247,#248),#14094);
#11=ITEM_DEFINED_TRANSFORMATION($,$,#6316,#7017);
#12=ITEM_DEFINED_TRANSFORMATION($,$,#6352,#7018);
#13=ITEM_DEFINED_TRANSFORMATION($,$,#6380,#7019);
#14=ITEM_DEFINED_TRANSFORMATION($,$,#6447,#7020);
#15=ITEM_DEFINED_TRANSFORMATION($,$,#6516,#7021);
#16=ITEM_DEFINED_TRANSFORMATION($,$,#6473,#7022);
#17=ITEM_DEFINED_TRANSFORMATION($,$,#6510,#7023);
#18=ITEM_DEFINED_TRANSFORMATION($,$,#6510,#7024);
#19=ITEM_DEFINED_TRANSFORMATION($,$,#6510,#7025);
#20=ITEM_DEFINED_TRANSFORMATION($,$,#6510,#7026);
#21=ITEM_DEFINED_TRANSFORMATION($,$,#6516,#7027);
#22=ITEM_DEFINED_TRANSFORMATION($,$,#6522,#7028);
#23=ITEM_DEFINED_TRANSFORMATION($,$,#6522,#7029);
#24=ITEM_DEFINED_TRANSFORMATION($,$,#6522,#7030);
#25=ITEM_DEFINED_TRANSFORMATION($,$,#6522,#7031);
#26=(
REPRESENTATION_RELATIONSHIP($,$,#14133,#14132)
REPRESENTATION_RELATIONSHIP_WITH_TRANSFORMATION(#11)
SHAPE_REPRESENTATION_RELATIONSHIP()
);
#27=(
REPRESENTATION_RELATIONSHIP($,$,#14134,#14132)
REPRESENTATION_RELATIONSHIP_WITH_TRANSFORMATION(#12)
SHAPE_REPRESENTATION_RELATIONSHIP()
);
#28=(
REPRESENTATION_RELATIONSHIP($,$,#14135,#14132)
REPRESENTATION_RELATIONSHIP_WITH_TRANSFORMATION(#13)
SHAPE_REPRESENTATION_RELATIONSHIP()
);
#29=(
REPRESENTATION_RELATIONSHIP($,$,#14136,#14132)
REPRESENTATION_RELATIONSHIP_WITH_TRANSFORMATION(#14)
SHAPE_REPRESENTATION_RELATIONSHIP()
);
#30=(
REPRESENTATION_RELATIONSHIP($,$,#14139,#14132)
REPRESENTATION_RELATIONSHIP_WITH_TRANSFORMATION(#15)
SHAPE_REPRESENTATION_RELATIONSHIP()
);
#31=(
REPRESENTATION_RELATIONSHIP($,$,#14137,#14132)
REPRESENTATION_RELATIONSHIP_WITH_TRANSFORMATION(#16)
SHAPE_REPRESENTATION_RELATIONSHIP()
);
#32=(
REPRESENTATION_RELATIONSHIP($,$,#14138,#14132)
REPRESENTATION_RELATIONSHIP_WITH_TRANSFORMATION(#17)
SHAPE_REPRESENTATION_RELATIONSHIP()
);
#33=(
REPRESENTATION_RELATIONSHIP($,$,#14138,#14132)
REPRESENTATION_RELATIONSHIP_WITH_TRANSFORMATION(#18)
SHAPE_REPRESENTATION_RELATIONSHIP()
);
#34=(
REPRESENTATION_RELATIONSHIP($,$,#14138,#14132)
REPRESENTATION_RELATIONSHIP_WITH_TRANSFORMATION(#19)
SHAPE_REPRESENTATION_RELATIONSHIP()
);
#35=(
REPRESENTATION_RELATIONSHIP($,$,#14138,#14132)
REPRESENTATION_RELATIONSHIP_WITH_TRANSFORMATION(#20)
SHAPE_REPRESENTATION_RELATIONSHIP()
);
#36=(
REPRESENTATION_RELATIONSHIP($,$,#14139,#14132)
REPRESENTATION_RELATIONSHIP_WITH_TRANSFORMATION(#21)
SHAPE_REPRESENTATION_RELATIONSHIP()
);
#37=(
REPRESENTATION_RELATIONSHIP($,$,#14140,#14132)
REPRESENTATION_RELATIONSHIP_WITH_TRANSFORMATION(#22)
SHAPE_REPRESENTATION_RELATIONSHIP()
);
#38=(
REPRESENTATION_RELATIONSHIP($,$,#14140,#14132)
REPRESENTATION_RELATIONSHIP_WITH_TRANSFORMATION(#23)
SHAPE_REPRESENTATION_RELATIONSHIP()
);
#39=(
REPRESENTATION_RELATIONSHIP($,$,#14140,#14132)
REPRESENTATION_RELATIONSHIP_WITH_TRANSFORMATION(#24)
SHAPE_REPRESENTATION_RELATIONSHIP()
);
#40=(
REPRESENTATION_RELATIONSHIP($,$,#14140,#14132)
REPRESENTATION_RELATIONSHIP_WITH_TRANSFORMATION(#25)
SHAPE_REPRESENTATION_RELATIONSHIP()
);
#41=CONTEXT_DEPENDENT_SHAPE_REPRESENTATION(#26,#14117);
#42=CONTEXT_DEPENDENT_SHAPE_REPRESENTATION(#27,#14118);
#43=CONTEXT_DEPENDENT_SHAPE_REPRESENTATION(#28,#14119);
#44=CONTEXT_DEPENDENT_SHAPE_REPRESENTATION(#29,#14120);
#45=CONTEXT_DEPENDENT_SHAPE_REPRESENTATION(#30,#14121);
#46=CONTEXT_DEPENDENT_SHAPE_REPRESENTATION(#31,#14122);
#47=CONTEXT_DEPENDENT_SHAPE_REPRESENTATION(#32,#14123);
#48=CONTEXT_DEPENDENT_SHAPE_REPRESENTATION(#33,#14124);
#49=CONTEXT_DEPENDENT_SHAPE_REPRESENTATION(#34,#14125);
#50=CONTEXT_DEPENDENT_SHAPE_REPRESENTATION(#35,#14126);
#51=CONTEXT_DEPENDENT_SHAPE_REPRESENTATION(#36,#14127);
#52=CONTEXT_DEPENDENT_SHAPE_REPRESENTATION(#37,#14128);
#53=CONTEXT_DEPENDENT_SHAPE_REPRESENTATION(#38,#14129);
#54=CONTEXT_DEPENDENT_SHAPE_REPRESENTATION(#39,#14130);
#55=CONTEXT_DEPENDENT_SHAPE_REPRESENTATION(#40,#14131);
#56=NEXT_ASSEMBLY_USAGE_OCCURRENCE('End cap:1','End cap:1','End cap:1',
#14142,#14143,'End cap:1');
#57=NEXT_ASSEMBLY_USAGE_OCCURRENCE('O-ring:1','O-ring:1','O-ring:1',#14142,
#14144,'O-ring:1');
#58=NEXT_ASSEMBLY_USAGE_OCCURRENCE('Cross:1','Cross:1','Cross:1',#14142,
#14145,'Cross:1');
#59=NEXT_ASSEMBLY_USAGE_OCCURRENCE('Filament:1','Filament:1',
'Filament:1',#14142,#14146,'Filament:1');
#60=NEXT_ASSEMBLY_USAGE_OCCURRENCE('M3 stud:1','M3 stud:1','M3 stud:1',
#14142,#14149,'M3 stud:1');
#61=NEXT_ASSEMBLY_USAGE_OCCURRENCE('PEEK mount:1','PEEK mount:1',
'PEEK mount:1',#14142,#14147,'PEEK mount:1');
#62=NEXT_ASSEMBLY_USAGE_OCCURRENCE('Copper rod:1','Copper rod:1',
'Copper rod:1',#14142,#14148,'Copper rod:1');
#63=NEXT_ASSEMBLY_USAGE_OCCURRENCE('Copper rod:2','Copper rod:2',
'Copper rod:2',#14142,#14148,'Copper rod:2');
#64=NEXT_ASSEMBLY_USAGE_OCCURRENCE('Copper rod:3','Copper rod:3',
'Copper rod:3',#14142,#14148,'Copper rod:3');
#65=NEXT_ASSEMBLY_USAGE_OCCURRENCE('Copper rod:4','Copper rod:4',
'Copper rod:4',#14142,#14148,'Copper rod:4');
#66=NEXT_ASSEMBLY_USAGE_OCCURRENCE('M3 stud:2','M3 stud:2','M3 stud:2',
#14142,#14149,'M3 stud:2');
#67=NEXT_ASSEMBLY_USAGE_OCCURRENCE(
'mill-max-2074-0-15-20-XX-14-11-0 v1:1',
'mill-max-2074-0-15-20-XX-14-11-0 v1:1',
'mill-max-2074-0-15-20-XX-14-11-0 v1:1',#14142,#14150,
'mill-max-2074-0-15-20-XX-14-11-0 v1:1');
#68=NEXT_ASSEMBLY_USAGE_OCCURRENCE(
'mill-max-2074-0-15-20-XX-14-11-0 v1:2',
'mill-max-2074-0-15-20-XX-14-11-0 v1:2',
'mill-max-2074-0-15-20-XX-14-11-0 v1:2',#14142,#14150,
'mill-max-2074-0-15-20-XX-14-11-0 v1:2');
#69=NEXT_ASSEMBLY_USAGE_OCCURRENCE(
'mill-max-2074-0-15-20-XX-14-11-0 v1:3',
'mill-max-2074-0-15-20-XX-14-11-0 v1:3',
'mill-max-2074-0-15-20-XX-14-11-0 v1:3',#14142,#14150,
'mill-max-2074-0-15-20-XX-14-11-0 v1:3');
#70=NEXT_ASSEMBLY_USAGE_OCCURRENCE(
'mill-max-2074-0-15-20-XX-14-11-0 v1:4',
'mill-max-2074-0-15-20-XX-14-11-0 v1:4',
'mill-max-2074-0-15-20-XX-14-11-0 v1:4',#14142,#14150,
'mill-max-2074-0-15-20-XX-14-11-0 v1:4');
#71=SPHERICAL_SURFACE('',#6532,0.530859999999966);
#72=ORIENTED_CLOSED_SHELL('',*,#6224,.F.);
#73=B_SPLINE_SURFACE_WITH_KNOTS('',3,3,((#9372,#9373,#9374,#9375,#9376,
#9377,#9378,#9379,#9380,#9381,#9382,#9383,#9384,#9385,#9386,#9387,#9388,
#9389,#9390,#9391,#9392,#9393,#9394,#9395,#9396,#9397,#9398,#9399,#9400,
#9401,#9402,#9403,#9404,#9405,#9406,#9407,#9408,#9409,#9410,#9411,#9412,
#9413,#9414,#9415,#9416,#9417,#9418,#9419,#9420,#9421,#9422,#9423,#9424,
#9425,#9426,#9427,#9428,#9429,#9430,#9431,#9432,#9433,#9434,#9435,#9436,
#9437,#9438,#9439,#9440,#9441,#9442,#9443,#9444,#9445,#9446,#9447,#9448,
#9449,#9450,#9451,#9452,#9453,#9454,#9455,#9456,#9457,#9458,#9459,#9460,
#9461,#9462,#9463,#9464,#9465,#9466,#9467,#9468,#9469,#9470,#9471,#9472,
#9473,#9474,#9475,#9476,#9477,#9478,#9479,#9480,#9481,#9482,#9483,#9484,
#9485,#9486,#9487,#9488,#9489,#9490,#9491,#9492,#9493,#9494,#9495,#9496,
#9497,#9498,#9499,#9500,#9501,#9502,#9503,#9504,#9505,#9506,#9507,#9508,
#9509),(#9510,#9511,#9512,#9513,#9514,#9515,#9516,#9517,#9518,#9519,#9520,
#9521,#9522,#9523,#9524,#9525,#9526,#9527,#9528,#9529,#9530,#9531,#9532,
#9533,#9534,#9535,#9536,#9537,#9538,#9539,#9540,#9541,#9542,#9543,#9544,
#9545,#9546,#9547,#9548,#9549,#9550,#9551,#9552,#9553,#9554,#9555,#9556,
#9557,#9558,#9559,#9560,#9561,#9562,#9563,#9564,#9565,#9566,#9567,#9568,
#9569,#9570,#9571,#9572,#9573,#9574,#9575,#9576,#9577,#9578,#9579,#9580,
#9581,#9582,#9583,#9584,#9585,#9586,#9587,#9588,#9589,#9590,#9591,#9592,
#9593,#9594,#9595,#9596,#9597,#9598,#9599,#9600,#9601,#9602,#9603,#9604,
#9605,#9606,#9607,#9608,#9609,#9610,#9611,#9612,#9613,#9614,#9615,#9616,
#9617,#9618,#9619,#9620,#9621,#9622,#9623,#9624,#9625,#9626,#9627,#9628,
#9629,#9630,#9631,#9632,#9633,#9634,#9635,#9636,#9637,#9638,#9639,#9640,
#9641,#9642,#9643,#9644,#9645,#9646,#9647),(#9648,#9649,#9650,#9651,#9652,
#9653,#9654,#9655,#9656,#9657,#9658,#9659,#9660,#9661,#9662,#9663,#9664,
#9665,#9666,#9667,#9668,#9669,#9670,#9671,#9672,#9673,#9674,#9675,#9676,
#9677,#9678,#9679,#9680,#9681,#9682,#9683,#9684,#9685,#9686,#9687,#9688,
#9689,#9690,#9691,#9692,#9693,#9694,#9695,#9696,#9697,#9698,#9699,#9700,
#9701,#9702,#9703,#9704,#9705,#9706,#9707,#9708,#9709,#9710,#9711,#9712,
#9713,#9714,#9715,#9716,#9717,#9718,#9719,#9720,#9721,#9722,#9723,#9724,
#9725,#9726,#9727,#9728,#9729,#9730,#9731,#9732,#9733,#9734,#9735,#9736,
#9737,#9738,#9739,#9740,#9741,#9742,#9743,#9744,#9745,#9746,#9747,#9748,
#9749,#9750,#9751,#9752,#9753,#9754,#9755,#9756,#9757,#9758,#9759,#9760,
#9761,#9762,#9763,#9764,#9765,#9766,#9767,#9768,#9769,#9770,#9771,#9772,
#9773,#9774,#9775,#9776,#9777,#9778,#9779,#9780,#9781,#9782,#9783,#9784,
#9785),(#9786,#9787,#9788,#9789,#9790,#9791,#9792,#9793,#9794,#9795,#9796,
#9797,#9798,#9799,#9800,#9801,#9802,#9803,#9804,#9805,#9806,#9807,#9808,
#9809,#9810,#9811,#9812,#9813,#9814,#9815,#9816,#9817,#9818,#9819,#9820,
#9821,#9822,#9823,#9824,#9825,#9826,#9827,#9828,#9829,#9830,#9831,#9832,
#9833,#9834,#9835,#9836,#9837,#9838,#9839,#9840,#9841,#9842,#9843,#9844,
#9845,#9846,#9847,#9848,#9849,#9850,#9851,#9852,#9853,#9854,#9855,#9856,
#9857,#9858,#9859,#9860,#9861,#9862,#9863,#9864,#9865,#9866,#9867,#9868,
#9869,#9870,#9871,#9872,#9873,#9874,#9875,#9876,#9877,#9878,#9879,#9880,
#9881,#9882,#9883,#9884,#9885,#9886,#9887,#9888,#9889,#9890,#9891,#9892,
#9893,#9894,#9895,#9896,#9897,#9898,#9899,#9900,#9901,#9902,#9903,#9904,
#9905,#9906,#9907,#9908,#9909,#9910,#9911,#9912,#9913,#9914,#9915,#9916,
#9917,#9918,#9919,#9920,#9921,#9922,#9923),(#9924,#9925,#9926,#9927,#9928,
#9929,#9930,#9931,#9932,#9933,#9934,#9935,#9936,#9937,#9938,#9939,#9940,
#9941,#9942,#9943,#9944,#9945,#9946,#9947,#9948,#9949,#9950,#9951,#9952,
#9953,#9954,#9955,#9956,#9957,#9958,#9959,#9960,#9961,#9962,#9963,#9964,
#9965,#9966,#9967,#9968,#9969,#9970,#9971,#9972,#9973,#9974,#9975,#9976,
#9977,#9978,#9979,#9980,#9981,#9982,#9983,#9984,#9985,#9986,#9987,#9988,
#9989,#9990,#9991,#9992,#9993,#9994,#9995,#9996,#9997,#9998,#9999,#10000,
#10001,#10002,#10003,#10004,#10005,#10006,#10007,#10008,#10009,#10010,#10011,
#10012,#10013,#10014,#10015,#10016,#10017,#10018,#10019,#10020,#10021,#10022,
#10023,#10024,#10025,#10026,#10027,#10028,#10029,#10030,#10031,#10032,#10033,
#10034,#10035,#10036,#10037,#10038,#10039,#10040,#10041,#10042,#10043,#10044,
#10045,#10046,#10047,#10048,#10049,#10050,#10051,#10052,#10053,#10054,#10055,
#10056,#10057,#10058,#10059,#10060,#10061),(#10062,#10063,#10064,#10065,
#10066,#10067,#10068,#10069,#10070,#10071,#10072,#10073,#10074,#10075,#10076,
#10077,#10078,#10079,#10080,#10081,#10082,#10083,#10084,#10085,#10086,#10087,
#10088,#10089,#10090,#10091,#10092,#10093,#10094,#10095,#10096,#10097,#10098,
#10099,#10100,#10101,#10102,#10103,#10104,#10105,#10106,#10107,#10108,#10109,
#10110,#10111,#10112,#10113,#10114,#10115,#10116,#10117,#10118,#10119,#10120,
#10121,#10122,#10123,#10124,#10125,#10126,#10127,#10128,#10129,#10130,#10131,
#10132,#10133,#10134,#10135,#10136,#10137,#10138,#10139,#10140,#10141,#10142,
#10143,#10144,#10145,#10146,#10147,#10148,#10149,#10150,#10151,#10152,#10153,
#10154,#10155,#10156,#10157,#10158,#10159,#10160,#10161,#10162,#10163,#10164,
#10165,#10166,#10167,#10168,#10169,#10170,#10171,#10172,#10173,#10174,#10175,
#10176,#10177,#10178,#10179,#10180,#10181,#10182,#10183,#10184,#10185,#10186,
#10187,#10188,#10189,#10190,#10191,#10192,#10193,#10194,#10195,#10196,#10197,
#10198,#10199),(#10200,#10201,#10202,#10203,#10204,#10205,#10206,#10207,
#10208,#10209,#10210,#10211,#10212,#10213,#10214,#10215,#10216,#10217,#10218,
#10219,#10220,#10221,#10222,#10223,#10224,#10225,#10226,#10227,#10228,#10229,
#10230,#10231,#10232,#10233,#10234,#10235,#10236,#10237,#10238,#10239,#10240,
#10241,#10242,#10243,#10244,#10245,#10246,#10247,#10248,#10249,#10250,#10251,
#10252,#10253,#10254,#10255,#10256,#10257,#10258,#10259,#10260,#10261,#10262,
#10263,#10264,#10265,#10266,#10267,#10268,#10269,#10270,#10271,#10272,#10273,
#10274,#10275,#10276,#10277,#10278,#10279,#10280,#10281,#10282,#10283,#10284,
#10285,#10286,#10287,#10288,#10289,#10290,#10291,#10292,#10293,#10294,#10295,
#10296,#10297,#10298,#10299,#10300,#10301,#10302,#10303,#10304,#10305,#10306,
#10307,#10308,#10309,#10310,#10311,#10312,#10313,#10314,#10315,#10316,#10317,
#10318,#10319,#10320,#10321,#10322,#10323,#10324,#10325,#10326,#10327,#10328,
#10329,#10330,#10331,#10332,#10333,#10334,#10335,#10336,#10337),(#10338,
#10339,#10340,#10341,#10342,#10343,#10344,#10345,#10346,#10347,#10348,#10349,
#10350,#10351,#10352,#10353,#10354,#10355,#10356,#10357,#10358,#10359,#10360,
#10361,#10362,#10363,#10364,#10365,#10366,#10367,#10368,#10369,#10370,#10371,
#10372,#10373,#10374,#10375,#10376,#10377,#10378,#10379,#10380,#10381,#10382,
#10383,#10384,#10385,#10386,#10387,#10388,#10389,#10390,#10391,#10392,#10393,
#10394,#10395,#10396,#10397,#10398,#10399,#10400,#10401,#10402,#10403,#10404,
#10405,#10406,#10407,#10408,#10409,#10410,#10411,#10412,#10413,#10414,#10415,
#10416,#10417,#10418,#10419,#10420,#10421,#10422,#10423,#10424,#10425,#10426,
#10427,#10428,#10429,#10430,#10431,#10432,#10433,#10434,#10435,#10436,#10437,
#10438,#10439,#10440,#10441,#10442,#10443,#10444,#10445,#10446,#10447,#10448,
#10449,#10450,#10451,#10452,#10453,#10454,#10455,#10456,#10457,#10458,#10459,
#10460,#10461,#10462,#10463,#10464,#10465,#10466,#10467,#10468,#10469,#10470,
#10471,#10472,#10473,#10474,#10475),(#10476,#10477,#10478,#10479,#10480,
#10481,#10482,#10483,#10484,#10485,#10486,#10487,#10488,#10489,#10490,#10491,
#10492,#10493,#10494,#10495,#10496,#10497,#10498,#10499,#10500,#10501,#10502,
#10503,#10504,#10505,#10506,#10507,#10508,#10509,#10510,#10511,#10512,#10513,
#10514,#10515,#10516,#10517,#10518,#10519,#10520,#10521,#10522,#10523,#10524,
#10525,#10526,#10527,#10528,#10529,#10530,#10531,#10532,#10533,#10534,#10535,
#10536,#10537,#10538,#10539,#10540,#10541,#10542,#10543,#10544,#10545,#10546,
#10547,#10548,#10549,#10550,#10551,#10552,#10553,#10554,#10555,#10556,#10557,
#10558,#10559,#10560,#10561,#10562,#10563,#10564,#10565,#10566,#10567,#10568,
#10569,#10570,#10571,#10572,#10573,#10574,#10575,#10576,#10577,#10578,#10579,
#10580,#10581,#10582,#10583,#10584,#10585,#10586,#10587,#10588,#10589,#10590,
#10591,#10592,#10593,#10594,#10595,#10596,#10597,#10598,#10599,#10600,#10601,
#10602,#10603,#10604,#10605,#10606,#10607,#10608,#10609,#10610,#10611,#10612,
#10613),(#10614,#10615,#10616,#10617,#10618,#10619,#10620,#10621,#10622,
#10623,#10624,#10625,#10626,#10627,#10628,#10629,#10630,#10631,#10632,#10633,
#10634,#10635,#10636,#10637,#10638,#10639,#10640,#10641,#10642,#10643,#10644,
#10645,#10646,#10647,#10648,#10649,#10650,#10651,#10652,#10653,#10654,#10655,
#10656,#10657,#10658,#10659,#10660,#10661,#10662,#10663,#10664,#10665,#10666,
#10667,#10668,#10669,#10670,#10671,#10672,#10673,#10674,#10675,#10676,#10677,
#10678,#10679,#10680,#10681,#10682,#10683,#10684,#10685,#10686,#10687,#10688,
#10689,#10690,#10691,#10692,#10693,#10694,#10695,#10696,#10697,#10698,#10699,
#10700,#10701,#10702,#10703,#10704,#10705,#10706,#10707,#10708,#10709,#10710,
#10711,#10712,#10713,#10714,#10715,#10716,#10717,#10718,#10719,#10720,#10721,
#10722,#10723,#10724,#10725,#10726,#10727,#10728,#10729,#10730,#10731,#10732,
#10733,#10734,#10735,#10736,#10737,#10738,#10739,#10740,#10741,#10742,#10743,
#10744,#10745,#10746,#10747,#10748,#10749,#10750,#10751)),.UNSPECIFIED.,
 .T.,.F.,.F.,(4,2,2,2,4),(4,2,2,2,2,2,2,2,2,2,2,2,2,2,2,2,2,2,2,2,2,2,2,
2,2,2,2,2,2,2,2,2,2,2,2,2,2,2,2,2,2,2,2,2,2,2,2,2,2,2,2,2,2,2,2,2,2,2,2,
2,2,2,2,2,2,2,2,2,4),(0.,0.25,0.5,0.75,1.),(0.,0.012620823796991,0.0189312356954865,
0.025241647593982,0.0359223195073297,0.0466029914206773,0.057283663334025,
0.0679643352473727,0.0786450071607203,0.089325679074068,0.100006350987416,
0.110687022900763,0.121898854961832,0.133110687022901,0.155534351145038,
0.177958015267176,0.200381679389313,0.22280534351145,0.245229007633588,
0.267652671755725,0.290076335877863,0.3125,0.334923664122137,0.357347328244275,
0.379770992366412,0.40219465648855,0.424618320610687,0.447041984732824,
0.458253816793893,0.469465648854962,0.482824427480916,0.49618320610687,
0.509541984732824,0.516221374045801,0.522900763358779,0.536259541984733,
0.549618320610687,0.562977099236641,0.576335877862595,0.589575381679389,
0.602814885496183,0.616054389312977,0.629293893129771,0.642533396946565,
0.655772900763359,0.682251908396946,0.708730916030534,0.735209923664122,
0.76168893129771,0.788167938931298,0.814646946564885,0.841125954198473,
0.867604961832061,0.880844465648855,0.894083969465649,0.907323473282443,
0.91394322519084,0.920562977099237,0.927182729007634,0.933802480916031,
0.940422232824427,0.947041984732824,0.953661736641221,0.960281488549618,
0.966901240458015,0.973520992366412,0.980140744274809,0.986760496183206,
1.),.UNSPECIFIED.);
#74=B_SPLINE_SURFACE_WITH_KNOTS('',3,3,((#10941,#10942,#10943,#10944,#10945,
#10946,#10947,#10948,#10949,#10950,#10951,#10952,#10953,#10954,#10955,#10956,
#10957,#10958,#10959,#10960,#10961,#10962,#10963,#10964,#10965,#10966,#10967,
#10968,#10969,#10970,#10971,#10972,#10973,#10974,#10975,#10976,#10977,#10978,
#10979,#10980,#10981,#10982,#10983,#10984,#10985,#10986,#10987,#10988,#10989,
#10990,#10991,#10992,#10993,#10994,#10995,#10996,#10997,#10998,#10999,#11000,
#11001,#11002,#11003,#11004,#11005,#11006,#11007,#11008,#11009,#11010,#11011,
#11012,#11013,#11014,#11015,#11016,#11017,#11018,#11019,#11020,#11021,#11022,
#11023,#11024,#11025,#11026,#11027,#11028,#11029,#11030,#11031,#11032,#11033,
#11034,#11035,#11036,#11037,#11038,#11039,#11040,#11041,#11042,#11043,#11044,
#11045,#11046,#11047,#11048,#11049,#11050,#11051,#11052,#11053,#11054,#11055,
#11056,#11057,#11058,#11059,#11060,#11061,#11062,#11063,#11064,#11065,#11066,
#11067,#11068,#11069,#11070,#11071,#11072,#11073,#11074,#11075,#11076,#11077,
#11078),(#11079,#11080,#11081,#11082,#11083,#11084,#11085,#11086,#11087,
#11088,#11089,#11090,#11091,#11092,#11093,#11094,#11095,#11096,#11097,#11098,
#11099,#11100,#11101,#11102,#11103,#11104,#11105,#11106,#11107,#11108,#11109,
#11110,#11111,#11112,#11113,#11114,#11115,#11116,#11117,#11118,#11119,#11120,
#11121,#11122,#11123,#11124,#11125,#11126,#11127,#11128,#11129,#11130,#11131,
#11132,#11133,#11134,#11135,#11136,#11137,#11138,#11139,#11140,#11141,#11142,
#11143,#11144,#11145,#11146,#11147,#11148,#11149,#11150,#11151,#11152,#11153,
#11154,#11155,#11156,#11157,#11158,#11159,#11160,#11161,#11162,#11163,#11164,
#11165,#11166,#11167,#11168,#11169,#11170,#11171,#11172,#11173,#11174,#11175,
#11176,#11177,#11178,#11179,#11180,#11181,#11182,#11183,#11184,#11185,#11186,
#11187,#11188,#11189,#11190,#11191,#11192,#11193,#11194,#11195,#11196,#11197,
#11198,#11199,#11200,#11201,#11202,#11203,#11204,#11205,#11206,#11207,#11208,
#11209,#11210,#11211,#11212,#11213,#11214,#11215,#11216),(#11217,#11218,
#11219,#11220,#11221,#11222,#11223,#11224,#11225,#11226,#11227,#11228,#11229,
#11230,#11231,#11232,#11233,#11234,#11235,#11236,#11237,#11238,#11239,#11240,
#11241,#11242,#11243,#11244,#11245,#11246,#11247,#11248,#11249,#11250,#11251,
#11252,#11253,#11254,#11255,#11256,#11257,#11258,#11259,#11260,#11261,#11262,
#11263,#11264,#11265,#11266,#11267,#11268,#11269,#11270,#11271,#11272,#11273,
#11274,#11275,#11276,#11277,#11278,#11279,#11280,#11281,#11282,#11283,#11284,
#11285,#11286,#11287,#11288,#11289,#11290,#11291,#11292,#11293,#11294,#11295,
#11296,#11297,#11298,#11299,#11300,#11301,#11302,#11303,#11304,#11305,#11306,
#11307,#11308,#11309,#11310,#11311,#11312,#11313,#11314,#11315,#11316,#11317,
#11318,#11319,#11320,#11321,#11322,#11323,#11324,#11325,#11326,#11327,#11328,
#11329,#11330,#11331,#11332,#11333,#11334,#11335,#11336,#11337,#11338,#11339,
#11340,#11341,#11342,#11343,#11344,#11345,#11346,#11347,#11348,#11349,#11350,
#11351,#11352,#11353,#11354),(#11355,#11356,#11357,#11358,#11359,#11360,
#11361,#11362,#11363,#11364,#11365,#11366,#11367,#11368,#11369,#11370,#11371,
#11372,#11373,#11374,#11375,#11376,#11377,#11378,#11379,#11380,#11381,#11382,
#11383,#11384,#11385,#11386,#11387,#11388,#11389,#11390,#11391,#11392,#11393,
#11394,#11395,#11396,#11397,#11398,#11399,#11400,#11401,#11402,#11403,#11404,
#11405,#11406,#11407,#11408,#11409,#11410,#11411,#11412,#11413,#11414,#11415,
#11416,#11417,#11418,#11419,#11420,#11421,#11422,#11423,#11424,#11425,#11426,
#11427,#11428,#11429,#11430,#11431,#11432,#11433,#11434,#11435,#11436,#11437,
#11438,#11439,#11440,#11441,#11442,#11443,#11444,#11445,#11446,#11447,#11448,
#11449,#11450,#11451,#11452,#11453,#11454,#11455,#11456,#11457,#11458,#11459,
#11460,#11461,#11462,#11463,#11464,#11465,#11466,#11467,#11468,#11469,#11470,
#11471,#11472,#11473,#11474,#11475,#11476,#11477,#11478,#11479,#11480,#11481,
#11482,#11483,#11484,#11485,#11486,#11487,#11488,#11489,#11490,#11491,#11492),
(#11493,#11494,#11495,#11496,#11497,#11498,#11499,#11500,#11501,#11502,
#11503,#11504,#11505,#11506,#11507,#11508,#11509,#11510,#11511,#11512,#11513,
#11514,#11515,#11516,#11517,#11518,#11519,#11520,#11521,#11522,#11523,#11524,
#11525,#11526,#11527,#11528,#11529,#11530,#11531,#11532,#11533,#11534,#11535,
#11536,#11537,#11538,#11539,#11540,#11541,#11542,#11543,#11544,#11545,#11546,
#11547,#11548,#11549,#11550,#11551,#11552,#11553,#11554,#11555,#11556,#11557,
#11558,#11559,#11560,#11561,#11562,#11563,#11564,#11565,#11566,#11567,#11568,
#11569,#11570,#11571,#11572,#11573,#11574,#11575,#11576,#11577,#11578,#11579,
#11580,#11581,#11582,#11583,#11584,#11585,#11586,#11587,#11588,#11589,#11590,
#11591,#11592,#11593,#11594,#11595,#11596,#11597,#11598,#11599,#11600,#11601,
#11602,#11603,#11604,#11605,#11606,#11607,#11608,#11609,#11610,#11611,#11612,
#11613,#11614,#11615,#11616,#11617,#11618,#11619,#11620,#11621,#11622,#11623,
#11624,#11625,#11626,#11627,#11628,#11629,#11630),(#11631,#11632,#11633,
#11634,#11635,#11636,#11637,#11638,#11639,#11640,#11641,#11642,#11643,#11644,
#11645,#11646,#11647,#11648,#11649,#11650,#11651,#11652,#11653,#11654,#11655,
#11656,#11657,#11658,#11659,#11660,#11661,#11662,#11663,#11664,#11665,#11666,
#11667,#11668,#11669,#11670,#11671,#11672,#11673,#11674,#11675,#11676,#11677,
#11678,#11679,#11680,#11681,#11682,#11683,#11684,#11685,#11686,#11687,#11688,
#11689,#11690,#11691,#11692,#11693,#11694,#11695,#11696,#11697,#11698,#11699,
#11700,#11701,#11702,#11703,#11704,#11705,#11706,#11707,#11708,#11709,#11710,
#11711,#11712,#11713,#11714,#11715,#11716,#11717,#11718,#11719,#11720,#11721,
#11722,#11723,#11724,#11725,#11726,#11727,#11728,#11729,#11730,#11731,#11732,
#11733,#11734,#11735,#11736,#11737,#11738,#11739,#11740,#11741,#11742,#11743,
#11744,#11745,#11746,#11747,#11748,#11749,#11750,#11751,#11752,#11753,#11754,
#11755,#11756,#11757,#11758,#11759,#11760,#11761,#11762,#11763,#11764,#11765,
#11766,#11767,#11768),(#11769,#11770,#11771,#11772,#11773,#11774,#11775,
#11776,#11777,#11778,#11779,#11780,#11781,#11782,#11783,#11784,#11785,#11786,
#11787,#11788,#11789,#11790,#11791,#11792,#11793,#11794,#11795,#11796,#11797,
#11798,#11799,#11800,#11801,#11802,#11803,#11804,#11805,#11806,#11807,#11808,
#11809,#11810,#11811,#11812,#11813,#11814,#11815,#11816,#11817,#11818,#11819,
#11820,#11821,#11822,#11823,#11824,#11825,#11826,#11827,#11828,#11829,#11830,
#11831,#11832,#11833,#11834,#11835,#11836,#11837,#11838,#11839,#11840,#11841,
#11842,#11843,#11844,#11845,#11846,#11847,#11848,#11849,#11850,#11851,#11852,
#11853,#11854,#11855,#11856,#11857,#11858,#11859,#11860,#11861,#11862,#11863,
#11864,#11865,#11866,#11867,#11868,#11869,#11870,#11871,#11872,#11873,#11874,
#11875,#11876,#11877,#11878,#11879,#11880,#11881,#11882,#11883,#11884,#11885,
#11886,#11887,#11888,#11889,#11890,#11891,#11892,#11893,#11894,#11895,#11896,
#11897,#11898,#11899,#11900,#11901,#11902,#11903,#11904,#11905,#11906),
(#11907,#11908,#11909,#11910,#11911,#11912,#11913,#11914,#11915,#11916,
#11917,#11918,#11919,#11920,#11921,#11922,#11923,#11924,#11925,#11926,#11927,
#11928,#11929,#11930,#11931,#11932,#11933,#11934,#11935,#11936,#11937,#11938,
#11939,#11940,#11941,#11942,#11943,#11944,#11945,#11946,#11947,#11948,#11949,
#11950,#11951,#11952,#11953,#11954,#11955,#11956,#11957,#11958,#11959,#11960,
#11961,#11962,#11963,#11964,#11965,#11966,#11967,#11968,#11969,#11970,#11971,
#11972,#11973,#11974,#11975,#11976,#11977,#11978,#11979,#11980,#11981,#11982,
#11983,#11984,#11985,#11986,#11987,#11988,#11989,#11990,#11991,#11992,#11993,
#11994,#11995,#11996,#11997,#11998,#11999,#12000,#12001,#12002,#12003,#12004,
#12005,#12006,#12007,#12008,#12009,#12010,#12011,#12012,#12013,#12014,#12015,
#12016,#12017,#12018,#12019,#12020,#12021,#12022,#12023,#12024,#12025,#12026,
#12027,#12028,#12029,#12030,#12031,#12032,#12033,#12034,#12035,#12036,#12037,
#12038,#12039,#12040,#12041,#12042,#12043,#12044),(#12045,#12046,#12047,
#12048,#12049,#12050,#12051,#12052,#12053,#12054,#12055,#12056,#12057,#12058,
#12059,#12060,#12061,#12062,#12063,#12064,#12065,#12066,#12067,#12068,#12069,
#12070,#12071,#12072,#12073,#12074,#12075,#12076,#12077,#12078,#12079,#12080,
#12081,#12082,#12083,#12084,#12085,#12086,#12087,#12088,#12089,#12090,#12091,
#12092,#12093,#12094,#12095,#12096,#12097,#12098,#12099,#12100,#12101,#12102,
#12103,#12104,#12105,#12106,#12107,#12108,#12109,#12110,#12111,#12112,#12113,
#12114,#12115,#12116,#12117,#12118,#12119,#12120,#12121,#12122,#12123,#12124,
#12125,#12126,#12127,#12128,#12129,#12130,#12131,#12132,#12133,#12134,#12135,
#12136,#12137,#12138,#12139,#12140,#12141,#12142,#12143,#12144,#12145,#12146,
#12147,#12148,#12149,#12150,#12151,#12152,#12153,#12154,#12155,#12156,#12157,
#12158,#12159,#12160,#12161,#12162,#12163,#12164,#12165,#12166,#12167,#12168,
#12169,#12170,#12171,#12172,#12173,#12174,#12175,#12176,#12177,#12178,#12179,
#12180,#12181,#12182),(#12183,#12184,#12185,#12186,#12187,#12188,#12189,
#12190,#12191,#12192,#12193,#12194,#12195,#12196,#12197,#12198,#12199,#12200,
#12201,#12202,#12203,#12204,#12205,#12206,#12207,#12208,#12209,#12210,#12211,
#12212,#12213,#12214,#12215,#12216,#12217,#12218,#12219,#12220,#12221,#12222,
#12223,#12224,#12225,#12226,#12227,#12228,#12229,#12230,#12231,#12232,#12233,
#12234,#12235,#12236,#12237,#12238,#12239,#12240,#12241,#12242,#12243,#12244,
#12245,#12246,#12247,#12248,#12249,#12250,#12251,#12252,#12253,#12254,#12255,
#12256,#12257,#12258,#12259,#12260,#12261,#12262,#12263,#12264,#12265,#12266,
#12267,#12268,#12269,#12270,#12271,#12272,#12273,#12274,#12275,#12276,#12277,
#12278,#12279,#12280,#12281,#12282,#12283,#12284,#12285,#12286,#12287,#12288,
#12289,#12290,#12291,#12292,#12293,#12294,#12295,#12296,#12297,#12298,#12299,
#12300,#12301,#12302,#12303,#12304,#12305,#12306,#12307,#12308,#12309,#12310,
#12311,#12312,#12313,#12314,#12315,#12316,#12317,#12318,#12319,#12320)),
 .UNSPECIFIED.,.T.,.F.,.F.,(4,2,2,2,4),(4,2,2,2,2,2,2,2,2,2,2,2,2,2,2,2,
2,2,2,2,2,2,2,2,2,2,2,2,2,2,2,2,2,2,2,2,2,2,2,2,2,2,2,2,2,2,2,2,2,2,2,2,
2,2,2,2,2,2,2,2,2,2,2,2,2,2,2,2,4),(0.,0.25,0.5,0.75,1.),(0.,0.012620823796991,
0.0189312356954865,0.025241647593982,0.0359223195073297,0.0466029914206773,
0.057283663334025,0.0679643352473727,0.0786450071607203,0.089325679074068,
0.100006350987416,0.110687022900763,0.121898854961832,0.133110687022901,
0.155534351145038,0.177958015267176,0.200381679389313,0.22280534351145,
0.245229007633588,0.267652671755725,0.290076335877863,0.3125,0.334923664122137,
0.357347328244275,0.379770992366412,0.40219465648855,0.424618320610687,
0.447041984732824,0.458253816793893,0.469465648854962,0.482824427480916,
0.49618320610687,0.509541984732824,0.516221374045801,0.522900763358779,
0.536259541984733,0.549618320610687,0.562977099236641,0.576335877862595,
0.589575381679389,0.602814885496183,0.616054389312977,0.629293893129771,
0.642533396946565,0.655772900763359,0.682251908396946,0.708730916030534,
0.735209923664122,0.76168893129771,0.788167938931298,0.814646946564885,
0.841125954198473,0.867604961832061,0.880844465648855,0.894083969465649,
0.907323473282443,0.91394322519084,0.920562977099237,0.927182729007634,
0.933802480916031,0.940422232824427,0.947041984732824,0.953661736641221,
0.960281488549618,0.966901240458015,0.973520992366412,0.980140744274809,
0.986760496183206,1.),.UNSPECIFIED.);
#75=BREP_WITH_VOIDS('Body1',#6225,(#72));
#76=B_SPLINE_CURVE_WITH_KNOTS('',1,(#9141,#9142),.UNSPECIFIED.,.F.,.F.,
(2,2),(-88.0922811601561,-1.11022302462516E-15),.UNSPECIFIED.);
#77=B_SPLINE_CURVE_WITH_KNOTS('',1,(#9165,#9166),.UNSPECIFIED.,.F.,.F.,
(2,2),(-88.092281160156,2.29816166097407E-14),.UNSPECIFIED.);
#78=B_SPLINE_CURVE_WITH_KNOTS('',3,(#10754,#10755,#10756,#10757,#10758,
#10759,#10760,#10761,#10762,#10763,#10764,#10765,#10766,#10767,#10768,#10769,
#10770,#10771,#10772,#10773,#10774,#10775,#10776,#10777,#10778,#10779,#10780,
#10781,#10782,#10783,#10784,#10785,#10786,#10787,#10788,#10789,#10790,#10791,
#10792,#10793,#10794,#10795,#10796,#10797,#10798,#10799,#10800,#10801,#10802,
#10803,#10804,#10805,#10806,#10807),.UNSPECIFIED.,.F.,.F.,(4,2,2,2,2,2,
2,2,2,2,2,2,2,2,2,2,2,2,2,2,2,2,2,2,2,2,4),(-0.0219752684627615,-0.0218439635478097,
-0.0216850276435424,-0.021275671667248,-0.0203817356313337,-0.019187876987145,
-0.0183484924678016,-0.0173082976338237,-0.0160932396762848,-0.0149864312828746,
-0.0137710334541942,-0.0125811436039567,-0.0113948458328789,-0.0102305490860315,
-0.00901205914134485,-0.00791762655502264,-0.00670990964454418,-0.00529785201117367,
-0.0032829211073665,-0.00143802050518271,-0.000592376917818021,-0.000381856124991672,
-0.000271310684384286,-0.000196445083418851,-0.000126644962568399,-6.76647212103295E-5,
-9.99795252514567E-7),.UNSPECIFIED.);
#79=B_SPLINE_CURVE_WITH_KNOTS('',3,(#10809,#10810,#10811,#10812,#10813,
#10814,#10815,#10816),.UNSPECIFIED.,.F.,.F.,(4,2,2,4),(0.952408679878807,
0.953661736641221,0.960281488549618,0.960617040158054),.UNSPECIFIED.);
#80=B_SPLINE_CURVE_WITH_KNOTS('',3,(#10818,#10819,#10820,#10821,#10822,
#10823,#10824,#10825,#10826,#10827,#10828,#10829,#10830,#10831,#10832,#10833,
#10834,#10835,#10836,#10837,#10838,#10839,#10840,#10841,#10842,#10843,#10844,
#10845,#10846,#10847,#10848,#10849,#10850,#10851,#10852,#10853,#10854,#10855,
#10856,#10857,#10858,#10859,#10860,#10861,#10862,#10863,#10864,#10865,#10866,
#10867,#10868,#10869,#10870,#10871),.UNSPECIFIED.,.F.,.F.,(4,2,2,2,2,2,
2,2,2,2,2,2,2,2,2,2,2,2,2,2,2,2,2,2,2,2,4),(-0.0838253815141538,-0.0832696949734162,
-0.0825946170589554,-0.080851985740049,-0.0770677148121394,-0.071960638313616,
-0.0673481074007719,-0.0620610998018921,-0.0570711145247196,-0.0506439059404512,
-0.0419118129848472,-0.035977582353039,-0.0311230723347506,-0.0258437342833119,
-0.0207359530920323,-0.0156876733734409,-0.0108521762933899,-0.00684537082003802,
-0.00334838151699402,-0.00145861391985248,-0.000600225751162594,-0.000385207257547954,
-0.000274422358291159,-0.00020037783481854,-0.000132152013807238,-7.08739253492485E-5,
-9.99773053707587E-7),.UNSPECIFIED.);
#81=B_SPLINE_CURVE_WITH_KNOTS('',3,(#10872,#10873,#10874,#10875,#10876,
#10877),.UNSPECIFIED.,.F.,.F.,(4,2,4),(0.914240740946873,0.920562977099237,
0.922449101225313),.UNSPECIFIED.);
#82=B_SPLINE_CURVE_WITH_KNOTS('',3,(#10885,#10886,#10887,#10888,#10889,
#10890,#10891,#10892,#10893,#10894,#10895,#10896,#10897,#10898,#10899,#10900,
#10901,#10902,#10903,#10904,#10905,#10906,#10907,#10908,#10909,#10910,#10911,
#10912,#10913,#10914,#10915,#10916,#10917,#10918,#10919,#10920,#10921,#10922,
#10923,#10924,#10925,#10926,#10927,#10928,#10929,#10930,#10931,#10932,#10933,
#10934,#10935,#10936,#10937,#10938,#10939,#10940),.UNSPECIFIED.,.F.,.F.,
(4,2,2,2,2,2,2,2,2,2,2,2,2,2,2,2,2,2,2,2,2,2,2,2,2,2,2,4),(-0.0555046989227234,
-0.055410377727181,-0.055280513010634,-0.0549195576543967,-0.0539921222171214,
-0.0519834807603623,-0.0495442136783567,-0.0470198003271716,-0.0443062855820311,
-0.0415144483303996,-0.0389006396992565,-0.0353397648905239,-0.0302769845423812,
-0.0259370645212819,-0.022245859339194,-0.0183368515364158,-0.0147803254020881,
-0.0113372731266466,-0.00797764261423619,-0.00519377881773661,-0.00211289219183944,
-0.000777795269605744,-0.00043458706563074,-0.000301863323568725,-0.000221165103390425,
-0.00015345603916403,-8.29016974888686E-5,-9.99712123027656E-7),
 .UNSPECIFIED.);
#83=B_SPLINE_CURVE_WITH_KNOTS('',3,(#12321,#12322,#12323,#12324,#12325,
#12326,#12327,#12328,#12329,#12330,#12331,#12332,#12333,#12334,#12335,#12336,
#12337,#12338,#12339,#12340,#12341,#12342,#12343,#12344,#12345,#12346,#12347,
#12348,#12349,#12350,#12351,#12352,#12353,#12354,#12355,#12356,#12357,#12358,
#12359,#12360,#12361,#12362,#12363,#12364,#12365,#12366,#12367,#12368,#12369,
#12370,#12371,#12372,#12373,#12374,#12375,#12376),.UNSPECIFIED.,.F.,.F.,
(4,2,2,2,2,2,2,2,2,2,2,2,2,2,2,2,2,2,2,2,2,2,2,2,2,2,2,4),(-0.0383557205665571,
-0.0382890581305182,-0.0381971035864241,-0.0379409955370068,-0.0372806548777816,
-0.0358368593079805,-0.0341609754841037,-0.0328674440549914,-0.0317276676802835,
-0.0306118389187588,-0.0291827129549189,-0.0272109756301228,-0.0253924147574071,
-0.0230646766191294,-0.0194566432914298,-0.0163787558761343,-0.013846159413435,
-0.011204101565898,-0.00839040906028353,-0.00525198282659547,-0.00215252414903585,
-0.000778381379035704,-0.000457941703706796,-0.000320668508856429,-0.000235597155800012,
-0.000162603242037288,-8.77480054336489E-5,-9.99743154507737E-7),
 .UNSPECIFIED.);
#84=B_SPLINE_CURVE_WITH_KNOTS('',3,(#12409,#12410,#12411,#12412,#12413,
#12414,#12415,#12416,#12417,#12418,#12419,#12420,#12421,#12422,#12423,#12424,
#12425,#12426,#12427,#12428,#12429,#12430,#12431,#12432,#12433,#12434),
 .UNSPECIFIED.,.F.,.F.,(4,2,2,2,2,2,2,2,2,2,2,2,4),(0.121972530107376,0.149332331517792,
0.176692132928209,0.200399914781629,0.22217248749819,0.233058773856471,
0.243945060214752,0.254831346573033,0.265717632931313,0.287490205647875,
0.311197987501295,0.338557788911711,0.365917590322128),.UNSPECIFIED.);
#85=B_SPLINE_CURVE_WITH_KNOTS('',3,(#12452,#12453,#12454,#12455,#12456,
#12457,#12458,#12459,#12460,#12461,#12462,#12463,#12464,#12465,#12466,#12467,
#12468,#12469,#12470,#12471,#12472,#12473),.UNSPECIFIED.,.F.,.F.,(4,2,2,
2,2,2,2,2,2,2,4),(0.302821283670845,0.338825198308289,0.374829112945733,
0.403013446569474,0.428622686037871,0.454231925506267,0.479841164974664,
0.505450404443061,0.533634738066802,0.569638652704246,0.60564256734169),
 .UNSPECIFIED.);
#86=B_SPLINE_CURVE_WITH_KNOTS('',3,(#12908,#12909,#12910,#12911),
 .UNSPECIFIED.,.F.,.F.,(4,4),(2.35699182796189E-7,0.000142560931372086),
 .UNSPECIFIED.);
#87=B_SPLINE_CURVE_WITH_KNOTS('',3,(#12914,#12915,#12916,#12917),
 .UNSPECIFIED.,.F.,.F.,(4,4),(2.3489795757489E-7,0.000142560130146865),
 .UNSPECIFIED.);
#88=B_SPLINE_CURVE_WITH_KNOTS('',3,(#12923,#12924,#12925,#12926),
 .UNSPECIFIED.,.F.,.F.,(4,4),(2.35699182795808E-7,0.000142560931372085),
 .UNSPECIFIED.);
#89=B_SPLINE_CURVE_WITH_KNOTS('',3,(#12929,#12930,#12931,#12932),
 .UNSPECIFIED.,.F.,.F.,(4,4),(2.34897957574861E-7,0.000142560130146865),
 .UNSPECIFIED.);
#90=B_SPLINE_CURVE_WITH_KNOTS('',3,(#12937,#12938,#12939,#12940),
 .UNSPECIFIED.,.F.,.F.,(4,4),(2.34897957575378E-7,0.000142560130146865),
 .UNSPECIFIED.);
#91=B_SPLINE_CURVE_WITH_KNOTS('',3,(#12941,#12942,#12943,#12944),
 .UNSPECIFIED.,.F.,.F.,(4,4),(2.35699181643782E-7,0.000142560931370934),
 .UNSPECIFIED.);
#92=B_SPLINE_CURVE_WITH_KNOTS('',3,(#12949,#12950,#12951,#12952),
 .UNSPECIFIED.,.F.,.F.,(4,4),(2.34897957577941E-7,0.000142560130146868),
 .UNSPECIFIED.);
#93=B_SPLINE_CURVE_WITH_KNOTS('',3,(#12953,#12954,#12955,#12956),
 .UNSPECIFIED.,.F.,.F.,(4,4),(2.35699182622768E-7,0.000142560931371912),
 .UNSPECIFIED.);
#94=B_SPLINE_CURVE_WITH_KNOTS('',3,(#12961,#12962,#12963,#12964),
 .UNSPECIFIED.,.F.,.F.,(4,4),(2.34897957652343E-7,0.000142560130146942),
 .UNSPECIFIED.);
#95=B_SPLINE_CURVE_WITH_KNOTS('',3,(#12965,#12966,#12967,#12968),
 .UNSPECIFIED.,.F.,.F.,(4,4),(2.3569918275082E-7,0.00014256093137204),
 .UNSPECIFIED.);
#96=B_SPLINE_CURVE_WITH_KNOTS('',3,(#12973,#12974,#12975,#12976),
 .UNSPECIFIED.,.F.,.F.,(4,4),(2.34897957574897E-7,0.000142560130146865),
 .UNSPECIFIED.);
#97=B_SPLINE_CURVE_WITH_KNOTS('',3,(#12977,#12978,#12979,#12980),
 .UNSPECIFIED.,.F.,.F.,(4,4),(2.35699182736561E-7,0.000142560931372026),
 .UNSPECIFIED.);
#98=B_SPLINE_CURVE_WITH_KNOTS('',3,(#12985,#12986,#12987,#12988),
 .UNSPECIFIED.,.F.,.F.,(4,4),(2.34897957574868E-7,0.000142560130146865),
 .UNSPECIFIED.);
#99=B_SPLINE_CURVE_WITH_KNOTS('',3,(#12989,#12990,#12991,#12992),
 .UNSPECIFIED.,.F.,.F.,(4,4),(2.35699182795776E-7,0.000142560931372086),
 .UNSPECIFIED.);
#100=B_SPLINE_CURVE_WITH_KNOTS('',3,(#12997,#12998,#12999,#13000),
 .UNSPECIFIED.,.F.,.F.,(4,4),(2.34897957574894E-7,0.000142560130146865),
 .UNSPECIFIED.);
#101=B_SPLINE_CURVE_WITH_KNOTS('',3,(#13001,#13002,#13003,#13004),
 .UNSPECIFIED.,.F.,.F.,(4,4),(2.35699182795775E-7,0.000142560931372085),
 .UNSPECIFIED.);
#102=B_SPLINE_CURVE_WITH_KNOTS('',3,(#13009,#13010,#13011,#13012),
 .UNSPECIFIED.,.F.,.F.,(4,4),(2.34897957574893E-7,0.000142560130146865),
 .UNSPECIFIED.);
#103=B_SPLINE_CURVE_WITH_KNOTS('',3,(#13013,#13014,#13015,#13016),
 .UNSPECIFIED.,.F.,.F.,(4,4),(2.35699182796137E-7,0.000142560931372086),
 .UNSPECIFIED.);
#104=B_SPLINE_CURVE_WITH_KNOTS('',3,(#13021,#13022,#13023,#13024),
 .UNSPECIFIED.,.F.,.F.,(4,4),(2.3489795757488E-7,0.000142560130146865),
 .UNSPECIFIED.);
#105=B_SPLINE_CURVE_WITH_KNOTS('',3,(#13025,#13026,#13027,#13028),
 .UNSPECIFIED.,.F.,.F.,(4,4),(2.35699182796184E-7,0.000142560931372086),
 .UNSPECIFIED.);
#106=B_SPLINE_CURVE_WITH_KNOTS('',3,(#13033,#13034,#13035,#13036),
 .UNSPECIFIED.,.F.,.F.,(4,4),(2.34897957574892E-7,0.000142560130146865),
 .UNSPECIFIED.);
#107=B_SPLINE_CURVE_WITH_KNOTS('',3,(#13037,#13038,#13039,#13040),
 .UNSPECIFIED.,.F.,.F.,(4,4),(2.3569918279615E-7,0.000142560931372086),
 .UNSPECIFIED.);
#108=B_SPLINE_CURVE_WITH_KNOTS('',3,(#13045,#13046,#13047,#13048),
 .UNSPECIFIED.,.F.,.F.,(4,4),(2.34897957574856E-7,0.000142560130146865),
 .UNSPECIFIED.);
#109=B_SPLINE_CURVE_WITH_KNOTS('',3,(#13049,#13050,#13051,#13052),
 .UNSPECIFIED.,.F.,.F.,(4,4),(2.35699182795799E-7,0.000142560931372086),
 .UNSPECIFIED.);
#110=B_SPLINE_CURVE_WITH_KNOTS('',3,(#13057,#13058,#13059,#13060),
 .UNSPECIFIED.,.F.,.F.,(4,4),(2.34897957574888E-7,0.000142560130146865),
 .UNSPECIFIED.);
#111=B_SPLINE_CURVE_WITH_KNOTS('',3,(#13061,#13062,#13063,#13064),
 .UNSPECIFIED.,.F.,.F.,(4,4),(2.35699182795759E-7,0.000142560931372086),
 .UNSPECIFIED.);
#112=B_SPLINE_CURVE_WITH_KNOTS('',3,(#13069,#13070,#13071,#13072),
 .UNSPECIFIED.,.F.,.F.,(4,4),(2.34897957574884E-7,0.000142560130146865),
 .UNSPECIFIED.);
#113=B_SPLINE_CURVE_WITH_KNOTS('',3,(#13073,#13074,#13075,#13076),
 .UNSPECIFIED.,.F.,.F.,(4,4),(2.35699182796191E-7,0.000142560931372085),
 .UNSPECIFIED.);
#114=B_SPLINE_CURVE_WITH_KNOTS('',3,(#13081,#13082,#13083,#13084),
 .UNSPECIFIED.,.F.,.F.,(4,4),(2.34897957575829E-7,0.000142560130146865),
 .UNSPECIFIED.);
#115=B_SPLINE_CURVE_WITH_KNOTS('',3,(#13085,#13086,#13087,#13088),
 .UNSPECIFIED.,.F.,.F.,(4,4),(2.35699182796178E-7,0.000142560931372086),
 .UNSPECIFIED.);
#116=B_SPLINE_CURVE_WITH_KNOTS('',3,(#13093,#13094,#13095,#13096),
 .UNSPECIFIED.,.F.,.F.,(4,4),(2.34897957575386E-7,0.000142560130146865),
 .UNSPECIFIED.);
#117=B_SPLINE_CURVE_WITH_KNOTS('',3,(#13097,#13098,#13099,#13100),
 .UNSPECIFIED.,.F.,.F.,(4,4),(2.35699182352817E-7,0.000142560931371642),
 .UNSPECIFIED.);
#118=B_SPLINE_CURVE_WITH_KNOTS('',3,(#13105,#13106,#13107,#13108),
 .UNSPECIFIED.,.F.,.F.,(4,4),(2.34897957590709E-7,0.00014256013014688),
 .UNSPECIFIED.);
#119=B_SPLINE_CURVE_WITH_KNOTS('',3,(#13109,#13110,#13111,#13112),
 .UNSPECIFIED.,.F.,.F.,(4,4),(2.35699182719223E-7,0.000142560931372009),
 .UNSPECIFIED.);
#120=B_SPLINE_CURVE_WITH_KNOTS('',3,(#13117,#13118,#13119,#13120),
 .UNSPECIFIED.,.F.,.F.,(4,4),(2.34897957880481E-7,0.00014256013014717),
 .UNSPECIFIED.);
#121=B_SPLINE_CURVE_WITH_KNOTS('',3,(#13121,#13122,#13123,#13124),
 .UNSPECIFIED.,.F.,.F.,(4,4),(2.35699182754986E-7,0.000142560931372045),
 .UNSPECIFIED.);
#122=B_SPLINE_CURVE_WITH_KNOTS('',3,(#13129,#13130,#13131,#13132),
 .UNSPECIFIED.,.F.,.F.,(4,4),(2.34897957574867E-7,0.000142560130146864),
 .UNSPECIFIED.);
#123=B_SPLINE_CURVE_WITH_KNOTS('',3,(#13133,#13134,#13135,#13136),
 .UNSPECIFIED.,.F.,.F.,(4,4),(2.35699182795802E-7,0.000142560931372086),
 .UNSPECIFIED.);
#124=B_SPLINE_CURVE_WITH_KNOTS('',3,(#13141,#13142,#13143,#13144),
 .UNSPECIFIED.,.F.,.F.,(4,4),(2.34897957574889E-7,0.000142560130146864),
 .UNSPECIFIED.);
#125=B_SPLINE_CURVE_WITH_KNOTS('',3,(#13145,#13146,#13147,#13148),
 .UNSPECIFIED.,.F.,.F.,(4,4),(2.35699182796191E-7,0.000142560931372086),
 .UNSPECIFIED.);
#126=B_SPLINE_CURVE_WITH_KNOTS('',3,(#13153,#13154,#13155,#13156),
 .UNSPECIFIED.,.F.,.F.,(4,4),(2.34897957574837E-7,0.000142560130146864),
 .UNSPECIFIED.);
#127=B_SPLINE_CURVE_WITH_KNOTS('',3,(#13157,#13158,#13159,#13160),
 .UNSPECIFIED.,.F.,.F.,(4,4),(2.35699182795755E-7,0.000142560931372086),
 .UNSPECIFIED.);
#128=B_SPLINE_CURVE_WITH_KNOTS('',3,(#13165,#13166,#13167,#13168),
 .UNSPECIFIED.,.F.,.F.,(4,4),(2.34897957574846E-7,0.000142560130146865),
 .UNSPECIFIED.);
#129=B_SPLINE_CURVE_WITH_KNOTS('',3,(#13169,#13170,#13171,#13172),
 .UNSPECIFIED.,.F.,.F.,(4,4),(2.3569918279581E-7,0.000142560931372086),
 .UNSPECIFIED.);
#130=B_SPLINE_CURVE_WITH_KNOTS('',3,(#13177,#13178,#13179,#13180),
 .UNSPECIFIED.,.F.,.F.,(4,4),(2.34897957574863E-7,0.000142560130146865),
 .UNSPECIFIED.);
#131=B_SPLINE_CURVE_WITH_KNOTS('',3,(#13181,#13182,#13183,#13184),
 .UNSPECIFIED.,.F.,.F.,(4,4),(2.35699182796148E-7,0.000142560931372086),
 .UNSPECIFIED.);
#132=B_SPLINE_CURVE_WITH_KNOTS('',3,(#13189,#13190,#13191,#13192),
 .UNSPECIFIED.,.F.,.F.,(4,4),(2.34897957574906E-7,0.000142560130146865),
 .UNSPECIFIED.);
#133=B_SPLINE_CURVE_WITH_KNOTS('',3,(#13193,#13194,#13195,#13196),
 .UNSPECIFIED.,.F.,.F.,(4,4),(2.35699182796185E-7,0.000142560931372086),
 .UNSPECIFIED.);
#134=B_SPLINE_CURVE_WITH_KNOTS('',3,(#13201,#13202,#13203,#13204),
 .UNSPECIFIED.,.F.,.F.,(4,4),(2.34897957574822E-7,0.000142560130146864),
 .UNSPECIFIED.);
#135=B_SPLINE_CURVE_WITH_KNOTS('',3,(#13205,#13206,#13207,#13208),
 .UNSPECIFIED.,.F.,.F.,(4,4),(2.35699182796186E-7,0.000142560931372085),
 .UNSPECIFIED.);
#136=B_SPLINE_CURVE_WITH_KNOTS('',3,(#13213,#13214,#13215,#13216),
 .UNSPECIFIED.,.F.,.F.,(4,4),(2.34897957574882E-7,0.000142560130146865),
 .UNSPECIFIED.);
#137=B_SPLINE_CURVE_WITH_KNOTS('',3,(#13217,#13218,#13219,#13220),
 .UNSPECIFIED.,.F.,.F.,(4,4),(2.35699182796176E-7,0.000142560931372086),
 .UNSPECIFIED.);
#138=B_SPLINE_CURVE_WITH_KNOTS('',3,(#13225,#13226,#13227,#13228),
 .UNSPECIFIED.,.F.,.F.,(4,4),(2.34897957575332E-7,0.000142560130146865),
 .UNSPECIFIED.);
#139=B_SPLINE_CURVE_WITH_KNOTS('',3,(#13229,#13230,#13231,#13232),
 .UNSPECIFIED.,.F.,.F.,(4,4),(2.35699181643782E-7,0.000142560931370933),
 .UNSPECIFIED.);
#140=B_SPLINE_CURVE_WITH_KNOTS('',3,(#13237,#13238,#13239,#13240),
 .UNSPECIFIED.,.F.,.F.,(4,4),(2.34897957577941E-7,0.000142560130146868),
 .UNSPECIFIED.);
#141=B_SPLINE_CURVE_WITH_KNOTS('',3,(#13241,#13242,#13243,#13244),
 .UNSPECIFIED.,.F.,.F.,(4,4),(2.35699182622768E-7,0.000142560931371912),
 .UNSPECIFIED.);
#142=B_SPLINE_CURVE_WITH_KNOTS('',3,(#13249,#13250,#13251,#13252),
 .UNSPECIFIED.,.F.,.F.,(4,4),(2.34897957652343E-7,0.000142560130146942),
 .UNSPECIFIED.);
#143=B_SPLINE_CURVE_WITH_KNOTS('',3,(#13253,#13254,#13255,#13256),
 .UNSPECIFIED.,.F.,.F.,(4,4),(2.35699182750898E-7,0.000142560931372041),
 .UNSPECIFIED.);
#144=B_SPLINE_CURVE_WITH_KNOTS('',3,(#13261,#13262,#13263,#13264),
 .UNSPECIFIED.,.F.,.F.,(4,4),(2.34897957574841E-7,0.000142560130146864),
 .UNSPECIFIED.);
#145=B_SPLINE_CURVE_WITH_KNOTS('',3,(#13265,#13266,#13267,#13268),
 .UNSPECIFIED.,.F.,.F.,(4,4),(2.35699182736561E-7,0.000142560931372026),
 .UNSPECIFIED.);
#146=B_SPLINE_CURVE_WITH_KNOTS('',3,(#13273,#13274,#13275,#13276),
 .UNSPECIFIED.,.F.,.F.,(4,4),(2.34897957574868E-7,0.000142560130146865),
 .UNSPECIFIED.);
#147=B_SPLINE_CURVE_WITH_KNOTS('',3,(#13277,#13278,#13279,#13280),
 .UNSPECIFIED.,.F.,.F.,(4,4),(2.35699182796164E-7,0.000142560931372086),
 .UNSPECIFIED.);
#148=B_SPLINE_CURVE_WITH_KNOTS('',3,(#13285,#13286,#13287,#13288),
 .UNSPECIFIED.,.F.,.F.,(4,4),(2.34897957574837E-7,0.000142560130146865),
 .UNSPECIFIED.);
#149=B_SPLINE_CURVE_WITH_KNOTS('',3,(#13289,#13290,#13291,#13292),
 .UNSPECIFIED.,.F.,.F.,(4,4),(2.35699182796152E-7,0.000142560931372086),
 .UNSPECIFIED.);
#150=B_SPLINE_CURVE_WITH_KNOTS('',3,(#13295,#13296,#13297,#13298),
 .UNSPECIFIED.,.F.,.F.,(4,4),(2.35699182796186E-7,0.000142560931372086),
 .UNSPECIFIED.);
#151=B_SPLINE_CURVE_WITH_KNOTS('',3,(#13301,#13302,#13303,#13304),
 .UNSPECIFIED.,.F.,.F.,(4,4),(2.34897957574884E-7,0.000142560130146865),
 .UNSPECIFIED.);
#152=B_SPLINE_CURVE_WITH_KNOTS('',3,(#13307,#13308,#13309,#13310),
 .UNSPECIFIED.,.F.,.F.,(4,4),(2.35699182795758E-7,0.000142560931372086),
 .UNSPECIFIED.);
#153=B_SPLINE_CURVE_WITH_KNOTS('',3,(#13313,#13314,#13315,#13316),
 .UNSPECIFIED.,.F.,.F.,(4,4),(2.34897957574843E-7,0.000142560130146864),
 .UNSPECIFIED.);
#154=B_SPLINE_CURVE_WITH_KNOTS('',3,(#13319,#13320,#13321,#13322),
 .UNSPECIFIED.,.F.,.F.,(4,4),(2.35699182796148E-7,0.000142560931372086),
 .UNSPECIFIED.);
#155=B_SPLINE_CURVE_WITH_KNOTS('',3,(#13325,#13326,#13327,#13328),
 .UNSPECIFIED.,.F.,.F.,(4,4),(2.34897957574857E-7,0.000142560130146864),
 .UNSPECIFIED.);
#156=B_SPLINE_CURVE_WITH_KNOTS('',3,(#13330,#13331,#13332,#13333),
 .UNSPECIFIED.,.F.,.F.,(4,4),(2.35699182796189E-7,0.000142560931372086),
 .UNSPECIFIED.);
#157=B_SPLINE_CURVE_WITH_KNOTS('',3,(#13334,#13335,#13336,#13337),
 .UNSPECIFIED.,.F.,.F.,(4,4),(2.34897957574834E-7,0.000142560130146865),
 .UNSPECIFIED.);
#158=B_SPLINE_CURVE_WITH_KNOTS('',3,(#13340,#13341,#13342,#13343),
 .UNSPECIFIED.,.F.,.F.,(4,4),(2.35699182796181E-7,0.000142560931372085),
 .UNSPECIFIED.);
#159=B_SPLINE_CURVE_WITH_KNOTS('',3,(#13346,#13347,#13348,#13349),
 .UNSPECIFIED.,.F.,.F.,(4,4),(2.34897957574846E-7,0.000142560130146865),
 .UNSPECIFIED.);
#160=B_SPLINE_CURVE_WITH_KNOTS('',3,(#13352,#13353,#13354,#13355),
 .UNSPECIFIED.,.F.,.F.,(4,4),(2.3569918279618E-7,0.000142560931372086),
 .UNSPECIFIED.);
#161=B_SPLINE_CURVE_WITH_KNOTS('',3,(#13358,#13359,#13360,#13361),
 .UNSPECIFIED.,.F.,.F.,(4,4),(2.34897957574894E-7,0.000142560130146865),
 .UNSPECIFIED.);
#162=B_SPLINE_CURVE_WITH_KNOTS('',3,(#13364,#13365,#13366,#13367),
 .UNSPECIFIED.,.F.,.F.,(4,4),(2.35699182795804E-7,0.000142560931372085),
 .UNSPECIFIED.);
#163=B_SPLINE_CURVE_WITH_KNOTS('',3,(#13370,#13371,#13372,#13373),
 .UNSPECIFIED.,.F.,.F.,(4,4),(2.34897957574832E-7,0.000142560130146864),
 .UNSPECIFIED.);
#164=B_SPLINE_CURVE_WITH_KNOTS('',3,(#13376,#13377,#13378,#13379),
 .UNSPECIFIED.,.F.,.F.,(4,4),(2.35699182796192E-7,0.000142560931372086),
 .UNSPECIFIED.);
#165=B_SPLINE_CURVE_WITH_KNOTS('',3,(#13382,#13383,#13384,#13385),
 .UNSPECIFIED.,.F.,.F.,(4,4),(2.34897957574867E-7,0.000142560130146864),
 .UNSPECIFIED.);
#166=B_SPLINE_CURVE_WITH_KNOTS('',3,(#13388,#13389,#13390,#13391),
 .UNSPECIFIED.,.F.,.F.,(4,4),(2.35699182754953E-7,0.000142560931372045),
 .UNSPECIFIED.);
#167=B_SPLINE_CURVE_WITH_KNOTS('',3,(#13394,#13395,#13396,#13397),
 .UNSPECIFIED.,.F.,.F.,(4,4),(2.34897957880464E-7,0.00014256013014717),
 .UNSPECIFIED.);
#168=B_SPLINE_CURVE_WITH_KNOTS('',3,(#13400,#13401,#13402,#13403),
 .UNSPECIFIED.,.F.,.F.,(4,4),(2.35699182719223E-7,0.000142560931372009),
 .UNSPECIFIED.);
#169=B_SPLINE_CURVE_WITH_KNOTS('',3,(#13406,#13407,#13408,#13409),
 .UNSPECIFIED.,.F.,.F.,(4,4),(2.34897957590657E-7,0.00014256013014688),
 .UNSPECIFIED.);
#170=B_SPLINE_CURVE_WITH_KNOTS('',3,(#13412,#13413,#13414,#13415),
 .UNSPECIFIED.,.F.,.F.,(4,4),(2.35699182352891E-7,0.000142560931371642),
 .UNSPECIFIED.);
#171=B_SPLINE_CURVE_WITH_KNOTS('',3,(#13418,#13419,#13420,#13421),
 .UNSPECIFIED.,.F.,.F.,(4,4),(2.34897957575386E-7,0.000142560130146865),
 .UNSPECIFIED.);
#172=B_SPLINE_CURVE_WITH_KNOTS('',3,(#13424,#13425,#13426,#13427),
 .UNSPECIFIED.,.F.,.F.,(4,4),(2.35699182795754E-7,0.000142560931372085),
 .UNSPECIFIED.);
#173=B_SPLINE_CURVE_WITH_KNOTS('',3,(#13430,#13431,#13432,#13433),
 .UNSPECIFIED.,.F.,.F.,(4,4),(2.34897957575358E-7,0.000142560130146865),
 .UNSPECIFIED.);
#174=B_SPLINE_CURVE_WITH_KNOTS('',3,(#13436,#13437,#13438,#13439),
 .UNSPECIFIED.,.F.,.F.,(4,4),(2.35699182795766E-7,0.000142560931372086),
 .UNSPECIFIED.);
#175=B_SPLINE_CURVE_WITH_KNOTS('',3,(#13442,#13443,#13444,#13445),
 .UNSPECIFIED.,.F.,.F.,(4,4),(2.34897957574884E-7,0.000142560130146865),
 .UNSPECIFIED.);
#176=B_SPLINE_CURVE_WITH_KNOTS('',3,(#13448,#13449,#13450,#13451),
 .UNSPECIFIED.,.F.,.F.,(4,4),(2.35699182795759E-7,0.000142560931372086),
 .UNSPECIFIED.);
#177=B_SPLINE_CURVE_WITH_KNOTS('',3,(#13454,#13455,#13456,#13457),
 .UNSPECIFIED.,.F.,.F.,(4,4),(2.34897957574843E-7,0.000142560130146865),
 .UNSPECIFIED.);
#178=B_SPLINE_CURVE_WITH_KNOTS('',3,(#13460,#13461,#13462,#13463),
 .UNSPECIFIED.,.F.,.F.,(4,4),(2.35699182796168E-7,0.000142560931372086),
 .UNSPECIFIED.);
#179=B_SPLINE_CURVE_WITH_KNOTS('',3,(#13466,#13467,#13468,#13469),
 .UNSPECIFIED.,.F.,.F.,(4,4),(2.34897957574849E-7,0.000142560130146864),
 .UNSPECIFIED.);
#180=B_SPLINE_CURVE_WITH_KNOTS('',3,(#13472,#13473,#13474,#13475),
 .UNSPECIFIED.,.F.,.F.,(4,4),(2.3569918279578E-7,0.000142560931372086),
 .UNSPECIFIED.);
#181=B_SPLINE_CURVE_WITH_KNOTS('',3,(#13478,#13479,#13480,#13481),
 .UNSPECIFIED.,.F.,.F.,(4,4),(2.34897957574892E-7,0.000142560130146865),
 .UNSPECIFIED.);
#182=B_SPLINE_CURVE_WITH_KNOTS('',3,(#13486,#13487,#13488,#13489),
 .UNSPECIFIED.,.F.,.F.,(4,4),(2.34897957574893E-7,0.000142560130146865),
 .UNSPECIFIED.);
#183=B_SPLINE_CURVE_WITH_KNOTS('',3,(#13490,#13491,#13492,#13493),
 .UNSPECIFIED.,.F.,.F.,(4,4),(2.3569918279619E-7,0.000142560931372086),
 .UNSPECIFIED.);
#184=B_SPLINE_CURVE_WITH_KNOTS('',3,(#13933,#13934,#13935,#13936),
 .UNSPECIFIED.,.F.,.F.,(4,4),(2.34897957574823E-7,0.000142560130146864),
 .UNSPECIFIED.);
#185=B_SPLINE_CURVE_WITH_KNOTS('',3,(#13937,#13938,#13939,#13940),
 .UNSPECIFIED.,.F.,.F.,(4,4),(2.35699182796184E-7,0.000142560931372086),
 .UNSPECIFIED.);
#186=(
BOUNDED_SURFACE()
B_SPLINE_SURFACE(1,2,((#9120,#9121,#9122,#9123,#9124,#9125,#9126,#9127,
#9128),(#9129,#9130,#9131,#9132,#9133,#9134,#9135,#9136,#9137)),
 .UNSPECIFIED.,.F.,.T.,.F.)
B_SPLINE_SURFACE_WITH_KNOTS((2,2),(3,2,2,2,3),(-0.663488726207034,88.9998894326382),
(-3.14159265358979,-1.5707963267949,0.,1.5707963267949,3.14159265358979),
 .UNSPECIFIED.)
GEOMETRIC_REPRESENTATION_ITEM()
RATIONAL_B_SPLINE_SURFACE(((1.,0.707106781186548,1.,0.707106781186548,1.,
0.707106781186548,1.,0.707106781186548,1.),(1.,0.707106781186548,1.,0.707106781186548,
1.,0.707106781186548,1.,0.707106781186548,1.)))
REPRESENTATION_ITEM('')
SURFACE()
);
#187=(
BOUNDED_SURFACE()
B_SPLINE_SURFACE(1,2,((#9146,#9147,#9148,#9149,#9150,#9151,#9152,#9153,
#9154),(#9155,#9156,#9157,#9158,#9159,#9160,#9161,#9162,#9163)),
 .UNSPECIFIED.,.F.,.T.,.F.)
B_SPLINE_SURFACE_WITH_KNOTS((2,2),(3,2,2,2,3),(-0.828185575282709,88.7557698863631),
(-3.14159265358979,-1.5707963267949,0.,1.5707963267949,3.14159265358979),
 .UNSPECIFIED.)
GEOMETRIC_REPRESENTATION_ITEM()
RATIONAL_B_SPLINE_SURFACE(((1.,0.707106781186548,1.,0.707106781186548,1.,
0.707106781186548,1.,0.707106781186548,1.),(1.,0.707106781186548,1.,0.707106781186548,
1.,0.707106781186548,1.,0.707106781186548,1.)))
REPRESENTATION_ITEM('')
SURFACE()
);
#188=ELLIPSE('',#6382,27.435743110038,19.4);
#189=ELLIPSE('',#6383,27.435743110038,19.4);
#190=ELLIPSE('',#6385,27.435743110038,19.4);
#191=ELLIPSE('',#6388,27.435743110038,19.4);
#192=ELLIPSE('',#6389,27.435743110038,19.4);
#193=ELLIPSE('',#6390,27.435743110038,19.4);
#194=ELLIPSE('',#6391,27.435743110038,19.4);
#195=ELLIPSE('',#6393,29.698484809835,21.);
#196=ELLIPSE('',#6394,29.698484809835,21.);
#197=ELLIPSE('',#6396,29.698484809835,21.);
#198=ELLIPSE('',#6397,29.698484809835,21.);
#199=ELLIPSE('',#6400,29.698484809835,21.);
#200=ELLIPSE('',#6401,29.698484809835,21.);
#201=ELLIPSE('',#6402,29.698484809835,21.);
#202=ELLIPSE('',#6449,0.05,0.0465116279069768);
#203=ELLIPSE('',#6450,0.05,0.0465116279069768);
#204=TOROIDAL_SURFACE('',#6353,23.3349351572897,2.5);
#205=TOROIDAL_SURFACE('',#6359,24.15,2.5);
#206=TOROIDAL_SURFACE('',#6364,23.3349351572897,2.5);
#207=SHAPE_REPRESENTATION_RELATIONSHIP('SRR','None',#14133,#215);
#208=SHAPE_REPRESENTATION_RELATIONSHIP('SRR','None',#14134,#216);
#209=SHAPE_REPRESENTATION_RELATIONSHIP('SRR','None',#14135,#217);
#210=SHAPE_REPRESENTATION_RELATIONSHIP('SRR','None',#14136,#218);
#211=SHAPE_REPRESENTATION_RELATIONSHIP('SRR','None',#14137,#219);
#212=SHAPE_REPRESENTATION_RELATIONSHIP('SRR','None',#14138,#220);
#213=SHAPE_REPRESENTATION_RELATIONSHIP('SRR','None',#14139,#221);
#214=SHAPE_REPRESENTATION_RELATIONSHIP('SRR','None',#14140,#222);
#215=ADVANCED_BREP_SHAPE_REPRESENTATION('',(#249),#14086);
#216=ADVANCED_BREP_SHAPE_REPRESENTATION('',(#250),#14087);
#217=ADVANCED_BREP_SHAPE_REPRESENTATION('',(#251),#14088);
#218=ADVANCED_BREP_SHAPE_REPRESENTATION('',(#252),#14089);
#219=ADVANCED_BREP_SHAPE_REPRESENTATION('',(#253),#14090);
#220=ADVANCED_BREP_SHAPE_REPRESENTATION('',(#254),#14091);
#221=ADVANCED_BREP_SHAPE_REPRESENTATION('',(#255),#14092);
#222=ADVANCED_BREP_SHAPE_REPRESENTATION('',(#75),#14093);
#223=STYLED_ITEM('',(#14181),#249);
#224=STYLED_ITEM('',(#14182),#5856);
#225=STYLED_ITEM('',(#14182),#5857);
#226=STYLED_ITEM('',(#14182),#5858);
#227=STYLED_ITEM('',(#14182),#5859);
#228=STYLED_ITEM('',(#14182),#5860);
#229=STYLED_ITEM('',(#14183),#5861);
#230=STYLED_ITEM('',(#14183),#5862);
#231=STYLED_ITEM('',(#14183),#5863);
#232=STYLED_ITEM('',(#14183),#5864);
#233=STYLED_ITEM('',(#14183),#5865);
#234=STYLED_ITEM('',(#14183),#5866);
#235=STYLED_ITEM('',(#14183),#5867);
#236=STYLED_ITEM('',(#14181),#250);
#237=STYLED_ITEM('',(#14183),#251);
#238=STYLED_ITEM('',(#14183),#5899);
#239=STYLED_ITEM('',(#14183),#5900);
#240=STYLED_ITEM('',(#14183),#5903);
#241=STYLED_ITEM('',(#14183),#5904);
#242=STYLED_ITEM('',(#14184),#5907);
#243=STYLED_ITEM('',(#14184),#5908);
#244=STYLED_ITEM('',(#14181),#252);
#245=STYLED_ITEM('',(#14184),#253);
#246=STYLED_ITEM('',(#14185),#254);
#247=STYLED_ITEM('',(#14181),#255);
#248=STYLED_ITEM('',(#14186),#75);
#249=MANIFOLD_SOLID_BREP('Body1',#6217);
#250=MANIFOLD_SOLID_BREP('Body1',#6218);
#251=MANIFOLD_SOLID_BREP('Body1',#6219);
#252=MANIFOLD_SOLID_BREP('Filament',#6220);
#253=MANIFOLD_SOLID_BREP('Body1',#6221);
#254=MANIFOLD_SOLID_BREP('Body1',#6222);
#255=MANIFOLD_SOLID_BREP('Body1',#6223);
#256=CONICAL_SURFACE('',#6339,27.5,1.3016288340092);
#257=CONICAL_SURFACE('',#6407,27.5,1.28641155020104);
#258=CONICAL_SURFACE('',#6416,27.5,1.28641155020104);
#259=CONICAL_SURFACE('',#6433,27.5,1.28641155020104);
#260=CONICAL_SURFACE('',#6442,27.5,1.28641155020104);
#261=CONICAL_SURFACE('',#6534,0.65405,1.2915436464758);
#262=CONICAL_SURFACE('',#6537,0.482599999999999,1.02974425867666);
#263=CONICAL_SURFACE('',#6656,0.83185,0.523598775598293);
#264=CONICAL_SURFACE('',#6661,0.9017,0.523598775598292);
#265=CONICAL_SURFACE('',#6664,0.9017,0.523598775598292);
#266=CONICAL_SURFACE('',#6666,0.9017,0.523598775598292);
#267=CONICAL_SURFACE('',#6668,0.9017,0.523598775598292);
#268=CONICAL_SURFACE('',#6670,0.9017,0.523598775598292);
#269=CONICAL_SURFACE('',#6672,0.9017,0.523598775598292);
#270=CONICAL_SURFACE('',#6674,0.9017,0.523598775598292);
#271=CONICAL_SURFACE('',#6676,0.9017,0.523598775598292);
#272=CONICAL_SURFACE('',#6678,0.9017,0.523598775598292);
#273=CONICAL_SURFACE('',#6680,0.9017,0.523598775598292);
#274=CONICAL_SURFACE('',#6682,0.9017,0.523598775598292);
#275=CONICAL_SURFACE('',#6684,0.9017,0.523598775598292);
#276=CONICAL_SURFACE('',#6686,0.9017,0.523598775598292);
#277=CONICAL_SURFACE('',#6688,0.9017,0.523598775598292);
#278=CONICAL_SURFACE('',#6690,0.9017,0.523598775598292);
#279=CONICAL_SURFACE('',#6692,0.9017,0.523598775598292);
#280=CONICAL_SURFACE('',#6694,0.9017,0.523598775598292);
#281=CONICAL_SURFACE('',#6696,0.9017,0.523598775598292);
#282=CONICAL_SURFACE('',#6698,0.9017,0.523598775598292);
#283=CONICAL_SURFACE('',#6700,0.9017,0.523598775598292);
#284=CONICAL_SURFACE('',#6702,0.9017,0.523598775598292);
#285=CONICAL_SURFACE('',#6704,0.9017,0.523598775598292);
#286=CONICAL_SURFACE('',#6706,0.9017,0.523598775598292);
#287=CONICAL_SURFACE('',#6708,0.9017,0.523598775598292);
#288=CONICAL_SURFACE('',#6710,0.9017,0.523598775598292);
#289=CONICAL_SURFACE('',#6712,0.9017,0.523598775598292);
#290=CONICAL_SURFACE('',#6714,0.9017,0.523598775598292);
#291=CONICAL_SURFACE('',#6716,0.9017,0.523598775598292);
#292=CONICAL_SURFACE('',#6718,0.9017,0.523598775598292);
#293=CONICAL_SURFACE('',#6720,0.9017,0.523598775598292);
#294=CONICAL_SURFACE('',#6722,0.9017,0.523598775598292);
#295=CONICAL_SURFACE('',#6724,0.9017,0.523598775598292);
#296=CONICAL_SURFACE('',#6726,0.9017,0.523598775598292);
#297=CONICAL_SURFACE('',#6728,0.9017,0.523598775598292);
#298=CONICAL_SURFACE('',#6730,0.9017,0.523598775598292);
#299=CONICAL_SURFACE('',#6732,0.9017,0.523598775598292);
#300=CONICAL_SURFACE('',#6733,0.9017,0.523598775598292);
#301=CONICAL_SURFACE('',#6735,0.9017,0.523598775598292);
#302=CONICAL_SURFACE('',#6737,0.9017,0.523598775598292);
#303=CONICAL_SURFACE('',#6739,0.9017,0.523598775598292);
#304=CONICAL_SURFACE('',#6741,0.9017,0.523598775598292);
#305=CONICAL_SURFACE('',#6743,0.9017,0.523598775598292);
#306=CONICAL_SURFACE('',#6745,0.9017,0.523598775598292);
#307=CONICAL_SURFACE('',#6747,0.9017,0.523598775598292);
#308=CONICAL_SURFACE('',#6749,0.9017,0.523598775598292);
#309=CONICAL_SURFACE('',#6751,0.9017,0.523598775598292);
#310=CONICAL_SURFACE('',#6753,0.9017,0.523598775598292);
#311=CONICAL_SURFACE('',#6755,0.9017,0.523598775598292);
#312=CONICAL_SURFACE('',#6757,0.9017,0.523598775598292);
#313=CONICAL_SURFACE('',#6904,0.9017,0.523598775598292);
#314=FACE_BOUND('',#1008,.T.);
#315=FACE_BOUND('',#1009,.T.);
#316=FACE_BOUND('',#1010,.T.);
#317=FACE_BOUND('',#1011,.T.);
#318=FACE_BOUND('',#1016,.T.);
#319=FACE_BOUND('',#1018,.T.);
#320=FACE_BOUND('',#1021,.T.);
#321=FACE_BOUND('',#1022,.T.);
#322=FACE_BOUND('',#1023,.T.);
#323=FACE_BOUND('',#1024,.T.);
#324=FACE_BOUND('',#1025,.T.);
#325=FACE_BOUND('',#1026,.T.);
#326=FACE_BOUND('',#1029,.T.);
#327=FACE_BOUND('',#1032,.T.);
#328=FACE_BOUND('',#1035,.T.);
#329=FACE_BOUND('',#1037,.T.);
#330=FACE_BOUND('',#1040,.T.);
#331=FACE_BOUND('',#1044,.T.);
#332=FACE_BOUND('',#1051,.T.);
#333=FACE_BOUND('',#1055,.T.);
#334=FACE_BOUND('',#1058,.T.);
#335=FACE_BOUND('',#1062,.T.);
#336=FACE_BOUND('',#1069,.T.);
#337=FACE_BOUND('',#1073,.T.);
#338=FACE_BOUND('',#1076,.T.);
#339=FACE_BOUND('',#1080,.T.);
#340=FACE_BOUND('',#1086,.T.);
#341=FACE_BOUND('',#1091,.T.);
#342=FACE_BOUND('',#1095,.T.);
#343=FACE_BOUND('',#1096,.T.);
#344=FACE_BOUND('',#1098,.T.);
#345=FACE_BOUND('',#1099,.T.);
#346=FACE_BOUND('',#1117,.T.);
#347=FACE_BOUND('',#1121,.T.);
#348=FACE_BOUND('',#1123,.T.);
#349=FACE_BOUND('',#1126,.T.);
#350=FACE_BOUND('',#1132,.T.);
#351=FACE_BOUND('',#1133,.T.);
#352=FACE_BOUND('',#1143,.T.);
#353=FACE_BOUND('',#1146,.T.);
#354=FACE_BOUND('',#1156,.T.);
#355=FACE_BOUND('',#1157,.T.);
#356=FACE_BOUND('',#1158,.T.);
#357=FACE_BOUND('',#1159,.T.);
#358=FACE_BOUND('',#1160,.T.);
#359=FACE_BOUND('',#1161,.T.);
#360=FACE_BOUND('',#1162,.T.);
#361=FACE_BOUND('',#1163,.T.);
#362=FACE_BOUND('',#1164,.T.);
#363=FACE_BOUND('',#1165,.T.);
#364=FACE_BOUND('',#1166,.T.);
#365=FACE_BOUND('',#1167,.T.);
#366=FACE_BOUND('',#1168,.T.);
#367=FACE_BOUND('',#1169,.T.);
#368=FACE_BOUND('',#1170,.T.);
#369=FACE_BOUND('',#1171,.T.);
#370=FACE_BOUND('',#1172,.T.);
#371=FACE_BOUND('',#1173,.T.);
#372=FACE_BOUND('',#1174,.T.);
#373=FACE_BOUND('',#1175,.T.);
#374=FACE_BOUND('',#1176,.T.);
#375=FACE_BOUND('',#1177,.T.);
#376=FACE_BOUND('',#1178,.T.);
#377=FACE_BOUND('',#1179,.T.);
#378=FACE_BOUND('',#1180,.T.);
#379=FACE_BOUND('',#1181,.T.);
#380=FACE_BOUND('',#1182,.T.);
#381=FACE_BOUND('',#1183,.T.);
#382=FACE_BOUND('',#1184,.T.);
#383=FACE_BOUND('',#1185,.T.);
#384=FACE_BOUND('',#1186,.T.);
#385=FACE_BOUND('',#1187,.T.);
#386=FACE_BOUND('',#1188,.T.);
#387=FACE_BOUND('',#1189,.T.);
#388=FACE_BOUND('',#1190,.T.);
#389=FACE_BOUND('',#1191,.T.);
#390=FACE_BOUND('',#1192,.T.);
#391=FACE_BOUND('',#1193,.T.);
#392=FACE_BOUND('',#1194,.T.);
#393=FACE_BOUND('',#1195,.T.);
#394=FACE_BOUND('',#1196,.T.);
#395=FACE_BOUND('',#1197,.T.);
#396=FACE_BOUND('',#1198,.T.);
#397=FACE_BOUND('',#1199,.T.);
#398=FACE_BOUND('',#1200,.T.);
#399=FACE_BOUND('',#1201,.T.);
#400=FACE_BOUND('',#1202,.T.);
#401=FACE_BOUND('',#1203,.T.);
#402=FACE_BOUND('',#1204,.T.);
#403=FACE_BOUND('',#1358,.T.);
#404=FACE_BOUND('',#1360,.T.);
#405=FACE_BOUND('',#1463,.T.);
#406=FACE_BOUND('',#1465,.T.);
#407=FACE_BOUND('',#1469,.T.);
#408=PLANE('',#6332);
#409=PLANE('',#6336);
#410=PLANE('',#6337);
#411=PLANE('',#6347);
#412=PLANE('',#6348);
#413=PLANE('',#6351);
#414=PLANE('',#6357);
#415=PLANE('',#6362);
#416=PLANE('',#6367);
#417=PLANE('',#6369);
#418=PLANE('',#6373);
#419=PLANE('',#6379);
#420=PLANE('',#6406);
#421=PLANE('',#6411);
#422=PLANE('',#6415);
#423=PLANE('',#6420);
#424=PLANE('',#6432);
#425=PLANE('',#6437);
#426=PLANE('',#6441);
#427=PLANE('',#6446);
#428=PLANE('',#6458);
#429=PLANE('',#6459);
#430=PLANE('',#6466);
#431=PLANE('',#6467);
#432=PLANE('',#6471);
#433=PLANE('',#6472);
#434=PLANE('',#6474);
#435=PLANE('',#6475);
#436=PLANE('',#6476);
#437=PLANE('',#6477);
#438=PLANE('',#6478);
#439=PLANE('',#6479);
#440=PLANE('',#6480);
#441=PLANE('',#6481);
#442=PLANE('',#6482);
#443=PLANE('',#6483);
#444=PLANE('',#6487);
#445=PLANE('',#6491);
#446=PLANE('',#6492);
#447=PLANE('',#6493);
#448=PLANE('',#6494);
#449=PLANE('',#6496);
#450=PLANE('',#6497);
#451=PLANE('',#6498);
#452=PLANE('',#6500);
#453=PLANE('',#6501);
#454=PLANE('',#6502);
#455=PLANE('',#6507);
#456=PLANE('',#6508);
#457=PLANE('',#6509);
#458=PLANE('',#6514);
#459=PLANE('',#6515);
#460=PLANE('',#6520);
#461=PLANE('',#6521);
#462=PLANE('',#6526);
#463=PLANE('',#6527);
#464=PLANE('',#6663);
#465=PLANE('',#6855);
#466=PLANE('',#6856);
#467=PLANE('',#6857);
#468=PLANE('',#6858);
#469=PLANE('',#6859);
#470=PLANE('',#6860);
#471=PLANE('',#6861);
#472=PLANE('',#6862);
#473=PLANE('',#6863);
#474=PLANE('',#6864);
#475=PLANE('',#6865);
#476=PLANE('',#6866);
#477=PLANE('',#6867);
#478=PLANE('',#6868);
#479=PLANE('',#6869);
#480=PLANE('',#6870);
#481=PLANE('',#6871);
#482=PLANE('',#6872);
#483=PLANE('',#6873);
#484=PLANE('',#6874);
#485=PLANE('',#6875);
#486=PLANE('',#6876);
#487=PLANE('',#6877);
#488=PLANE('',#6878);
#489=PLANE('',#6879);
#490=PLANE('',#6880);
#491=PLANE('',#6881);
#492=PLANE('',#6882);
#493=PLANE('',#6883);
#494=PLANE('',#6884);
#495=PLANE('',#6885);
#496=PLANE('',#6886);
#497=PLANE('',#6887);
#498=PLANE('',#6888);
#499=PLANE('',#6889);
#500=PLANE('',#6890);
#501=PLANE('',#6891);
#502=PLANE('',#6892);
#503=PLANE('',#6893);
#504=PLANE('',#6894);
#505=PLANE('',#6895);
#506=PLANE('',#6896);
#507=PLANE('',#6897);
#508=PLANE('',#6898);
#509=PLANE('',#6899);
#510=PLANE('',#6900);
#511=PLANE('',#6901);
#512=PLANE('',#6902);
#513=PLANE('',#6903);
#514=PLANE('',#6908);
#515=PLANE('',#6909);
#516=PLANE('',#6910);
#517=PLANE('',#6911);
#518=PLANE('',#6912);
#519=PLANE('',#6913);
#520=PLANE('',#6914);
#521=PLANE('',#6915);
#522=PLANE('',#6916);
#523=PLANE('',#6917);
#524=PLANE('',#6918);
#525=PLANE('',#6919);
#526=PLANE('',#6920);
#527=PLANE('',#6921);
#528=PLANE('',#6922);
#529=PLANE('',#6923);
#530=PLANE('',#6924);
#531=PLANE('',#6925);
#532=PLANE('',#6926);
#533=PLANE('',#6927);
#534=PLANE('',#6928);
#535=PLANE('',#6929);
#536=PLANE('',#6930);
#537=PLANE('',#6931);
#538=PLANE('',#6932);
#539=PLANE('',#6933);
#540=PLANE('',#6934);
#541=PLANE('',#6935);
#542=PLANE('',#6936);
#543=PLANE('',#6937);
#544=PLANE('',#6938);
#545=PLANE('',#6939);
#546=PLANE('',#6940);
#547=PLANE('',#6941);
#548=PLANE('',#6942);
#549=PLANE('',#6943);
#550=PLANE('',#6944);
#551=PLANE('',#6945);
#552=PLANE('',#6946);
#553=PLANE('',#6947);
#554=PLANE('',#6948);
#555=PLANE('',#6949);
#556=PLANE('',#6950);
#557=PLANE('',#6951);
#558=PLANE('',#6952);
#559=PLANE('',#6953);
#560=PLANE('',#6954);
#561=PLANE('',#6955);
#562=PLANE('',#6956);
#563=PLANE('',#6957);
#564=PLANE('',#6958);
#565=PLANE('',#6959);
#566=PLANE('',#6960);
#567=PLANE('',#6961);
#568=PLANE('',#6962);
#569=PLANE('',#6963);
#570=PLANE('',#6964);
#571=PLANE('',#6965);
#572=PLANE('',#6966);
#573=PLANE('',#6967);
#574=PLANE('',#6968);
#575=PLANE('',#6969);
#576=PLANE('',#6970);
#577=PLANE('',#6971);
#578=PLANE('',#6972);
#579=PLANE('',#6973);
#580=PLANE('',#6974);
#581=PLANE('',#6975);
#582=PLANE('',#6976);
#583=PLANE('',#6977);
#584=PLANE('',#6978);
#585=PLANE('',#6979);
#586=PLANE('',#6980);
#587=PLANE('',#6981);
#588=PLANE('',#6982);
#589=PLANE('',#6983);
#590=PLANE('',#6984);
#591=PLANE('',#6985);
#592=PLANE('',#6986);
#593=PLANE('',#6987);
#594=PLANE('',#6988);
#595=PLANE('',#6989);
#596=PLANE('',#6990);
#597=PLANE('',#6991);
#598=PLANE('',#6992);
#599=PLANE('',#6993);
#600=PLANE('',#6994);
#601=PLANE('',#6995);
#602=PLANE('',#6996);
#603=PLANE('',#6997);
#604=PLANE('',#6998);
#605=PLANE('',#6999);
#606=PLANE('',#7000);
#607=PLANE('',#7001);
#608=PLANE('',#7002);
#609=PLANE('',#7003);
#610=PLANE('',#7004);
#611=PLANE('',#7005);
#612=PLANE('',#7006);
#613=PLANE('',#7007);
#614=PLANE('',#7008);
#615=PLANE('',#7009);
#616=PLANE('',#7010);
#617=PLANE('',#7011);
#618=PLANE('',#7012);
#619=PLANE('',#7013);
#620=PLANE('',#7015);
#621=PLANE('',#7016);
#622=FACE_OUTER_BOUND('',#999,.T.);
#623=FACE_OUTER_BOUND('',#1000,.T.);
#624=FACE_OUTER_BOUND('',#1001,.T.);
#625=FACE_OUTER_BOUND('',#1002,.T.);
#626=FACE_OUTER_BOUND('',#1003,.T.);
#627=FACE_OUTER_BOUND('',#1004,.T.);
#628=FACE_OUTER_BOUND('',#1005,.T.);
#629=FACE_OUTER_BOUND('',#1006,.T.);
#630=FACE_OUTER_BOUND('',#1007,.T.);
#631=FACE_OUTER_BOUND('',#1012,.T.);
#632=FACE_OUTER_BOUND('',#1013,.T.);
#633=FACE_OUTER_BOUND('',#1014,.T.);
#634=FACE_OUTER_BOUND('',#1015,.T.);
#635=FACE_OUTER_BOUND('',#1017,.T.);
#636=FACE_OUTER_BOUND('',#1019,.T.);
#637=FACE_OUTER_BOUND('',#1020,.T.);
#638=FACE_OUTER_BOUND('',#1027,.T.);
#639=FACE_OUTER_BOUND('',#1028,.T.);
#640=FACE_OUTER_BOUND('',#1030,.T.);
#641=FACE_OUTER_BOUND('',#1031,.T.);
#642=FACE_OUTER_BOUND('',#1033,.T.);
#643=FACE_OUTER_BOUND('',#1034,.T.);
#644=FACE_OUTER_BOUND('',#1036,.T.);
#645=FACE_OUTER_BOUND('',#1038,.T.);
#646=FACE_OUTER_BOUND('',#1039,.T.);
#647=FACE_OUTER_BOUND('',#1041,.T.);
#648=FACE_OUTER_BOUND('',#1042,.T.);
#649=FACE_OUTER_BOUND('',#1043,.T.);
#650=FACE_OUTER_BOUND('',#1045,.T.);
#651=FACE_OUTER_BOUND('',#1046,.T.);
#652=FACE_OUTER_BOUND('',#1047,.T.);
#653=FACE_OUTER_BOUND('',#1048,.T.);
#654=FACE_OUTER_BOUND('',#1049,.T.);
#655=FACE_OUTER_BOUND('',#1050,.T.);
#656=FACE_OUTER_BOUND('',#1052,.T.);
#657=FACE_OUTER_BOUND('',#1053,.T.);
#658=FACE_OUTER_BOUND('',#1054,.T.);
#659=FACE_OUTER_BOUND('',#1056,.T.);
#660=FACE_OUTER_BOUND('',#1057,.T.);
#661=FACE_OUTER_BOUND('',#1059,.T.);
#662=FACE_OUTER_BOUND('',#1060,.T.);
#663=FACE_OUTER_BOUND('',#1061,.T.);
#664=FACE_OUTER_BOUND('',#1063,.T.);
#665=FACE_OUTER_BOUND('',#1064,.T.);
#666=FACE_OUTER_BOUND('',#1065,.T.);
#667=FACE_OUTER_BOUND('',#1066,.T.);
#668=FACE_OUTER_BOUND('',#1067,.T.);
#669=FACE_OUTER_BOUND('',#1068,.T.);
#670=FACE_OUTER_BOUND('',#1070,.T.);
#671=FACE_OUTER_BOUND('',#1071,.T.);
#672=FACE_OUTER_BOUND('',#1072,.T.);
#673=FACE_OUTER_BOUND('',#1074,.T.);
#674=FACE_OUTER_BOUND('',#1075,.T.);
#675=FACE_OUTER_BOUND('',#1077,.T.);
#676=FACE_OUTER_BOUND('',#1078,.T.);
#677=FACE_OUTER_BOUND('',#1079,.T.);
#678=FACE_OUTER_BOUND('',#1081,.T.);
#679=FACE_OUTER_BOUND('',#1082,.T.);
#680=FACE_OUTER_BOUND('',#1083,.T.);
#681=FACE_OUTER_BOUND('',#1084,.T.);
#682=FACE_OUTER_BOUND('',#1085,.T.);
#683=FACE_OUTER_BOUND('',#1087,.T.);
#684=FACE_OUTER_BOUND('',#1088,.T.);
#685=FACE_OUTER_BOUND('',#1089,.T.);
#686=FACE_OUTER_BOUND('',#1090,.T.);
#687=FACE_OUTER_BOUND('',#1092,.T.);
#688=FACE_OUTER_BOUND('',#1093,.T.);
#689=FACE_OUTER_BOUND('',#1094,.T.);
#690=FACE_OUTER_BOUND('',#1097,.T.);
#691=FACE_OUTER_BOUND('',#1100,.T.);
#692=FACE_OUTER_BOUND('',#1101,.T.);
#693=FACE_OUTER_BOUND('',#1102,.T.);
#694=FACE_OUTER_BOUND('',#1103,.T.);
#695=FACE_OUTER_BOUND('',#1104,.T.);
#696=FACE_OUTER_BOUND('',#1105,.T.);
#697=FACE_OUTER_BOUND('',#1106,.T.);
#698=FACE_OUTER_BOUND('',#1107,.T.);
#699=FACE_OUTER_BOUND('',#1108,.T.);
#700=FACE_OUTER_BOUND('',#1109,.T.);
#701=FACE_OUTER_BOUND('',#1110,.T.);
#702=FACE_OUTER_BOUND('',#1111,.T.);
#703=FACE_OUTER_BOUND('',#1112,.T.);
#704=FACE_OUTER_BOUND('',#1113,.T.);
#705=FACE_OUTER_BOUND('',#1114,.T.);
#706=FACE_OUTER_BOUND('',#1115,.T.);
#707=FACE_OUTER_BOUND('',#1116,.T.);
#708=FACE_OUTER_BOUND('',#1118,.T.);
#709=FACE_OUTER_BOUND('',#1119,.T.);
#710=FACE_OUTER_BOUND('',#1120,.T.);
#711=FACE_OUTER_BOUND('',#1122,.T.);
#712=FACE_OUTER_BOUND('',#1124,.T.);
#713=FACE_OUTER_BOUND('',#1125,.T.);
#714=FACE_OUTER_BOUND('',#1127,.T.);
#715=FACE_OUTER_BOUND('',#1128,.T.);
#716=FACE_OUTER_BOUND('',#1129,.T.);
#717=FACE_OUTER_BOUND('',#1130,.T.);
#718=FACE_OUTER_BOUND('',#1131,.T.);
#719=FACE_OUTER_BOUND('',#1134,.T.);
#720=FACE_OUTER_BOUND('',#1135,.T.);
#721=FACE_OUTER_BOUND('',#1136,.T.);
#722=FACE_OUTER_BOUND('',#1137,.T.);
#723=FACE_OUTER_BOUND('',#1138,.T.);
#724=FACE_OUTER_BOUND('',#1139,.T.);
#725=FACE_OUTER_BOUND('',#1140,.T.);
#726=FACE_OUTER_BOUND('',#1141,.T.);
#727=FACE_OUTER_BOUND('',#1142,.T.);
#728=FACE_OUTER_BOUND('',#1144,.T.);
#729=FACE_OUTER_BOUND('',#1145,.T.);
#730=FACE_OUTER_BOUND('',#1147,.T.);
#731=FACE_OUTER_BOUND('',#1148,.T.);
#732=FACE_OUTER_BOUND('',#1149,.T.);
#733=FACE_OUTER_BOUND('',#1150,.T.);
#734=FACE_OUTER_BOUND('',#1151,.T.);
#735=FACE_OUTER_BOUND('',#1152,.T.);
#736=FACE_OUTER_BOUND('',#1153,.T.);
#737=FACE_OUTER_BOUND('',#1154,.T.);
#738=FACE_OUTER_BOUND('',#1155,.T.);
#739=FACE_OUTER_BOUND('',#1205,.T.);
#740=FACE_OUTER_BOUND('',#1206,.T.);
#741=FACE_OUTER_BOUND('',#1207,.T.);
#742=FACE_OUTER_BOUND('',#1208,.T.);
#743=FACE_OUTER_BOUND('',#1209,.T.);
#744=FACE_OUTER_BOUND('',#1210,.T.);
#745=FACE_OUTER_BOUND('',#1211,.T.);
#746=FACE_OUTER_BOUND('',#1212,.T.);
#747=FACE_OUTER_BOUND('',#1213,.T.);
#748=FACE_OUTER_BOUND('',#1214,.T.);
#749=FACE_OUTER_BOUND('',#1215,.T.);
#750=FACE_OUTER_BOUND('',#1216,.T.);
#751=FACE_OUTER_BOUND('',#1217,.T.);
#752=FACE_OUTER_BOUND('',#1218,.T.);
#753=FACE_OUTER_BOUND('',#1219,.T.);
#754=FACE_OUTER_BOUND('',#1220,.T.);
#755=FACE_OUTER_BOUND('',#1221,.T.);
#756=FACE_OUTER_BOUND('',#1222,.T.);
#757=FACE_OUTER_BOUND('',#1223,.T.);
#758=FACE_OUTER_BOUND('',#1224,.T.);
#759=FACE_OUTER_BOUND('',#1225,.T.);
#760=FACE_OUTER_BOUND('',#1226,.T.);
#761=FACE_OUTER_BOUND('',#1227,.T.);
#762=FACE_OUTER_BOUND('',#1228,.T.);
#763=FACE_OUTER_BOUND('',#1229,.T.);
#764=FACE_OUTER_BOUND('',#1230,.T.);
#765=FACE_OUTER_BOUND('',#1231,.T.);
#766=FACE_OUTER_BOUND('',#1232,.T.);
#767=FACE_OUTER_BOUND('',#1233,.T.);
#768=FACE_OUTER_BOUND('',#1234,.T.);
#769=FACE_OUTER_BOUND('',#1235,.T.);
#770=FACE_OUTER_BOUND('',#1236,.T.);
#771=FACE_OUTER_BOUND('',#1237,.T.);
#772=FACE_OUTER_BOUND('',#1238,.T.);
#773=FACE_OUTER_BOUND('',#1239,.T.);
#774=FACE_OUTER_BOUND('',#1240,.T.);
#775=FACE_OUTER_BOUND('',#1241,.T.);
#776=FACE_OUTER_BOUND('',#1242,.T.);
#777=FACE_OUTER_BOUND('',#1243,.T.);
#778=FACE_OUTER_BOUND('',#1244,.T.);
#779=FACE_OUTER_BOUND('',#1245,.T.);
#780=FACE_OUTER_BOUND('',#1246,.T.);
#781=FACE_OUTER_BOUND('',#1247,.T.);
#782=FACE_OUTER_BOUND('',#1248,.T.);
#783=FACE_OUTER_BOUND('',#1249,.T.);
#784=FACE_OUTER_BOUND('',#1250,.T.);
#785=FACE_OUTER_BOUND('',#1251,.T.);
#786=FACE_OUTER_BOUND('',#1252,.T.);
#787=FACE_OUTER_BOUND('',#1253,.T.);
#788=FACE_OUTER_BOUND('',#1254,.T.);
#789=FACE_OUTER_BOUND('',#1255,.T.);
#790=FACE_OUTER_BOUND('',#1256,.T.);
#791=FACE_OUTER_BOUND('',#1257,.T.);
#792=FACE_OUTER_BOUND('',#1258,.T.);
#793=FACE_OUTER_BOUND('',#1259,.T.);
#794=FACE_OUTER_BOUND('',#1260,.T.);
#795=FACE_OUTER_BOUND('',#1261,.T.);
#796=FACE_OUTER_BOUND('',#1262,.T.);
#797=FACE_OUTER_BOUND('',#1263,.T.);
#798=FACE_OUTER_BOUND('',#1264,.T.);
#799=FACE_OUTER_BOUND('',#1265,.T.);
#800=FACE_OUTER_BOUND('',#1266,.T.);
#801=FACE_OUTER_BOUND('',#1267,.T.);
#802=FACE_OUTER_BOUND('',#1268,.T.);
#803=FACE_OUTER_BOUND('',#1269,.T.);
#804=FACE_OUTER_BOUND('',#1270,.T.);
#805=FACE_OUTER_BOUND('',#1271,.T.);
#806=FACE_OUTER_BOUND('',#1272,.T.);
#807=FACE_OUTER_BOUND('',#1273,.T.);
#808=FACE_OUTER_BOUND('',#1274,.T.);
#809=FACE_OUTER_BOUND('',#1275,.T.);
#810=FACE_OUTER_BOUND('',#1276,.T.);
#811=FACE_OUTER_BOUND('',#1277,.T.);
#812=FACE_OUTER_BOUND('',#1278,.T.);
#813=FACE_OUTER_BOUND('',#1279,.T.);
#814=FACE_OUTER_BOUND('',#1280,.T.);
#815=FACE_OUTER_BOUND('',#1281,.T.);
#816=FACE_OUTER_BOUND('',#1282,.T.);
#817=FACE_OUTER_BOUND('',#1283,.T.);
#818=FACE_OUTER_BOUND('',#1284,.T.);
#819=FACE_OUTER_BOUND('',#1285,.T.);
#820=FACE_OUTER_BOUND('',#1286,.T.);
#821=FACE_OUTER_BOUND('',#1287,.T.);
#822=FACE_OUTER_BOUND('',#1288,.T.);
#823=FACE_OUTER_BOUND('',#1289,.T.);
#824=FACE_OUTER_BOUND('',#1290,.T.);
#825=FACE_OUTER_BOUND('',#1291,.T.);
#826=FACE_OUTER_BOUND('',#1292,.T.);
#827=FACE_OUTER_BOUND('',#1293,.T.);
#828=FACE_OUTER_BOUND('',#1294,.T.);
#829=FACE_OUTER_BOUND('',#1295,.T.);
#830=FACE_OUTER_BOUND('',#1296,.T.);
#831=FACE_OUTER_BOUND('',#1297,.T.);
#832=FACE_OUTER_BOUND('',#1298,.T.);
#833=FACE_OUTER_BOUND('',#1299,.T.);
#834=FACE_OUTER_BOUND('',#1300,.T.);
#835=FACE_OUTER_BOUND('',#1301,.T.);
#836=FACE_OUTER_BOUND('',#1302,.T.);
#837=FACE_OUTER_BOUND('',#1303,.T.);
#838=FACE_OUTER_BOUND('',#1304,.T.);
#839=FACE_OUTER_BOUND('',#1305,.T.);
#840=FACE_OUTER_BOUND('',#1306,.T.);
#841=FACE_OUTER_BOUND('',#1307,.T.);
#842=FACE_OUTER_BOUND('',#1308,.T.);
#843=FACE_OUTER_BOUND('',#1309,.T.);
#844=FACE_OUTER_BOUND('',#1310,.T.);
#845=FACE_OUTER_BOUND('',#1311,.T.);
#846=FACE_OUTER_BOUND('',#1312,.T.);
#847=FACE_OUTER_BOUND('',#1313,.T.);
#848=FACE_OUTER_BOUND('',#1314,.T.);
#849=FACE_OUTER_BOUND('',#1315,.T.);
#850=FACE_OUTER_BOUND('',#1316,.T.);
#851=FACE_OUTER_BOUND('',#1317,.T.);
#852=FACE_OUTER_BOUND('',#1318,.T.);
#853=FACE_OUTER_BOUND('',#1319,.T.);
#854=FACE_OUTER_BOUND('',#1320,.T.);
#855=FACE_OUTER_BOUND('',#1321,.T.);
#856=FACE_OUTER_BOUND('',#1322,.T.);
#857=FACE_OUTER_BOUND('',#1323,.T.);
#858=FACE_OUTER_BOUND('',#1324,.T.);
#859=FACE_OUTER_BOUND('',#1325,.T.);
#860=FACE_OUTER_BOUND('',#1326,.T.);
#861=FACE_OUTER_BOUND('',#1327,.T.);
#862=FACE_OUTER_BOUND('',#1328,.T.);
#863=FACE_OUTER_BOUND('',#1329,.T.);
#864=FACE_OUTER_BOUND('',#1330,.T.);
#865=FACE_OUTER_BOUND('',#1331,.T.);
#866=FACE_OUTER_BOUND('',#1332,.T.);
#867=FACE_OUTER_BOUND('',#1333,.T.);
#868=FACE_OUTER_BOUND('',#1334,.T.);
#869=FACE_OUTER_BOUND('',#1335,.T.);
#870=FACE_OUTER_BOUND('',#1336,.T.);
#871=FACE_OUTER_BOUND('',#1337,.T.);
#872=FACE_OUTER_BOUND('',#1338,.T.);
#873=FACE_OUTER_BOUND('',#1339,.T.);
#874=FACE_OUTER_BOUND('',#1340,.T.);
#875=FACE_OUTER_BOUND('',#1341,.T.);
#876=FACE_OUTER_BOUND('',#1342,.T.);
#877=FACE_OUTER_BOUND('',#1343,.T.);
#878=FACE_OUTER_BOUND('',#1344,.T.);
#879=FACE_OUTER_BOUND('',#1345,.T.);
#880=FACE_OUTER_BOUND('',#1346,.T.);
#881=FACE_OUTER_BOUND('',#1347,.T.);
#882=FACE_OUTER_BOUND('',#1348,.T.);
#883=FACE_OUTER_BOUND('',#1349,.T.);
#884=FACE_OUTER_BOUND('',#1350,.T.);
#885=FACE_OUTER_BOUND('',#1351,.T.);
#886=FACE_OUTER_BOUND('',#1352,.T.);
#887=FACE_OUTER_BOUND('',#1353,.T.);
#888=FACE_OUTER_BOUND('',#1354,.T.);
#889=FACE_OUTER_BOUND('',#1355,.T.);
#890=FACE_OUTER_BOUND('',#1356,.T.);
#891=FACE_OUTER_BOUND('',#1357,.T.);
#892=FACE_OUTER_BOUND('',#1359,.T.);
#893=FACE_OUTER_BOUND('',#1361,.T.);
#894=FACE_OUTER_BOUND('',#1362,.T.);
#895=FACE_OUTER_BOUND('',#1363,.T.);
#896=FACE_OUTER_BOUND('',#1364,.T.);
#897=FACE_OUTER_BOUND('',#1365,.T.);
#898=FACE_OUTER_BOUND('',#1366,.T.);
#899=FACE_OUTER_BOUND('',#1367,.T.);
#900=FACE_OUTER_BOUND('',#1368,.T.);
#901=FACE_OUTER_BOUND('',#1369,.T.);
#902=FACE_OUTER_BOUND('',#1370,.T.);
#903=FACE_OUTER_BOUND('',#1371,.T.);
#904=FACE_OUTER_BOUND('',#1372,.T.);
#905=FACE_OUTER_BOUND('',#1373,.T.);
#906=FACE_OUTER_BOUND('',#1374,.T.);
#907=FACE_OUTER_BOUND('',#1375,.T.);
#908=FACE_OUTER_BOUND('',#1376,.T.);
#909=FACE_OUTER_BOUND('',#1377,.T.);
#910=FACE_OUTER_BOUND('',#1378,.T.);
#911=FACE_OUTER_BOUND('',#1379,.T.);
#912=FACE_OUTER_BOUND('',#1380,.T.);
#913=FACE_OUTER_BOUND('',#1381,.T.);
#914=FACE_OUTER_BOUND('',#1382,.T.);
#915=FACE_OUTER_BOUND('',#1383,.T.);
#916=FACE_OUTER_BOUND('',#1384,.T.);
#917=FACE_OUTER_BOUND('',#1385,.T.);
#918=FACE_OUTER_BOUND('',#1386,.T.);
#919=FACE_OUTER_BOUND('',#1387,.T.);
#920=FACE_OUTER_BOUND('',#1388,.T.);
#921=FACE_OUTER_BOUND('',#1389,.T.);
#922=FACE_OUTER_BOUND('',#1390,.T.);
#923=FACE_OUTER_BOUND('',#1391,.T.);
#924=FACE_OUTER_BOUND('',#1392,.T.);
#925=FACE_OUTER_BOUND('',#1393,.T.);
#926=FACE_OUTER_BOUND('',#1394,.T.);
#927=FACE_OUTER_BOUND('',#1395,.T.);
#928=FACE_OUTER_BOUND('',#1396,.T.);
#929=FACE_OUTER_BOUND('',#1397,.T.);
#930=FACE_OUTER_BOUND('',#1398,.T.);
#931=FACE_OUTER_BOUND('',#1399,.T.);
#932=FACE_OUTER_BOUND('',#1400,.T.);
#933=FACE_OUTER_BOUND('',#1401,.T.);
#934=FACE_OUTER_BOUND('',#1402,.T.);
#935=FACE_OUTER_BOUND('',#1403,.T.);
#936=FACE_OUTER_BOUND('',#1404,.T.);
#937=FACE_OUTER_BOUND('',#1405,.T.);
#938=FACE_OUTER_BOUND('',#1406,.T.);
#939=FACE_OUTER_BOUND('',#1407,.T.);
#940=FACE_OUTER_BOUND('',#1408,.T.);
#941=FACE_OUTER_BOUND('',#1409,.T.);
#942=FACE_OUTER_BOUND('',#1410,.T.);
#943=FACE_OUTER_BOUND('',#1411,.T.);
#944=FACE_OUTER_BOUND('',#1412,.T.);
#945=FACE_OUTER_BOUND('',#1413,.T.);
#946=FACE_OUTER_BOUND('',#1414,.T.);
#947=FACE_OUTER_BOUND('',#1415,.T.);
#948=FACE_OUTER_BOUND('',#1416,.T.);
#949=FACE_OUTER_BOUND('',#1417,.T.);
#950=FACE_OUTER_BOUND('',#1418,.T.);
#951=FACE_OUTER_BOUND('',#1419,.T.);
#952=FACE_OUTER_BOUND('',#1420,.T.);
#953=FACE_OUTER_BOUND('',#1421,.T.);
#954=FACE_OUTER_BOUND('',#1422,.T.);
#955=FACE_OUTER_BOUND('',#1423,.T.);
#956=FACE_OUTER_BOUND('',#1424,.T.);
#957=FACE_OUTER_BOUND('',#1425,.T.);
#958=FACE_OUTER_BOUND('',#1426,.T.);
#959=FACE_OUTER_BOUND('',#1427,.T.);
#960=FACE_OUTER_BOUND('',#1428,.T.);
#961=FACE_OUTER_BOUND('',#1429,.T.);
#962=FACE_OUTER_BOUND('',#1430,.T.);
#963=FACE_OUTER_BOUND('',#1431,.T.);
#964=FACE_OUTER_BOUND('',#1432,.T.);
#965=FACE_OUTER_BOUND('',#1433,.T.);
#966=FACE_OUTER_BOUND('',#1434,.T.);
#967=FACE_OUTER_BOUND('',#1435,.T.);
#968=FACE_OUTER_BOUND('',#1436,.T.);
#969=FACE_OUTER_BOUND('',#1437,.T.);
#970=FACE_OUTER_BOUND('',#1438,.T.);
#971=FACE_OUTER_BOUND('',#1439,.T.);
#972=FACE_OUTER_BOUND('',#1440,.T.);
#973=FACE_OUTER_BOUND('',#1441,.T.);
#974=FACE_OUTER_BOUND('',#1442,.T.);
#975=FACE_OUTER_BOUND('',#1443,.T.);
#976=FACE_OUTER_BOUND('',#1444,.T.);
#977=FACE_OUTER_BOUND('',#1445,.T.);
#978=FACE_OUTER_BOUND('',#1446,.T.);
#979=FACE_OUTER_BOUND('',#1447,.T.);
#980=FACE_OUTER_BOUND('',#1448,.T.);
#981=FACE_OUTER_BOUND('',#1449,.T.);
#982=FACE_OUTER_BOUND('',#1450,.T.);
#983=FACE_OUTER_BOUND('',#1451,.T.);
#984=FACE_OUTER_BOUND('',#1452,.T.);
#985=FACE_OUTER_BOUND('',#1453,.T.);
#986=FACE_OUTER_BOUND('',#1454,.T.);
#987=FACE_OUTER_BOUND('',#1455,.T.);
#988=FACE_OUTER_BOUND('',#1456,.T.);
#989=FACE_OUTER_BOUND('',#1457,.T.);
#990=FACE_OUTER_BOUND('',#1458,.T.);
#991=FACE_OUTER_BOUND('',#1459,.T.);
#992=FACE_OUTER_BOUND('',#1460,.T.);
#993=FACE_OUTER_BOUND('',#1461,.T.);
#994=FACE_OUTER_BOUND('',#1462,.T.);
#995=FACE_OUTER_BOUND('',#1464,.T.);
#996=FACE_OUTER_BOUND('',#1466,.T.);
#997=FACE_OUTER_BOUND('',#1467,.T.);
#998=FACE_OUTER_BOUND('',#1468,.T.);
#999=EDGE_LOOP('',(#4037,#4038,#4039,#4040));
#1000=EDGE_LOOP('',(#4041,#4042,#4043,#4044));
#1001=EDGE_LOOP('',(#4045,#4046,#4047,#4048));
#1002=EDGE_LOOP('',(#4049,#4050,#4051,#4052));
#1003=EDGE_LOOP('',(#4053,#4054,#4055,#4056));
#1004=EDGE_LOOP('',(#4057));
#1005=EDGE_LOOP('',(#4058,#4059,#4060,#4061));
#1006=EDGE_LOOP('',(#4062));
#1007=EDGE_LOOP('',(#4063));
#1008=EDGE_LOOP('',(#4064));
#1009=EDGE_LOOP('',(#4065));
#1010=EDGE_LOOP('',(#4066));
#1011=EDGE_LOOP('',(#4067));
#1012=EDGE_LOOP('',(#4068,#4069,#4070,#4071));
#1013=EDGE_LOOP('',(#4072,#4073,#4074,#4075));
#1014=EDGE_LOOP('',(#4076,#4077,#4078,#4079));
#1015=EDGE_LOOP('',(#4080));
#1016=EDGE_LOOP('',(#4081));
#1017=EDGE_LOOP('',(#4082));
#1018=EDGE_LOOP('',(#4083));
#1019=EDGE_LOOP('',(#4084,#4085,#4086,#4087));
#1020=EDGE_LOOP('',(#4088));
#1021=EDGE_LOOP('',(#4089));
#1022=EDGE_LOOP('',(#4090));
#1023=EDGE_LOOP('',(#4091));
#1024=EDGE_LOOP('',(#4092));
#1025=EDGE_LOOP('',(#4093));
#1026=EDGE_LOOP('',(#4094));
#1027=EDGE_LOOP('',(#4095,#4096,#4097,#4098));
#1028=EDGE_LOOP('',(#4099));
#1029=EDGE_LOOP('',(#4100));
#1030=EDGE_LOOP('',(#4101,#4102,#4103,#4104));
#1031=EDGE_LOOP('',(#4105));
#1032=EDGE_LOOP('',(#4106));
#1033=EDGE_LOOP('',(#4107,#4108,#4109,#4110));
#1034=EDGE_LOOP('',(#4111));
#1035=EDGE_LOOP('',(#4112));
#1036=EDGE_LOOP('',(#4113));
#1037=EDGE_LOOP('',(#4114));
#1038=EDGE_LOOP('',(#4115,#4116,#4117,#4118));
#1039=EDGE_LOOP('',(#4119));
#1040=EDGE_LOOP('',(#4120));
#1041=EDGE_LOOP('',(#4121,#4122,#4123,#4124));
#1042=EDGE_LOOP('',(#4125,#4126,#4127,#4128));
#1043=EDGE_LOOP('',(#4129));
#1044=EDGE_LOOP('',(#4130));
#1045=EDGE_LOOP('',(#4131,#4132,#4133,#4134,#4135,#4136));
#1046=EDGE_LOOP('',(#4137,#4138,#4139,#4140,#4141,#4142,#4143));
#1047=EDGE_LOOP('',(#4144,#4145,#4146,#4147,#4148,#4149,#4150));
#1048=EDGE_LOOP('',(#4151,#4152,#4153,#4154,#4155,#4156));
#1049=EDGE_LOOP('',(#4157,#4158,#4159,#4160));
#1050=EDGE_LOOP('',(#4161));
#1051=EDGE_LOOP('',(#4162));
#1052=EDGE_LOOP('',(#4163,#4164,#4165,#4166));
#1053=EDGE_LOOP('',(#4167,#4168,#4169,#4170));
#1054=EDGE_LOOP('',(#4171));
#1055=EDGE_LOOP('',(#4172));
#1056=EDGE_LOOP('',(#4173,#4174,#4175,#4176));
#1057=EDGE_LOOP('',(#4177));
#1058=EDGE_LOOP('',(#4178));
#1059=EDGE_LOOP('',(#4179,#4180,#4181,#4182));
#1060=EDGE_LOOP('',(#4183,#4184,#4185,#4186));
#1061=EDGE_LOOP('',(#4187));
#1062=EDGE_LOOP('',(#4188));
#1063=EDGE_LOOP('',(#4189,#4190,#4191,#4192,#4193,#4194,#4195));
#1064=EDGE_LOOP('',(#4196,#4197,#4198,#4199,#4200,#4201));
#1065=EDGE_LOOP('',(#4202,#4203,#4204,#4205,#4206,#4207));
#1066=EDGE_LOOP('',(#4208,#4209,#4210,#4211,#4212,#4213,#4214));
#1067=EDGE_LOOP('',(#4215,#4216,#4217,#4218));
#1068=EDGE_LOOP('',(#4219));
#1069=EDGE_LOOP('',(#4220));
#1070=EDGE_LOOP('',(#4221,#4222,#4223,#4224));
#1071=EDGE_LOOP('',(#4225,#4226,#4227,#4228));
#1072=EDGE_LOOP('',(#4229));
#1073=EDGE_LOOP('',(#4230));
#1074=EDGE_LOOP('',(#4231,#4232,#4233,#4234));
#1075=EDGE_LOOP('',(#4235));
#1076=EDGE_LOOP('',(#4236));
#1077=EDGE_LOOP('',(#4237,#4238,#4239,#4240));
#1078=EDGE_LOOP('',(#4241,#4242,#4243,#4244));
#1079=EDGE_LOOP('',(#4245));
#1080=EDGE_LOOP('',(#4246));
#1081=EDGE_LOOP('',(#4247,#4248,#4249,#4250,#4251));
#1082=EDGE_LOOP('',(#4252,#4253,#4254,#4255,#4256));
#1083=EDGE_LOOP('',(#4257,#4258,#4259,#4260));
#1084=EDGE_LOOP('',(#4261,#4262,#4263,#4264));
#1085=EDGE_LOOP('',(#4265));
#1086=EDGE_LOOP('',(#4266));
#1087=EDGE_LOOP('',(#4267));
#1088=EDGE_LOOP('',(#4268,#4269,#4270,#4271));
#1089=EDGE_LOOP('',(#4272,#4273,#4274,#4275));
#1090=EDGE_LOOP('',(#4276));
#1091=EDGE_LOOP('',(#4277));
#1092=EDGE_LOOP('',(#4278));
#1093=EDGE_LOOP('',(#4279,#4280,#4281,#4282));
#1094=EDGE_LOOP('',(#4283));
#1095=EDGE_LOOP('',(#4284));
#1096=EDGE_LOOP('',(#4285));
#1097=EDGE_LOOP('',(#4286));
#1098=EDGE_LOOP('',(#4287));
#1099=EDGE_LOOP('',(#4288));
#1100=EDGE_LOOP('',(#4289,#4290,#4291,#4292));
#1101=EDGE_LOOP('',(#4293,#4294,#4295,#4296));
#1102=EDGE_LOOP('',(#4297,#4298,#4299,#4300));
#1103=EDGE_LOOP('',(#4301,#4302,#4303,#4304));
#1104=EDGE_LOOP('',(#4305,#4306,#4307,#4308));
#1105=EDGE_LOOP('',(#4309,#4310,#4311,#4312));
#1106=EDGE_LOOP('',(#4313,#4314,#4315,#4316));
#1107=EDGE_LOOP('',(#4317,#4318,#4319,#4320));
#1108=EDGE_LOOP('',(#4321,#4322,#4323,#4324,#4325,#4326,#4327,#4328,#4329,
#4330,#4331,#4332,#4333,#4334,#4335,#4336));
#1109=EDGE_LOOP('',(#4337,#4338,#4339,#4340,#4341,#4342,#4343,#4344,#4345,
#4346,#4347,#4348,#4349,#4350,#4351,#4352));
#1110=EDGE_LOOP('',(#4353,#4354,#4355,#4356));
#1111=EDGE_LOOP('',(#4357));
#1112=EDGE_LOOP('',(#4358,#4359,#4360,#4361));
#1113=EDGE_LOOP('',(#4362));
#1114=EDGE_LOOP('',(#4363,#4364,#4365,#4366));
#1115=EDGE_LOOP('',(#4367,#4368,#4369,#4370));
#1116=EDGE_LOOP('',(#4371,#4372,#4373,#4374));
#1117=EDGE_LOOP('',(#4375));
#1118=EDGE_LOOP('',(#4376,#4377,#4378,#4379));
#1119=EDGE_LOOP('',(#4380,#4381,#4382,#4383));
#1120=EDGE_LOOP('',(#4384,#4385,#4386,#4387));
#1121=EDGE_LOOP('',(#4388));
#1122=EDGE_LOOP('',(#4389,#4390,#4391,#4392));
#1123=EDGE_LOOP('',(#4393));
#1124=EDGE_LOOP('',(#4394,#4395,#4396,#4397));
#1125=EDGE_LOOP('',(#4398,#4399,#4400,#4401));
#1126=EDGE_LOOP('',(#4402));
#1127=EDGE_LOOP('',(#4403,#4404,#4405,#4406));
#1128=EDGE_LOOP('',(#4407,#4408,#4409,#4410));
#1129=EDGE_LOOP('',(#4411,#4412,#4413,#4414));
#1130=EDGE_LOOP('',(#4415,#4416,#4417,#4418));
#1131=EDGE_LOOP('',(#4419,#4420,#4421,#4422,#4423,#4424,#4425,#4426,#4427,
#4428,#4429,#4430));
#1132=EDGE_LOOP('',(#4431));
#1133=EDGE_LOOP('',(#4432));
#1134=EDGE_LOOP('',(#4433,#4434,#4435,#4436));
#1135=EDGE_LOOP('',(#4437));
#1136=EDGE_LOOP('',(#4438));
#1137=EDGE_LOOP('',(#4439,#4440,#4441,#4442));
#1138=EDGE_LOOP('',(#4443));
#1139=EDGE_LOOP('',(#4444));
#1140=EDGE_LOOP('',(#4445,#4446,#4447,#4448));
#1141=EDGE_LOOP('',(#4449,#4450,#4451,#4452));
#1142=EDGE_LOOP('',(#4453));
#1143=EDGE_LOOP('',(#4454,#4455));
#1144=EDGE_LOOP('',(#4456,#4457,#4458,#4459));
#1145=EDGE_LOOP('',(#4460));
#1146=EDGE_LOOP('',(#4461,#4462));
#1147=EDGE_LOOP('',(#4463,#4464,#4465,#4466,#4467));
#1148=EDGE_LOOP('',(#4468,#4469,#4470,#4471));
#1149=EDGE_LOOP('',(#4472,#4473,#4474,#4475));
#1150=EDGE_LOOP('',(#4476,#4477,#4478));
#1151=EDGE_LOOP('',(#4479,#4480,#4481,#4482,#4483,#4484,#4485));
#1152=EDGE_LOOP('',(#4486,#4487,#4488,#4489));
#1153=EDGE_LOOP('',(#4490,#4491,#4492,#4493,#4494,#4495,#4496));
#1154=EDGE_LOOP('',(#4497,#4498,#4499,#4500));
#1155=EDGE_LOOP('',(#4501,#4502,#4503,#4504,#4505,#4506,#4507,#4508,#4509,
#4510,#4511,#4512,#4513));
#1156=EDGE_LOOP('',(#4514,#4515,#4516,#4517));
#1157=EDGE_LOOP('',(#4518,#4519,#4520,#4521));
#1158=EDGE_LOOP('',(#4522,#4523,#4524,#4525));
#1159=EDGE_LOOP('',(#4526,#4527,#4528,#4529));
#1160=EDGE_LOOP('',(#4530,#4531,#4532,#4533));
#1161=EDGE_LOOP('',(#4534,#4535,#4536,#4537));
#1162=EDGE_LOOP('',(#4538,#4539,#4540,#4541));
#1163=EDGE_LOOP('',(#4542,#4543,#4544,#4545));
#1164=EDGE_LOOP('',(#4546,#4547,#4548,#4549));
#1165=EDGE_LOOP('',(#4550,#4551,#4552,#4553));
#1166=EDGE_LOOP('',(#4554,#4555,#4556,#4557));
#1167=EDGE_LOOP('',(#4558,#4559,#4560,#4561));
#1168=EDGE_LOOP('',(#4562,#4563,#4564,#4565));
#1169=EDGE_LOOP('',(#4566,#4567,#4568,#4569));
#1170=EDGE_LOOP('',(#4570,#4571,#4572,#4573));
#1171=EDGE_LOOP('',(#4574,#4575,#4576,#4577));
#1172=EDGE_LOOP('',(#4578,#4579,#4580,#4581));
#1173=EDGE_LOOP('',(#4582,#4583,#4584,#4585));
#1174=EDGE_LOOP('',(#4586,#4587,#4588,#4589));
#1175=EDGE_LOOP('',(#4590,#4591,#4592,#4593));
#1176=EDGE_LOOP('',(#4594,#4595,#4596,#4597));
#1177=EDGE_LOOP('',(#4598,#4599,#4600,#4601));
#1178=EDGE_LOOP('',(#4602,#4603,#4604,#4605));
#1179=EDGE_LOOP('',(#4606,#4607,#4608,#4609));
#1180=EDGE_LOOP('',(#4610,#4611,#4612,#4613));
#1181=EDGE_LOOP('',(#4614,#4615,#4616,#4617));
#1182=EDGE_LOOP('',(#4618,#4619,#4620,#4621));
#1183=EDGE_LOOP('',(#4622,#4623,#4624,#4625));
#1184=EDGE_LOOP('',(#4626,#4627,#4628,#4629));
#1185=EDGE_LOOP('',(#4630,#4631,#4632,#4633));
#1186=EDGE_LOOP('',(#4634,#4635,#4636,#4637));
#1187=EDGE_LOOP('',(#4638,#4639,#4640,#4641));
#1188=EDGE_LOOP('',(#4642,#4643,#4644,#4645));
#1189=EDGE_LOOP('',(#4646,#4647,#4648,#4649));
#1190=EDGE_LOOP('',(#4650,#4651,#4652,#4653));
#1191=EDGE_LOOP('',(#4654,#4655,#4656,#4657));
#1192=EDGE_LOOP('',(#4658,#4659,#4660,#4661));
#1193=EDGE_LOOP('',(#4662,#4663,#4664,#4665));
#1194=EDGE_LOOP('',(#4666,#4667,#4668,#4669));
#1195=EDGE_LOOP('',(#4670,#4671,#4672,#4673));
#1196=EDGE_LOOP('',(#4674,#4675,#4676,#4677));
#1197=EDGE_LOOP('',(#4678,#4679,#4680,#4681));
#1198=EDGE_LOOP('',(#4682,#4683,#4684,#4685));
#1199=EDGE_LOOP('',(#4686,#4687,#4688,#4689));
#1200=EDGE_LOOP('',(#4690,#4691,#4692,#4693));
#1201=EDGE_LOOP('',(#4694,#4695,#4696,#4697));
#1202=EDGE_LOOP('',(#4698,#4699,#4700,#4701));
#1203=EDGE_LOOP('',(#4702,#4703,#4704,#4705));
#1204=EDGE_LOOP('',(#4706,#4707,#4708,#4709));
#1205=EDGE_LOOP('',(#4710,#4711,#4712,#4713,#4714));
#1206=EDGE_LOOP('',(#4715,#4716,#4717,#4718));
#1207=EDGE_LOOP('',(#4719,#4720,#4721,#4722,#4723));
#1208=EDGE_LOOP('',(#4724,#4725,#4726,#4727));
#1209=EDGE_LOOP('',(#4728,#4729,#4730,#4731));
#1210=EDGE_LOOP('',(#4732,#4733,#4734,#4735));
#1211=EDGE_LOOP('',(#4736,#4737,#4738,#4739));
#1212=EDGE_LOOP('',(#4740,#4741,#4742,#4743));
#1213=EDGE_LOOP('',(#4744,#4745,#4746,#4747));
#1214=EDGE_LOOP('',(#4748,#4749,#4750,#4751));
#1215=EDGE_LOOP('',(#4752,#4753,#4754,#4755));
#1216=EDGE_LOOP('',(#4756,#4757,#4758,#4759));
#1217=EDGE_LOOP('',(#4760,#4761,#4762,#4763));
#1218=EDGE_LOOP('',(#4764,#4765,#4766,#4767));
#1219=EDGE_LOOP('',(#4768,#4769,#4770,#4771));
#1220=EDGE_LOOP('',(#4772,#4773,#4774,#4775));
#1221=EDGE_LOOP('',(#4776,#4777,#4778,#4779));
#1222=EDGE_LOOP('',(#4780,#4781,#4782,#4783));
#1223=EDGE_LOOP('',(#4784,#4785,#4786,#4787));
#1224=EDGE_LOOP('',(#4788,#4789,#4790,#4791));
#1225=EDGE_LOOP('',(#4792,#4793,#4794,#4795));
#1226=EDGE_LOOP('',(#4796,#4797,#4798,#4799));
#1227=EDGE_LOOP('',(#4800,#4801,#4802,#4803));
#1228=EDGE_LOOP('',(#4804,#4805,#4806,#4807));
#1229=EDGE_LOOP('',(#4808,#4809,#4810,#4811));
#1230=EDGE_LOOP('',(#4812,#4813,#4814,#4815));
#1231=EDGE_LOOP('',(#4816,#4817,#4818,#4819));
#1232=EDGE_LOOP('',(#4820,#4821,#4822,#4823));
#1233=EDGE_LOOP('',(#4824,#4825,#4826,#4827));
#1234=EDGE_LOOP('',(#4828,#4829,#4830,#4831));
#1235=EDGE_LOOP('',(#4832,#4833,#4834,#4835));
#1236=EDGE_LOOP('',(#4836,#4837,#4838,#4839));
#1237=EDGE_LOOP('',(#4840,#4841,#4842,#4843));
#1238=EDGE_LOOP('',(#4844,#4845,#4846,#4847));
#1239=EDGE_LOOP('',(#4848,#4849,#4850,#4851));
#1240=EDGE_LOOP('',(#4852,#4853,#4854,#4855));
#1241=EDGE_LOOP('',(#4856,#4857,#4858,#4859));
#1242=EDGE_LOOP('',(#4860,#4861,#4862,#4863));
#1243=EDGE_LOOP('',(#4864,#4865,#4866,#4867));
#1244=EDGE_LOOP('',(#4868,#4869,#4870,#4871));
#1245=EDGE_LOOP('',(#4872,#4873,#4874,#4875));
#1246=EDGE_LOOP('',(#4876,#4877,#4878,#4879));
#1247=EDGE_LOOP('',(#4880,#4881,#4882,#4883));
#1248=EDGE_LOOP('',(#4884,#4885,#4886,#4887));
#1249=EDGE_LOOP('',(#4888,#4889,#4890,#4891));
#1250=EDGE_LOOP('',(#4892,#4893,#4894,#4895));
#1251=EDGE_LOOP('',(#4896,#4897,#4898,#4899));
#1252=EDGE_LOOP('',(#4900,#4901,#4902,#4903));
#1253=EDGE_LOOP('',(#4904,#4905,#4906,#4907));
#1254=EDGE_LOOP('',(#4908,#4909,#4910,#4911));
#1255=EDGE_LOOP('',(#4912,#4913,#4914,#4915));
#1256=EDGE_LOOP('',(#4916,#4917,#4918,#4919));
#1257=EDGE_LOOP('',(#4920,#4921,#4922,#4923));
#1258=EDGE_LOOP('',(#4924,#4925,#4926,#4927));
#1259=EDGE_LOOP('',(#4928,#4929,#4930,#4931));
#1260=EDGE_LOOP('',(#4932,#4933,#4934,#4935));
#1261=EDGE_LOOP('',(#4936,#4937,#4938,#4939));
#1262=EDGE_LOOP('',(#4940,#4941,#4942,#4943));
#1263=EDGE_LOOP('',(#4944,#4945,#4946,#4947));
#1264=EDGE_LOOP('',(#4948,#4949,#4950,#4951));
#1265=EDGE_LOOP('',(#4952,#4953,#4954,#4955));
#1266=EDGE_LOOP('',(#4956,#4957,#4958,#4959));
#1267=EDGE_LOOP('',(#4960,#4961,#4962,#4963));
#1268=EDGE_LOOP('',(#4964,#4965,#4966,#4967));
#1269=EDGE_LOOP('',(#4968,#4969,#4970,#4971));
#1270=EDGE_LOOP('',(#4972,#4973,#4974,#4975));
#1271=EDGE_LOOP('',(#4976,#4977,#4978,#4979));
#1272=EDGE_LOOP('',(#4980,#4981,#4982,#4983));
#1273=EDGE_LOOP('',(#4984,#4985,#4986,#4987));
#1274=EDGE_LOOP('',(#4988,#4989,#4990,#4991));
#1275=EDGE_LOOP('',(#4992,#4993,#4994,#4995));
#1276=EDGE_LOOP('',(#4996,#4997,#4998,#4999));
#1277=EDGE_LOOP('',(#5000,#5001,#5002,#5003));
#1278=EDGE_LOOP('',(#5004,#5005,#5006,#5007));
#1279=EDGE_LOOP('',(#5008,#5009,#5010,#5011));
#1280=EDGE_LOOP('',(#5012,#5013,#5014,#5015));
#1281=EDGE_LOOP('',(#5016,#5017,#5018,#5019));
#1282=EDGE_LOOP('',(#5020,#5021,#5022,#5023));
#1283=EDGE_LOOP('',(#5024,#5025,#5026,#5027));
#1284=EDGE_LOOP('',(#5028,#5029,#5030,#5031));
#1285=EDGE_LOOP('',(#5032,#5033,#5034,#5035));
#1286=EDGE_LOOP('',(#5036,#5037,#5038,#5039));
#1287=EDGE_LOOP('',(#5040,#5041,#5042,#5043));
#1288=EDGE_LOOP('',(#5044,#5045,#5046,#5047));
#1289=EDGE_LOOP('',(#5048,#5049,#5050,#5051));
#1290=EDGE_LOOP('',(#5052,#5053,#5054,#5055));
#1291=EDGE_LOOP('',(#5056,#5057,#5058,#5059));
#1292=EDGE_LOOP('',(#5060,#5061,#5062,#5063));
#1293=EDGE_LOOP('',(#5064,#5065,#5066,#5067));
#1294=EDGE_LOOP('',(#5068,#5069,#5070,#5071));
#1295=EDGE_LOOP('',(#5072,#5073,#5074,#5075));
#1296=EDGE_LOOP('',(#5076,#5077,#5078,#5079));
#1297=EDGE_LOOP('',(#5080,#5081,#5082,#5083));
#1298=EDGE_LOOP('',(#5084,#5085,#5086,#5087));
#1299=EDGE_LOOP('',(#5088,#5089,#5090,#5091));
#1300=EDGE_LOOP('',(#5092,#5093,#5094,#5095));
#1301=EDGE_LOOP('',(#5096,#5097,#5098,#5099));
#1302=EDGE_LOOP('',(#5100,#5101,#5102,#5103));
#1303=EDGE_LOOP('',(#5104,#5105,#5106,#5107));
#1304=EDGE_LOOP('',(#5108,#5109,#5110,#5111));
#1305=EDGE_LOOP('',(#5112,#5113,#5114,#5115));
#1306=EDGE_LOOP('',(#5116,#5117,#5118,#5119));
#1307=EDGE_LOOP('',(#5120,#5121,#5122,#5123));
#1308=EDGE_LOOP('',(#5124,#5125,#5126,#5127));
#1309=EDGE_LOOP('',(#5128,#5129,#5130,#5131));
#1310=EDGE_LOOP('',(#5132,#5133,#5134,#5135));
#1311=EDGE_LOOP('',(#5136,#5137,#5138,#5139));
#1312=EDGE_LOOP('',(#5140,#5141,#5142,#5143));
#1313=EDGE_LOOP('',(#5144,#5145,#5146,#5147));
#1314=EDGE_LOOP('',(#5148,#5149,#5150,#5151));
#1315=EDGE_LOOP('',(#5152,#5153,#5154,#5155));
#1316=EDGE_LOOP('',(#5156,#5157,#5158,#5159));
#1317=EDGE_LOOP('',(#5160,#5161,#5162,#5163));
#1318=EDGE_LOOP('',(#5164,#5165,#5166,#5167));
#1319=EDGE_LOOP('',(#5168,#5169,#5170,#5171));
#1320=EDGE_LOOP('',(#5172,#5173,#5174,#5175));
#1321=EDGE_LOOP('',(#5176,#5177,#5178,#5179));
#1322=EDGE_LOOP('',(#5180,#5181,#5182,#5183));
#1323=EDGE_LOOP('',(#5184,#5185,#5186,#5187));
#1324=EDGE_LOOP('',(#5188,#5189,#5190,#5191));
#1325=EDGE_LOOP('',(#5192,#5193,#5194,#5195));
#1326=EDGE_LOOP('',(#5196,#5197,#5198,#5199,#5200));
#1327=EDGE_LOOP('',(#5201,#5202,#5203,#5204));
#1328=EDGE_LOOP('',(#5205,#5206,#5207,#5208));
#1329=EDGE_LOOP('',(#5209,#5210,#5211,#5212));
#1330=EDGE_LOOP('',(#5213,#5214,#5215,#5216));
#1331=EDGE_LOOP('',(#5217,#5218,#5219,#5220));
#1332=EDGE_LOOP('',(#5221,#5222,#5223,#5224));
#1333=EDGE_LOOP('',(#5225,#5226,#5227,#5228));
#1334=EDGE_LOOP('',(#5229,#5230,#5231,#5232));
#1335=EDGE_LOOP('',(#5233,#5234,#5235,#5236));
#1336=EDGE_LOOP('',(#5237,#5238,#5239,#5240));
#1337=EDGE_LOOP('',(#5241,#5242,#5243,#5244));
#1338=EDGE_LOOP('',(#5245,#5246,#5247,#5248));
#1339=EDGE_LOOP('',(#5249,#5250,#5251,#5252));
#1340=EDGE_LOOP('',(#5253,#5254,#5255,#5256));
#1341=EDGE_LOOP('',(#5257,#5258,#5259,#5260));
#1342=EDGE_LOOP('',(#5261,#5262,#5263,#5264));
#1343=EDGE_LOOP('',(#5265,#5266,#5267,#5268));
#1344=EDGE_LOOP('',(#5269,#5270,#5271,#5272));
#1345=EDGE_LOOP('',(#5273,#5274,#5275,#5276));
#1346=EDGE_LOOP('',(#5277,#5278,#5279,#5280));
#1347=EDGE_LOOP('',(#5281,#5282,#5283,#5284));
#1348=EDGE_LOOP('',(#5285,#5286,#5287,#5288));
#1349=EDGE_LOOP('',(#5289,#5290,#5291,#5292));
#1350=EDGE_LOOP('',(#5293,#5294,#5295,#5296));
#1351=EDGE_LOOP('',(#5297,#5298,#5299,#5300));
#1352=EDGE_LOOP('',(#5301,#5302,#5303,#5304));
#1353=EDGE_LOOP('',(#5305,#5306,#5307,#5308));
#1354=EDGE_LOOP('',(#5309,#5310,#5311,#5312));
#1355=EDGE_LOOP('',(#5313,#5314,#5315,#5316));
#1356=EDGE_LOOP('',(#5317,#5318,#5319,#5320));
#1357=EDGE_LOOP('',(#5321));
#1358=EDGE_LOOP('',(#5322));
#1359=EDGE_LOOP('',(#5323));
#1360=EDGE_LOOP('',(#5324));
#1361=EDGE_LOOP('',(#5325,#5326,#5327,#5328));
#1362=EDGE_LOOP('',(#5329,#5330,#5331,#5332));
#1363=EDGE_LOOP('',(#5333,#5334,#5335,#5336));
#1364=EDGE_LOOP('',(#5337,#5338,#5339,#5340));
#1365=EDGE_LOOP('',(#5341,#5342,#5343,#5344));
#1366=EDGE_LOOP('',(#5345,#5346,#5347,#5348));
#1367=EDGE_LOOP('',(#5349,#5350,#5351,#5352));
#1368=EDGE_LOOP('',(#5353,#5354,#5355,#5356));
#1369=EDGE_LOOP('',(#5357,#5358,#5359,#5360));
#1370=EDGE_LOOP('',(#5361,#5362,#5363,#5364));
#1371=EDGE_LOOP('',(#5365,#5366,#5367,#5368));
#1372=EDGE_LOOP('',(#5369,#5370,#5371,#5372));
#1373=EDGE_LOOP('',(#5373,#5374,#5375,#5376));
#1374=EDGE_LOOP('',(#5377,#5378,#5379,#5380));
#1375=EDGE_LOOP('',(#5381,#5382,#5383,#5384));
#1376=EDGE_LOOP('',(#5385,#5386,#5387,#5388));
#1377=EDGE_LOOP('',(#5389,#5390,#5391,#5392));
#1378=EDGE_LOOP('',(#5393,#5394,#5395,#5396));
#1379=EDGE_LOOP('',(#5397,#5398,#5399,#5400));
#1380=EDGE_LOOP('',(#5401,#5402,#5403,#5404));
#1381=EDGE_LOOP('',(#5405,#5406,#5407,#5408));
#1382=EDGE_LOOP('',(#5409,#5410,#5411,#5412));
#1383=EDGE_LOOP('',(#5413,#5414,#5415,#5416));
#1384=EDGE_LOOP('',(#5417,#5418,#5419,#5420));
#1385=EDGE_LOOP('',(#5421,#5422,#5423,#5424));
#1386=EDGE_LOOP('',(#5425,#5426,#5427,#5428));
#1387=EDGE_LOOP('',(#5429,#5430,#5431,#5432));
#1388=EDGE_LOOP('',(#5433,#5434,#5435,#5436));
#1389=EDGE_LOOP('',(#5437,#5438,#5439,#5440));
#1390=EDGE_LOOP('',(#5441,#5442,#5443,#5444));
#1391=EDGE_LOOP('',(#5445,#5446,#5447,#5448));
#1392=EDGE_LOOP('',(#5449,#5450,#5451,#5452));
#1393=EDGE_LOOP('',(#5453,#5454,#5455,#5456));
#1394=EDGE_LOOP('',(#5457,#5458,#5459,#5460));
#1395=EDGE_LOOP('',(#5461,#5462,#5463,#5464));
#1396=EDGE_LOOP('',(#5465,#5466,#5467,#5468));
#1397=EDGE_LOOP('',(#5469,#5470,#5471,#5472));
#1398=EDGE_LOOP('',(#5473,#5474,#5475,#5476));
#1399=EDGE_LOOP('',(#5477,#5478,#5479,#5480));
#1400=EDGE_LOOP('',(#5481,#5482,#5483,#5484));
#1401=EDGE_LOOP('',(#5485,#5486,#5487,#5488));
#1402=EDGE_LOOP('',(#5489,#5490,#5491,#5492));
#1403=EDGE_LOOP('',(#5493,#5494,#5495,#5496));
#1404=EDGE_LOOP('',(#5497,#5498,#5499,#5500));
#1405=EDGE_LOOP('',(#5501,#5502,#5503,#5504));
#1406=EDGE_LOOP('',(#5505,#5506,#5507,#5508));
#1407=EDGE_LOOP('',(#5509,#5510,#5511,#5512));
#1408=EDGE_LOOP('',(#5513,#5514,#5515,#5516));
#1409=EDGE_LOOP('',(#5517,#5518,#5519,#5520));
#1410=EDGE_LOOP('',(#5521,#5522,#5523,#5524));
#1411=EDGE_LOOP('',(#5525,#5526,#5527,#5528));
#1412=EDGE_LOOP('',(#5529,#5530,#5531,#5532));
#1413=EDGE_LOOP('',(#5533,#5534,#5535,#5536));
#1414=EDGE_LOOP('',(#5537,#5538,#5539,#5540));
#1415=EDGE_LOOP('',(#5541,#5542,#5543,#5544));
#1416=EDGE_LOOP('',(#5545,#5546,#5547,#5548));
#1417=EDGE_LOOP('',(#5549,#5550,#5551,#5552));
#1418=EDGE_LOOP('',(#5553,#5554,#5555,#5556));
#1419=EDGE_LOOP('',(#5557,#5558,#5559,#5560));
#1420=EDGE_LOOP('',(#5561,#5562,#5563,#5564));
#1421=EDGE_LOOP('',(#5565,#5566,#5567,#5568));
#1422=EDGE_LOOP('',(#5569,#5570,#5571,#5572));
#1423=EDGE_LOOP('',(#5573,#5574,#5575,#5576));
#1424=EDGE_LOOP('',(#5577,#5578,#5579,#5580));
#1425=EDGE_LOOP('',(#5581,#5582,#5583,#5584));
#1426=EDGE_LOOP('',(#5585,#5586,#5587,#5588));
#1427=EDGE_LOOP('',(#5589,#5590,#5591,#5592));
#1428=EDGE_LOOP('',(#5593,#5594,#5595,#5596));
#1429=EDGE_LOOP('',(#5597,#5598,#5599,#5600));
#1430=EDGE_LOOP('',(#5601,#5602,#5603,#5604));
#1431=EDGE_LOOP('',(#5605,#5606,#5607,#5608));
#1432=EDGE_LOOP('',(#5609,#5610,#5611,#5612));
#1433=EDGE_LOOP('',(#5613,#5614,#5615,#5616));
#1434=EDGE_LOOP('',(#5617,#5618,#5619,#5620));
#1435=EDGE_LOOP('',(#5621,#5622,#5623,#5624));
#1436=EDGE_LOOP('',(#5625,#5626,#5627,#5628));
#1437=EDGE_LOOP('',(#5629,#5630,#5631,#5632));
#1438=EDGE_LOOP('',(#5633,#5634,#5635,#5636));
#1439=EDGE_LOOP('',(#5637,#5638,#5639,#5640));
#1440=EDGE_LOOP('',(#5641,#5642,#5643,#5644));
#1441=EDGE_LOOP('',(#5645,#5646,#5647,#5648));
#1442=EDGE_LOOP('',(#5649,#5650,#5651,#5652));
#1443=EDGE_LOOP('',(#5653,#5654,#5655,#5656));
#1444=EDGE_LOOP('',(#5657,#5658,#5659,#5660));
#1445=EDGE_LOOP('',(#5661,#5662,#5663,#5664));
#1446=EDGE_LOOP('',(#5665,#5666,#5667,#5668));
#1447=EDGE_LOOP('',(#5669,#5670,#5671,#5672));
#1448=EDGE_LOOP('',(#5673,#5674,#5675,#5676));
#1449=EDGE_LOOP('',(#5677,#5678,#5679,#5680));
#1450=EDGE_LOOP('',(#5681,#5682,#5683,#5684));
#1451=EDGE_LOOP('',(#5685,#5686,#5687,#5688));
#1452=EDGE_LOOP('',(#5689,#5690,#5691,#5692));
#1453=EDGE_LOOP('',(#5693,#5694,#5695,#5696));
#1454=EDGE_LOOP('',(#5697,#5698,#5699,#5700));
#1455=EDGE_LOOP('',(#5701,#5702,#5703,#5704));
#1456=EDGE_LOOP('',(#5705,#5706,#5707,#5708));
#1457=EDGE_LOOP('',(#5709,#5710,#5711,#5712));
#1458=EDGE_LOOP('',(#5713,#5714,#5715,#5716));
#1459=EDGE_LOOP('',(#5717,#5718,#5719,#5720));
#1460=EDGE_LOOP('',(#5721,#5722,#5723,#5724));
#1461=EDGE_LOOP('',(#5725,#5726,#5727,#5728));
#1462=EDGE_LOOP('',(#5729));
#1463=EDGE_LOOP('',(#5730));
#1464=EDGE_LOOP('',(#5731));
#1465=EDGE_LOOP('',(#5732));
#1466=EDGE_LOOP('',(#5733,#5734,#5735,#5736));
#1467=EDGE_LOOP('',(#5737,#5738,#5739,#5740));
#1468=EDGE_LOOP('',(#5741));
#1469=EDGE_LOOP('',(#5742));
#1470=LINE('',#8895,#1893);
#1471=LINE('',#8901,#1894);
#1472=LINE('',#8907,#1895);
#1473=LINE('',#8913,#1896);
#1474=LINE('',#8919,#1897);
#1475=LINE('',#8926,#1898);
#1476=LINE('',#8934,#1899);
#1477=LINE('',#8940,#1900);
#1478=LINE('',#8946,#1901);
#1479=LINE('',#8953,#1902);
#1480=LINE('',#8985,#1903);
#1481=LINE('',#8994,#1904);
#1482=LINE('',#8996,#1905);
#1483=LINE('',#9006,#1906);
#1484=LINE('',#9013,#1907);
#1485=LINE('',#9026,#1908);
#1486=LINE('',#9035,#1909);
#1487=LINE('',#9043,#1910);
#1488=LINE('',#9048,#1911);
#1489=LINE('',#9052,#1912);
#1490=LINE('',#9059,#1913);
#1491=LINE('',#9064,#1914);
#1492=LINE('',#9068,#1915);
#1493=LINE('',#9073,#1916);
#1494=LINE('',#9078,#1917);
#1495=LINE('',#9081,#1918);
#1496=LINE('',#9086,#1919);
#1497=LINE('',#9091,#1920);
#1498=LINE('',#9096,#1921);
#1499=LINE('',#9100,#1922);
#1500=LINE('',#9107,#1923);
#1501=LINE('',#9112,#1924);
#1502=LINE('',#9116,#1925);
#1503=LINE('',#9172,#1926);
#1504=LINE('',#9178,#1927);
#1505=LINE('',#9186,#1928);
#1506=LINE('',#9192,#1929);
#1507=LINE('',#9200,#1930);
#1508=LINE('',#9208,#1931);
#1509=LINE('',#9210,#1932);
#1510=LINE('',#9212,#1933);
#1511=LINE('',#9213,#1934);
#1512=LINE('',#9217,#1935);
#1513=LINE('',#9219,#1936);
#1514=LINE('',#9221,#1937);
#1515=LINE('',#9222,#1938);
#1516=LINE('',#9224,#1939);
#1517=LINE('',#9225,#1940);
#1518=LINE('',#9227,#1941);
#1519=LINE('',#9231,#1942);
#1520=LINE('',#9233,#1943);
#1521=LINE('',#9235,#1944);
#1522=LINE('',#9236,#1945);
#1523=LINE('',#9240,#1946);
#1524=LINE('',#9242,#1947);
#1525=LINE('',#9244,#1948);
#1526=LINE('',#9245,#1949);
#1527=LINE('',#9247,#1950);
#1528=LINE('',#9248,#1951);
#1529=LINE('',#9250,#1952);
#1530=LINE('',#9253,#1953);
#1531=LINE('',#9255,#1954);
#1532=LINE('',#9257,#1955);
#1533=LINE('',#9259,#1956);
#1534=LINE('',#9261,#1957);
#1535=LINE('',#9263,#1958);
#1536=LINE('',#9265,#1959);
#1537=LINE('',#9267,#1960);
#1538=LINE('',#9269,#1961);
#1539=LINE('',#9271,#1962);
#1540=LINE('',#9273,#1963);
#1541=LINE('',#9275,#1964);
#1542=LINE('',#9276,#1965);
#1543=LINE('',#9279,#1966);
#1544=LINE('',#9281,#1967);
#1545=LINE('',#9283,#1968);
#1546=LINE('',#9285,#1969);
#1547=LINE('',#9287,#1970);
#1548=LINE('',#9289,#1971);
#1549=LINE('',#9291,#1972);
#1550=LINE('',#9293,#1973);
#1551=LINE('',#9295,#1974);
#1552=LINE('',#9297,#1975);
#1553=LINE('',#9299,#1976);
#1554=LINE('',#9301,#1977);
#1555=LINE('',#9302,#1978);
#1556=LINE('',#9307,#1979);
#1557=LINE('',#9314,#1980);
#1558=LINE('',#9318,#1981);
#1559=LINE('',#9319,#1982);
#1560=LINE('',#9321,#1983);
#1561=LINE('',#9322,#1984);
#1562=LINE('',#9327,#1985);
#1563=LINE('',#9328,#1986);
#1564=LINE('',#9330,#1987);
#1565=LINE('',#9331,#1988);
#1566=LINE('',#9336,#1989);
#1567=LINE('',#9339,#1990);
#1568=LINE('',#9342,#1991);
#1569=LINE('',#9346,#1992);
#1570=LINE('',#9349,#1993);
#1571=LINE('',#9351,#1994);
#1572=LINE('',#9358,#1995);
#1573=LINE('',#9367,#1996);
#1574=LINE('',#10882,#1997);
#1575=LINE('',#12382,#1998);
#1576=LINE('',#12393,#1999);
#1577=LINE('',#12398,#2000);
#1578=LINE('',#12402,#2001);
#1579=LINE('',#12404,#2002);
#1580=LINE('',#12408,#2003);
#1581=LINE('',#12439,#2004);
#1582=LINE('',#12445,#2005);
#1583=LINE('',#12447,#2006);
#1584=LINE('',#12451,#2007);
#1585=LINE('',#12478,#2008);
#1586=LINE('',#12486,#2009);
#1587=LINE('',#12490,#2010);
#1588=LINE('',#12494,#2011);
#1589=LINE('',#12499,#2012);
#1590=LINE('',#12505,#2013);
#1591=LINE('',#12508,#2014);
#1592=LINE('',#12511,#2015);
#1593=LINE('',#12515,#2016);
#1594=LINE('',#12519,#2017);
#1595=LINE('',#12523,#2018);
#1596=LINE('',#12527,#2019);
#1597=LINE('',#12531,#2020);
#1598=LINE('',#12535,#2021);
#1599=LINE('',#12539,#2022);
#1600=LINE('',#12543,#2023);
#1601=LINE('',#12547,#2024);
#1602=LINE('',#12551,#2025);
#1603=LINE('',#12555,#2026);
#1604=LINE('',#12559,#2027);
#1605=LINE('',#12563,#2028);
#1606=LINE('',#12567,#2029);
#1607=LINE('',#12571,#2030);
#1608=LINE('',#12575,#2031);
#1609=LINE('',#12579,#2032);
#1610=LINE('',#12583,#2033);
#1611=LINE('',#12587,#2034);
#1612=LINE('',#12591,#2035);
#1613=LINE('',#12595,#2036);
#1614=LINE('',#12599,#2037);
#1615=LINE('',#12603,#2038);
#1616=LINE('',#12607,#2039);
#1617=LINE('',#12611,#2040);
#1618=LINE('',#12615,#2041);
#1619=LINE('',#12619,#2042);
#1620=LINE('',#12623,#2043);
#1621=LINE('',#12627,#2044);
#1622=LINE('',#12631,#2045);
#1623=LINE('',#12635,#2046);
#1624=LINE('',#12639,#2047);
#1625=LINE('',#12643,#2048);
#1626=LINE('',#12647,#2049);
#1627=LINE('',#12651,#2050);
#1628=LINE('',#12655,#2051);
#1629=LINE('',#12659,#2052);
#1630=LINE('',#12663,#2053);
#1631=LINE('',#12667,#2054);
#1632=LINE('',#12671,#2055);
#1633=LINE('',#12675,#2056);
#1634=LINE('',#12679,#2057);
#1635=LINE('',#12683,#2058);
#1636=LINE('',#12687,#2059);
#1637=LINE('',#12691,#2060);
#1638=LINE('',#12695,#2061);
#1639=LINE('',#12699,#2062);
#1640=LINE('',#12705,#2063);
#1641=LINE('',#12708,#2064);
#1642=LINE('',#12711,#2065);
#1643=LINE('',#12715,#2066);
#1644=LINE('',#12719,#2067);
#1645=LINE('',#12723,#2068);
#1646=LINE('',#12727,#2069);
#1647=LINE('',#12731,#2070);
#1648=LINE('',#12735,#2071);
#1649=LINE('',#12739,#2072);
#1650=LINE('',#12743,#2073);
#1651=LINE('',#12747,#2074);
#1652=LINE('',#12751,#2075);
#1653=LINE('',#12755,#2076);
#1654=LINE('',#12759,#2077);
#1655=LINE('',#12763,#2078);
#1656=LINE('',#12767,#2079);
#1657=LINE('',#12771,#2080);
#1658=LINE('',#12775,#2081);
#1659=LINE('',#12779,#2082);
#1660=LINE('',#12783,#2083);
#1661=LINE('',#12787,#2084);
#1662=LINE('',#12791,#2085);
#1663=LINE('',#12795,#2086);
#1664=LINE('',#12799,#2087);
#1665=LINE('',#12803,#2088);
#1666=LINE('',#12807,#2089);
#1667=LINE('',#12811,#2090);
#1668=LINE('',#12815,#2091);
#1669=LINE('',#12819,#2092);
#1670=LINE('',#12823,#2093);
#1671=LINE('',#12827,#2094);
#1672=LINE('',#12831,#2095);
#1673=LINE('',#12835,#2096);
#1674=LINE('',#12839,#2097);
#1675=LINE('',#12843,#2098);
#1676=LINE('',#12847,#2099);
#1677=LINE('',#12851,#2100);
#1678=LINE('',#12855,#2101);
#1679=LINE('',#12859,#2102);
#1680=LINE('',#12863,#2103);
#1681=LINE('',#12867,#2104);
#1682=LINE('',#12871,#2105);
#1683=LINE('',#12875,#2106);
#1684=LINE('',#12879,#2107);
#1685=LINE('',#12883,#2108);
#1686=LINE('',#12887,#2109);
#1687=LINE('',#12891,#2110);
#1688=LINE('',#12895,#2111);
#1689=LINE('',#12902,#2112);
#1690=LINE('',#12905,#2113);
#1691=LINE('',#12919,#2114);
#1692=LINE('',#12920,#2115);
#1693=LINE('',#13496,#2116);
#1694=LINE('',#13499,#2117);
#1695=LINE('',#13504,#2118);
#1696=LINE('',#13505,#2119);
#1697=LINE('',#13510,#2120);
#1698=LINE('',#13511,#2121);
#1699=LINE('',#13516,#2122);
#1700=LINE('',#13517,#2123);
#1701=LINE('',#13522,#2124);
#1702=LINE('',#13523,#2125);
#1703=LINE('',#13528,#2126);
#1704=LINE('',#13529,#2127);
#1705=LINE('',#13534,#2128);
#1706=LINE('',#13535,#2129);
#1707=LINE('',#13540,#2130);
#1708=LINE('',#13541,#2131);
#1709=LINE('',#13546,#2132);
#1710=LINE('',#13547,#2133);
#1711=LINE('',#13552,#2134);
#1712=LINE('',#13553,#2135);
#1713=LINE('',#13558,#2136);
#1714=LINE('',#13559,#2137);
#1715=LINE('',#13564,#2138);
#1716=LINE('',#13565,#2139);
#1717=LINE('',#13570,#2140);
#1718=LINE('',#13571,#2141);
#1719=LINE('',#13576,#2142);
#1720=LINE('',#13577,#2143);
#1721=LINE('',#13582,#2144);
#1722=LINE('',#13583,#2145);
#1723=LINE('',#13588,#2146);
#1724=LINE('',#13589,#2147);
#1725=LINE('',#13594,#2148);
#1726=LINE('',#13595,#2149);
#1727=LINE('',#13600,#2150);
#1728=LINE('',#13601,#2151);
#1729=LINE('',#13606,#2152);
#1730=LINE('',#13607,#2153);
#1731=LINE('',#13612,#2154);
#1732=LINE('',#13613,#2155);
#1733=LINE('',#13618,#2156);
#1734=LINE('',#13619,#2157);
#1735=LINE('',#13624,#2158);
#1736=LINE('',#13625,#2159);
#1737=LINE('',#13630,#2160);
#1738=LINE('',#13631,#2161);
#1739=LINE('',#13636,#2162);
#1740=LINE('',#13637,#2163);
#1741=LINE('',#13642,#2164);
#1742=LINE('',#13643,#2165);
#1743=LINE('',#13648,#2166);
#1744=LINE('',#13649,#2167);
#1745=LINE('',#13654,#2168);
#1746=LINE('',#13655,#2169);
#1747=LINE('',#13660,#2170);
#1748=LINE('',#13661,#2171);
#1749=LINE('',#13666,#2172);
#1750=LINE('',#13667,#2173);
#1751=LINE('',#13672,#2174);
#1752=LINE('',#13673,#2175);
#1753=LINE('',#13678,#2176);
#1754=LINE('',#13679,#2177);
#1755=LINE('',#13684,#2178);
#1756=LINE('',#13685,#2179);
#1757=LINE('',#13688,#2180);
#1758=LINE('',#13691,#2181);
#1759=LINE('',#13694,#2182);
#1760=LINE('',#13697,#2183);
#1761=LINE('',#13700,#2184);
#1762=LINE('',#13703,#2185);
#1763=LINE('',#13706,#2186);
#1764=LINE('',#13709,#2187);
#1765=LINE('',#13712,#2188);
#1766=LINE('',#13715,#2189);
#1767=LINE('',#13718,#2190);
#1768=LINE('',#13721,#2191);
#1769=LINE('',#13724,#2192);
#1770=LINE('',#13727,#2193);
#1771=LINE('',#13730,#2194);
#1772=LINE('',#13733,#2195);
#1773=LINE('',#13736,#2196);
#1774=LINE('',#13739,#2197);
#1775=LINE('',#13742,#2198);
#1776=LINE('',#13745,#2199);
#1777=LINE('',#13748,#2200);
#1778=LINE('',#13751,#2201);
#1779=LINE('',#13754,#2202);
#1780=LINE('',#13757,#2203);
#1781=LINE('',#13760,#2204);
#1782=LINE('',#13763,#2205);
#1783=LINE('',#13766,#2206);
#1784=LINE('',#13769,#2207);
#1785=LINE('',#13772,#2208);
#1786=LINE('',#13775,#2209);
#1787=LINE('',#13780,#2210);
#1788=LINE('',#13781,#2211);
#1789=LINE('',#13783,#2212);
#1790=LINE('',#13784,#2213);
#1791=LINE('',#13786,#2214);
#1792=LINE('',#13787,#2215);
#1793=LINE('',#13789,#2216);
#1794=LINE('',#13790,#2217);
#1795=LINE('',#13792,#2218);
#1796=LINE('',#13793,#2219);
#1797=LINE('',#13795,#2220);
#1798=LINE('',#13796,#2221);
#1799=LINE('',#13798,#2222);
#1800=LINE('',#13799,#2223);
#1801=LINE('',#13801,#2224);
#1802=LINE('',#13802,#2225);
#1803=LINE('',#13804,#2226);
#1804=LINE('',#13805,#2227);
#1805=LINE('',#13807,#2228);
#1806=LINE('',#13808,#2229);
#1807=LINE('',#13810,#2230);
#1808=LINE('',#13811,#2231);
#1809=LINE('',#13813,#2232);
#1810=LINE('',#13814,#2233);
#1811=LINE('',#13816,#2234);
#1812=LINE('',#13817,#2235);
#1813=LINE('',#13819,#2236);
#1814=LINE('',#13820,#2237);
#1815=LINE('',#13822,#2238);
#1816=LINE('',#13823,#2239);
#1817=LINE('',#13825,#2240);
#1818=LINE('',#13826,#2241);
#1819=LINE('',#13828,#2242);
#1820=LINE('',#13829,#2243);
#1821=LINE('',#13831,#2244);
#1822=LINE('',#13832,#2245);
#1823=LINE('',#13834,#2246);
#1824=LINE('',#13835,#2247);
#1825=LINE('',#13837,#2248);
#1826=LINE('',#13838,#2249);
#1827=LINE('',#13840,#2250);
#1828=LINE('',#13841,#2251);
#1829=LINE('',#13843,#2252);
#1830=LINE('',#13844,#2253);
#1831=LINE('',#13846,#2254);
#1832=LINE('',#13847,#2255);
#1833=LINE('',#13849,#2256);
#1834=LINE('',#13850,#2257);
#1835=LINE('',#13852,#2258);
#1836=LINE('',#13853,#2259);
#1837=LINE('',#13855,#2260);
#1838=LINE('',#13856,#2261);
#1839=LINE('',#13858,#2262);
#1840=LINE('',#13859,#2263);
#1841=LINE('',#13861,#2264);
#1842=LINE('',#13862,#2265);
#1843=LINE('',#13864,#2266);
#1844=LINE('',#13865,#2267);
#1845=LINE('',#13867,#2268);
#1846=LINE('',#13868,#2269);
#1847=LINE('',#13870,#2270);
#1848=LINE('',#13871,#2271);
#1849=LINE('',#13873,#2272);
#1850=LINE('',#13874,#2273);
#1851=LINE('',#13876,#2274);
#1852=LINE('',#13877,#2275);
#1853=LINE('',#13879,#2276);
#1854=LINE('',#13880,#2277);
#1855=LINE('',#13882,#2278);
#1856=LINE('',#13883,#2279);
#1857=LINE('',#13885,#2280);
#1858=LINE('',#13886,#2281);
#1859=LINE('',#13888,#2282);
#1860=LINE('',#13889,#2283);
#1861=LINE('',#13891,#2284);
#1862=LINE('',#13892,#2285);
#1863=LINE('',#13894,#2286);
#1864=LINE('',#13895,#2287);
#1865=LINE('',#13897,#2288);
#1866=LINE('',#13898,#2289);
#1867=LINE('',#13900,#2290);
#1868=LINE('',#13901,#2291);
#1869=LINE('',#13903,#2292);
#1870=LINE('',#13904,#2293);
#1871=LINE('',#13906,#2294);
#1872=LINE('',#13907,#2295);
#1873=LINE('',#13909,#2296);
#1874=LINE('',#13910,#2297);
#1875=LINE('',#13912,#2298);
#1876=LINE('',#13913,#2299);
#1877=LINE('',#13915,#2300);
#1878=LINE('',#13916,#2301);
#1879=LINE('',#13918,#2302);
#1880=LINE('',#13919,#2303);
#1881=LINE('',#13921,#2304);
#1882=LINE('',#13922,#2305);
#1883=LINE('',#13924,#2306);
#1884=LINE('',#13925,#2307);
#1885=LINE('',#13927,#2308);
#1886=LINE('',#13928,#2309);
#1887=LINE('',#13945,#2310);
#1888=LINE('',#13946,#2311);
#1889=LINE('',#13948,#2312);
#1890=LINE('',#13949,#2313);
#1891=LINE('',#14053,#2314);
#1892=LINE('',#14057,#2315);
#1893=VECTOR('',#7040,2.);
#1894=VECTOR('',#7047,2.);
#1895=VECTOR('',#7054,2.);
#1896=VECTOR('',#7061,2.);
#1897=VECTOR('',#7068,2.5);
#1898=VECTOR('',#7077,2.5);
#1899=VECTOR('',#7088,27.5);
#1900=VECTOR('',#7095,17.5);
#1901=VECTOR('',#7102,20.5);
#1902=VECTOR('',#7113,27.5);
#1903=VECTOR('',#7158,20.2);
#1904=VECTOR('',#7169,20.);
#1905=VECTOR('',#7172,20.2);
#1906=VECTOR('',#7183,19.4);
#1907=VECTOR('',#7192,19.4);
#1908=VECTOR('',#7207,21.);
#1909=VECTOR('',#7218,21.);
#1910=VECTOR('',#7229,20.5);
#1911=VECTOR('',#7236,27.5);
#1912=VECTOR('',#7241,27.5);
#1913=VECTOR('',#7250,20.5);
#1914=VECTOR('',#7257,27.5);
#1915=VECTOR('',#7262,27.5);
#1916=VECTOR('',#7269,19.4);
#1917=VECTOR('',#7276,19.4);
#1918=VECTOR('',#7279,21.);
#1919=VECTOR('',#7286,21.);
#1920=VECTOR('',#7291,20.5);
#1921=VECTOR('',#7298,27.5);
#1922=VECTOR('',#7303,27.5);
#1923=VECTOR('',#7312,20.5);
#1924=VECTOR('',#7319,27.5);
#1925=VECTOR('',#7324,27.5);
#1926=VECTOR('',#7343,0.5);
#1927=VECTOR('',#7350,0.5);
#1928=VECTOR('',#7361,0.5);
#1929=VECTOR('',#7368,0.5);
#1930=VECTOR('',#7379,6.);
#1931=VECTOR('',#7390,10.);
#1932=VECTOR('',#7391,10.);
#1933=VECTOR('',#7392,10.);
#1934=VECTOR('',#7393,10.);
#1935=VECTOR('',#7396,10.);
#1936=VECTOR('',#7397,10.);
#1937=VECTOR('',#7398,10.);
#1938=VECTOR('',#7399,10.);
#1939=VECTOR('',#7402,10.);
#1940=VECTOR('',#7403,10.);
#1941=VECTOR('',#7406,10.);
#1942=VECTOR('',#7409,10.);
#1943=VECTOR('',#7410,10.);
#1944=VECTOR('',#7411,10.);
#1945=VECTOR('',#7412,10.);
#1946=VECTOR('',#7415,10.);
#1947=VECTOR('',#7416,10.);
#1948=VECTOR('',#7417,10.);
#1949=VECTOR('',#7418,10.);
#1950=VECTOR('',#7421,10.);
#1951=VECTOR('',#7422,10.);
#1952=VECTOR('',#7425,10.);
#1953=VECTOR('',#7428,10.);
#1954=VECTOR('',#7429,10.);
#1955=VECTOR('',#7430,10.);
#1956=VECTOR('',#7431,10.);
#1957=VECTOR('',#7432,10.);
#1958=VECTOR('',#7433,10.);
#1959=VECTOR('',#7434,10.);
#1960=VECTOR('',#7435,10.);
#1961=VECTOR('',#7436,10.);
#1962=VECTOR('',#7437,10.);
#1963=VECTOR('',#7438,10.);
#1964=VECTOR('',#7439,10.);
#1965=VECTOR('',#7440,10.);
#1966=VECTOR('',#7443,10.);
#1967=VECTOR('',#7444,10.);
#1968=VECTOR('',#7445,10.);
#1969=VECTOR('',#7446,10.);
#1970=VECTOR('',#7447,10.);
#1971=VECTOR('',#7448,10.);
#1972=VECTOR('',#7449,10.);
#1973=VECTOR('',#7450,10.);
#1974=VECTOR('',#7451,10.);
#1975=VECTOR('',#7452,10.);
#1976=VECTOR('',#7453,10.);
#1977=VECTOR('',#7454,10.);
#1978=VECTOR('',#7455,10.);
#1979=VECTOR('',#7460,2.5);
#1980=VECTOR('',#7469,2.5);
#1981=VECTOR('',#7476,10.);
#1982=VECTOR('',#7477,10.);
#1983=VECTOR('',#7480,10.);
#1984=VECTOR('',#7481,10.);
#1985=VECTOR('',#7488,10.);
#1986=VECTOR('',#7489,10.);
#1987=VECTOR('',#7492,10.);
#1988=VECTOR('',#7493,10.);
#1989=VECTOR('',#7500,10.);
#1990=VECTOR('',#7505,10.);
#1991=VECTOR('',#7508,0.65);
#1992=VECTOR('',#7513,0.65);
#1993=VECTOR('',#7518,10.);
#1994=VECTOR('',#7521,10.);
#1995=VECTOR('',#7530,1.);
#1996=VECTOR('',#7543,1.5);
#1997=VECTOR('',#7556,0.4572);
#1998=VECTOR('',#7567,0.530859999999967);
#1999=VECTOR('',#7580,0.65405);
#2000=VECTOR('',#7585,0.4826);
#2001=VECTOR('',#7590,0.4826);
#2002=VECTOR('',#7591,1000.);
#2003=VECTOR('',#7594,1000.);
#2004=VECTOR('',#7599,0.80645);
#2005=VECTOR('',#7606,0.6604);
#2006=VECTOR('',#7607,1000.);
#2007=VECTOR('',#7610,1000.);
#2008=VECTOR('',#7615,0.98425);
#2009=VECTOR('',#7624,0.83185);
#2010=VECTOR('',#7627,1000.);
#2011=VECTOR('',#7630,0.83185);
#2012=VECTOR('',#7635,1000.);
#2013=VECTOR('',#7640,1000.);
#2014=VECTOR('',#7643,1000.);
#2015=VECTOR('',#7644,1000.);
#2016=VECTOR('',#7647,1000.);
#2017=VECTOR('',#7650,1000.);
#2018=VECTOR('',#7653,1000.);
#2019=VECTOR('',#7656,1000.);
#2020=VECTOR('',#7659,1000.);
#2021=VECTOR('',#7662,1000.);
#2022=VECTOR('',#7665,1000.);
#2023=VECTOR('',#7668,1000.);
#2024=VECTOR('',#7671,1000.);
#2025=VECTOR('',#7674,1000.);
#2026=VECTOR('',#7677,1000.);
#2027=VECTOR('',#7680,1000.);
#2028=VECTOR('',#7683,1000.);
#2029=VECTOR('',#7686,1000.);
#2030=VECTOR('',#7689,1000.);
#2031=VECTOR('',#7692,1000.);
#2032=VECTOR('',#7695,1000.);
#2033=VECTOR('',#7698,1000.);
#2034=VECTOR('',#7701,1000.);
#2035=VECTOR('',#7704,1000.);
#2036=VECTOR('',#7707,1000.);
#2037=VECTOR('',#7710,1000.);
#2038=VECTOR('',#7713,1000.);
#2039=VECTOR('',#7716,1000.);
#2040=VECTOR('',#7719,1000.);
#2041=VECTOR('',#7722,1000.);
#2042=VECTOR('',#7725,1000.);
#2043=VECTOR('',#7728,1000.);
#2044=VECTOR('',#7731,1000.);
#2045=VECTOR('',#7734,1000.);
#2046=VECTOR('',#7737,1000.);
#2047=VECTOR('',#7740,1000.);
#2048=VECTOR('',#7743,1000.);
#2049=VECTOR('',#7746,1000.);
#2050=VECTOR('',#7749,1000.);
#2051=VECTOR('',#7752,1000.);
#2052=VECTOR('',#7755,1000.);
#2053=VECTOR('',#7758,1000.);
#2054=VECTOR('',#7761,1000.);
#2055=VECTOR('',#7764,1000.);
#2056=VECTOR('',#7767,1000.);
#2057=VECTOR('',#7770,1000.);
#2058=VECTOR('',#7773,1000.);
#2059=VECTOR('',#7776,1000.);
#2060=VECTOR('',#7779,1000.);
#2061=VECTOR('',#7782,1000.);
#2062=VECTOR('',#7785,1000.);
#2063=VECTOR('',#7790,1000.);
#2064=VECTOR('',#7793,1000.);
#2065=VECTOR('',#7794,1000.);
#2066=VECTOR('',#7797,1000.);
#2067=VECTOR('',#7800,1000.);
#2068=VECTOR('',#7803,1000.);
#2069=VECTOR('',#7806,1000.);
#2070=VECTOR('',#7809,1000.);
#2071=VECTOR('',#7812,1000.);
#2072=VECTOR('',#7815,1000.);
#2073=VECTOR('',#7818,1000.);
#2074=VECTOR('',#7821,1000.);
#2075=VECTOR('',#7824,1000.);
#2076=VECTOR('',#7827,1000.);
#2077=VECTOR('',#7830,1000.);
#2078=VECTOR('',#7833,1000.);
#2079=VECTOR('',#7836,1000.);
#2080=VECTOR('',#7839,1000.);
#2081=VECTOR('',#7842,1000.);
#2082=VECTOR('',#7845,1000.);
#2083=VECTOR('',#7848,1000.);
#2084=VECTOR('',#7851,1000.);
#2085=VECTOR('',#7854,1000.);
#2086=VECTOR('',#7857,1000.);
#2087=VECTOR('',#7860,1000.);
#2088=VECTOR('',#7863,1000.);
#2089=VECTOR('',#7866,1000.);
#2090=VECTOR('',#7869,1000.);
#2091=VECTOR('',#7872,1000.);
#2092=VECTOR('',#7875,1000.);
#2093=VECTOR('',#7878,1000.);
#2094=VECTOR('',#7881,1000.);
#2095=VECTOR('',#7884,1000.);
#2096=VECTOR('',#7887,1000.);
#2097=VECTOR('',#7890,1000.);
#2098=VECTOR('',#7893,1000.);
#2099=VECTOR('',#7896,1000.);
#2100=VECTOR('',#7899,1000.);
#2101=VECTOR('',#7902,1000.);
#2102=VECTOR('',#7905,1000.);
#2103=VECTOR('',#7908,1000.);
#2104=VECTOR('',#7911,1000.);
#2105=VECTOR('',#7914,1000.);
#2106=VECTOR('',#7917,1000.);
#2107=VECTOR('',#7920,1000.);
#2108=VECTOR('',#7923,1000.);
#2109=VECTOR('',#7926,1000.);
#2110=VECTOR('',#7929,1000.);
#2111=VECTOR('',#7934,0.83185);
#2112=VECTOR('',#7941,1000.);
#2113=VECTOR('',#7944,1000.);
#2114=VECTOR('',#7951,1000.);
#2115=VECTOR('',#7952,1000.);
#2116=VECTOR('',#8145,1000.);
#2117=VECTOR('',#8148,1000.);
#2118=VECTOR('',#8153,1000.);
#2119=VECTOR('',#8154,1000.);
#2120=VECTOR('',#8159,1000.);
#2121=VECTOR('',#8160,1000.);
#2122=VECTOR('',#8165,1000.);
#2123=VECTOR('',#8166,1000.);
#2124=VECTOR('',#8171,1000.);
#2125=VECTOR('',#8172,1000.);
#2126=VECTOR('',#8177,1000.);
#2127=VECTOR('',#8178,1000.);
#2128=VECTOR('',#8183,1000.);
#2129=VECTOR('',#8184,1000.);
#2130=VECTOR('',#8189,1000.);
#2131=VECTOR('',#8190,1000.);
#2132=VECTOR('',#8195,1000.);
#2133=VECTOR('',#8196,1000.);
#2134=VECTOR('',#8201,1000.);
#2135=VECTOR('',#8202,1000.);
#2136=VECTOR('',#8207,1000.);
#2137=VECTOR('',#8208,1000.);
#2138=VECTOR('',#8213,1000.);
#2139=VECTOR('',#8214,1000.);
#2140=VECTOR('',#8219,1000.);
#2141=VECTOR('',#8220,1000.);
#2142=VECTOR('',#8225,1000.);
#2143=VECTOR('',#8226,1000.);
#2144=VECTOR('',#8231,1000.);
#2145=VECTOR('',#8232,1000.);
#2146=VECTOR('',#8237,1000.);
#2147=VECTOR('',#8238,1000.);
#2148=VECTOR('',#8243,1000.);
#2149=VECTOR('',#8244,1000.);
#2150=VECTOR('',#8249,1000.);
#2151=VECTOR('',#8250,1000.);
#2152=VECTOR('',#8255,1000.);
#2153=VECTOR('',#8256,1000.);
#2154=VECTOR('',#8261,1000.);
#2155=VECTOR('',#8262,1000.);
#2156=VECTOR('',#8267,1000.);
#2157=VECTOR('',#8268,1000.);
#2158=VECTOR('',#8273,1000.);
#2159=VECTOR('',#8274,1000.);
#2160=VECTOR('',#8279,1000.);
#2161=VECTOR('',#8280,1000.);
#2162=VECTOR('',#8285,1000.);
#2163=VECTOR('',#8286,1000.);
#2164=VECTOR('',#8291,1000.);
#2165=VECTOR('',#8292,1000.);
#2166=VECTOR('',#8297,1000.);
#2167=VECTOR('',#8298,1000.);
#2168=VECTOR('',#8303,1000.);
#2169=VECTOR('',#8304,1000.);
#2170=VECTOR('',#8309,1000.);
#2171=VECTOR('',#8310,1000.);
#2172=VECTOR('',#8315,1000.);
#2173=VECTOR('',#8316,1000.);
#2174=VECTOR('',#8321,1000.);
#2175=VECTOR('',#8322,1000.);
#2176=VECTOR('',#8327,1000.);
#2177=VECTOR('',#8328,1000.);
#2178=VECTOR('',#8333,1000.);
#2179=VECTOR('',#8334,1000.);
#2180=VECTOR('',#8337,1000.);
#2181=VECTOR('',#8340,1000.);
#2182=VECTOR('',#8343,1000.);
#2183=VECTOR('',#8346,1000.);
#2184=VECTOR('',#8349,1000.);
#2185=VECTOR('',#8352,1000.);
#2186=VECTOR('',#8355,1000.);
#2187=VECTOR('',#8358,1000.);
#2188=VECTOR('',#8361,1000.);
#2189=VECTOR('',#8364,1000.);
#2190=VECTOR('',#8367,1000.);
#2191=VECTOR('',#8370,1000.);
#2192=VECTOR('',#8373,1000.);
#2193=VECTOR('',#8376,1000.);
#2194=VECTOR('',#8379,1000.);
#2195=VECTOR('',#8382,1000.);
#2196=VECTOR('',#8385,1000.);
#2197=VECTOR('',#8388,1000.);
#2198=VECTOR('',#8391,1000.);
#2199=VECTOR('',#8394,1000.);
#2200=VECTOR('',#8397,1000.);
#2201=VECTOR('',#8400,1000.);
#2202=VECTOR('',#8403,1000.);
#2203=VECTOR('',#8406,1000.);
#2204=VECTOR('',#8409,1000.);
#2205=VECTOR('',#8412,1000.);
#2206=VECTOR('',#8415,1000.);
#2207=VECTOR('',#8418,1000.);
#2208=VECTOR('',#8421,1000.);
#2209=VECTOR('',#8424,1000.);
#2210=VECTOR('',#8429,1000.);
#2211=VECTOR('',#8430,1000.);
#2212=VECTOR('',#8433,1000.);
#2213=VECTOR('',#8434,1000.);
#2214=VECTOR('',#8437,1000.);
#2215=VECTOR('',#8438,1000.);
#2216=VECTOR('',#8441,1000.);
#2217=VECTOR('',#8442,1000.);
#2218=VECTOR('',#8445,1000.);
#2219=VECTOR('',#8446,1000.);
#2220=VECTOR('',#8449,1000.);
#2221=VECTOR('',#8450,1000.);
#2222=VECTOR('',#8453,1000.);
#2223=VECTOR('',#8454,1000.);
#2224=VECTOR('',#8457,1000.);
#2225=VECTOR('',#8458,1000.);
#2226=VECTOR('',#8461,1000.);
#2227=VECTOR('',#8462,1000.);
#2228=VECTOR('',#8465,1000.);
#2229=VECTOR('',#8466,1000.);
#2230=VECTOR('',#8469,1000.);
#2231=VECTOR('',#8470,1000.);
#2232=VECTOR('',#8473,1000.);
#2233=VECTOR('',#8474,1000.);
#2234=VECTOR('',#8477,1000.);
#2235=VECTOR('',#8478,1000.);
#2236=VECTOR('',#8481,1000.);
#2237=VECTOR('',#8482,1000.);
#2238=VECTOR('',#8485,1000.);
#2239=VECTOR('',#8486,1000.);
#2240=VECTOR('',#8489,1000.);
#2241=VECTOR('',#8490,1000.);
#2242=VECTOR('',#8493,1000.);
#2243=VECTOR('',#8494,1000.);
#2244=VECTOR('',#8497,1000.);
#2245=VECTOR('',#8498,1000.);
#2246=VECTOR('',#8501,1000.);
#2247=VECTOR('',#8502,1000.);
#2248=VECTOR('',#8505,1000.);
#2249=VECTOR('',#8506,1000.);
#2250=VECTOR('',#8509,1000.);
#2251=VECTOR('',#8510,1000.);
#2252=VECTOR('',#8513,1000.);
#2253=VECTOR('',#8514,1000.);
#2254=VECTOR('',#8517,1000.);
#2255=VECTOR('',#8518,1000.);
#2256=VECTOR('',#8521,1000.);
#2257=VECTOR('',#8522,1000.);
#2258=VECTOR('',#8525,1000.);
#2259=VECTOR('',#8526,1000.);
#2260=VECTOR('',#8529,1000.);
#2261=VECTOR('',#8530,1000.);
#2262=VECTOR('',#8533,1000.);
#2263=VECTOR('',#8534,1000.);
#2264=VECTOR('',#8537,1000.);
#2265=VECTOR('',#8538,1000.);
#2266=VECTOR('',#8541,1000.);
#2267=VECTOR('',#8542,1000.);
#2268=VECTOR('',#8545,1000.);
#2269=VECTOR('',#8546,1000.);
#2270=VECTOR('',#8549,1000.);
#2271=VECTOR('',#8550,1000.);
#2272=VECTOR('',#8553,1000.);
#2273=VECTOR('',#8554,1000.);
#2274=VECTOR('',#8557,1000.);
#2275=VECTOR('',#8558,1000.);
#2276=VECTOR('',#8561,1000.);
#2277=VECTOR('',#8562,1000.);
#2278=VECTOR('',#8565,1000.);
#2279=VECTOR('',#8566,1000.);
#2280=VECTOR('',#8569,1000.);
#2281=VECTOR('',#8570,1000.);
#2282=VECTOR('',#8573,1000.);
#2283=VECTOR('',#8574,1000.);
#2284=VECTOR('',#8577,1000.);
#2285=VECTOR('',#8578,1000.);
#2286=VECTOR('',#8581,1000.);
#2287=VECTOR('',#8582,1000.);
#2288=VECTOR('',#8585,1000.);
#2289=VECTOR('',#8586,1000.);
#2290=VECTOR('',#8589,1000.);
#2291=VECTOR('',#8590,1000.);
#2292=VECTOR('',#8593,1000.);
#2293=VECTOR('',#8594,1000.);
#2294=VECTOR('',#8597,1000.);
#2295=VECTOR('',#8598,1000.);
#2296=VECTOR('',#8601,1000.);
#2297=VECTOR('',#8602,1000.);
#2298=VECTOR('',#8605,1000.);
#2299=VECTOR('',#8606,1000.);
#2300=VECTOR('',#8609,1000.);
#2301=VECTOR('',#8610,1000.);
#2302=VECTOR('',#8613,1000.);
#2303=VECTOR('',#8614,1000.);
#2304=VECTOR('',#8617,1000.);
#2305=VECTOR('',#8618,1000.);
#2306=VECTOR('',#8621,1000.);
#2307=VECTOR('',#8622,1000.);
#2308=VECTOR('',#8625,1000.);
#2309=VECTOR('',#8626,1000.);
#2310=VECTOR('',#8635,1000.);
#2311=VECTOR('',#8636,1000.);
#2312=VECTOR('',#8639,1000.);
#2313=VECTOR('',#8640,1000.);
#2314=VECTOR('',#8847,1000.);
#2315=VECTOR('',#8854,1000.);
#2316=CIRCLE('',#6318,2.);
#2317=CIRCLE('',#6319,2.);
#2318=CIRCLE('',#6321,2.);
#2319=CIRCLE('',#6322,2.);
#2320=CIRCLE('',#6324,2.);
#2321=CIRCLE('',#6325,2.);
#2322=CIRCLE('',#6327,2.);
#2323=CIRCLE('',#6328,2.);
#2324=CIRCLE('',#6330,2.5);
#2325=CIRCLE('',#6331,2.5);
#2326=CIRCLE('',#6334,2.5);
#2327=CIRCLE('',#6335,2.5);
#2328=CIRCLE('',#6338,20.25);
#2329=CIRCLE('',#6340,27.5);
#2330=CIRCLE('',#6342,17.5);
#2331=CIRCLE('',#6343,17.5);
#2332=CIRCLE('',#6345,20.5);
#2333=CIRCLE('',#6346,20.5);
#2334=CIRCLE('',#6349,27.5);
#2335=CIRCLE('',#6354,21.6);
#2336=CIRCLE('',#6355,2.5);
#2337=CIRCLE('',#6356,23.3349351572897);
#2338=CIRCLE('',#6358,24.15);
#2339=CIRCLE('',#6360,24.15);
#2340=CIRCLE('',#6361,2.5);
#2341=CIRCLE('',#6363,23.3349351572897);
#2342=CIRCLE('',#6365,21.6);
#2343=CIRCLE('',#6366,2.5);
#2344=CIRCLE('',#6368,20.2);
#2345=CIRCLE('',#6370,20.2);
#2346=CIRCLE('',#6372,20.2);
#2347=CIRCLE('',#6374,20.2);
#2348=CIRCLE('',#6375,20.);
#2349=CIRCLE('',#6377,20.);
#2350=CIRCLE('',#6384,19.4);
#2351=CIRCLE('',#6387,19.4);
#2352=CIRCLE('',#6395,21.);
#2353=CIRCLE('',#6399,21.);
#2354=CIRCLE('',#6404,20.5);
#2355=CIRCLE('',#6405,20.5);
#2356=CIRCLE('',#6408,27.5);
#2357=CIRCLE('',#6410,27.5);
#2358=CIRCLE('',#6413,20.5);
#2359=CIRCLE('',#6414,20.5);
#2360=CIRCLE('',#6417,27.5);
#2361=CIRCLE('',#6419,27.5);
#2362=CIRCLE('',#6422,19.4);
#2363=CIRCLE('',#6424,19.4);
#2364=CIRCLE('',#6426,21.);
#2365=CIRCLE('',#6428,21.);
#2366=CIRCLE('',#6430,20.5);
#2367=CIRCLE('',#6431,20.5);
#2368=CIRCLE('',#6434,27.5);
#2369=CIRCLE('',#6436,27.5);
#2370=CIRCLE('',#6439,20.5);
#2371=CIRCLE('',#6440,20.5);
#2372=CIRCLE('',#6443,27.5);
#2373=CIRCLE('',#6445,27.5);
#2374=CIRCLE('',#6448,0.05);
#2375=CIRCLE('',#6451,0.0500000000000001);
#2376=CIRCLE('',#6453,0.5);
#2377=CIRCLE('',#6454,0.5);
#2378=CIRCLE('',#6456,0.5);
#2379=CIRCLE('',#6457,0.5);
#2380=CIRCLE('',#6461,0.5);
#2381=CIRCLE('',#6462,0.5);
#2382=CIRCLE('',#6464,0.5);
#2383=CIRCLE('',#6465,0.5);
#2384=CIRCLE('',#6469,6.);
#2385=CIRCLE('',#6470,6.);
#2386=CIRCLE('',#6485,2.5);
#2387=CIRCLE('',#6486,2.5);
#2388=CIRCLE('',#6489,2.5);
#2389=CIRCLE('',#6490,2.5);
#2390=CIRCLE('',#6495,0.65);
#2391=CIRCLE('',#6499,0.65);
#2392=CIRCLE('',#6504,0.65);
#2393=CIRCLE('',#6506,0.65);
#2394=CIRCLE('',#6512,1.);
#2395=CIRCLE('',#6513,1.);
#2396=CIRCLE('',#6518,1.4635);
#2397=CIRCLE('',#6519,1.4635);
#2398=CIRCLE('',#6524,0.4572);
#2399=CIRCLE('',#6525,0.4572);
#2400=CIRCLE('',#6529,0.530859999999966);
#2401=CIRCLE('',#6530,0.530859999999967);
#2402=CIRCLE('',#6531,0.530859999999967);
#2403=CIRCLE('',#6533,0.530859999999966);
#2404=CIRCLE('',#6535,0.558800000000001);
#2405=CIRCLE('',#6536,0.65405);
#2406=CIRCLE('',#6538,0.482599999999999);
#2407=CIRCLE('',#6540,0.4826);
#2408=CIRCLE('',#6542,0.80645);
#2409=CIRCLE('',#6543,0.80645);
#2410=CIRCLE('',#6545,0.6604);
#2411=CIRCLE('',#6546,0.6604);
#2412=CIRCLE('',#6548,0.98425);
#2413=CIRCLE('',#6549,0.98425);
#2414=CIRCLE('',#6551,0.83185);
#2415=CIRCLE('',#6552,0.83185);
#2416=CIRCLE('',#6553,0.83185);
#2417=CIRCLE('',#6554,0.83185);
#2418=CIRCLE('',#6555,0.83185);
#2419=CIRCLE('',#6556,0.83185);
#2420=CIRCLE('',#6557,0.83185);
#2421=CIRCLE('',#6558,0.83185);
#2422=CIRCLE('',#6559,0.83185);
#2423=CIRCLE('',#6560,0.83185);
#2424=CIRCLE('',#6561,0.83185);
#2425=CIRCLE('',#6562,0.83185);
#2426=CIRCLE('',#6563,0.83185);
#2427=CIRCLE('',#6564,0.83185);
#2428=CIRCLE('',#6565,0.83185);
#2429=CIRCLE('',#6566,0.83185);
#2430=CIRCLE('',#6567,0.83185);
#2431=CIRCLE('',#6568,0.83185);
#2432=CIRCLE('',#6569,0.83185);
#2433=CIRCLE('',#6570,0.83185);
#2434=CIRCLE('',#6571,0.83185);
#2435=CIRCLE('',#6572,0.83185);
#2436=CIRCLE('',#6573,0.83185);
#2437=CIRCLE('',#6574,0.83185);
#2438=CIRCLE('',#6575,0.83185);
#2439=CIRCLE('',#6576,0.83185);
#2440=CIRCLE('',#6577,0.83185);
#2441=CIRCLE('',#6578,0.83185);
#2442=CIRCLE('',#6579,0.83185);
#2443=CIRCLE('',#6580,0.83185);
#2444=CIRCLE('',#6581,0.83185);
#2445=CIRCLE('',#6582,0.83185);
#2446=CIRCLE('',#6583,0.83185);
#2447=CIRCLE('',#6584,0.83185);
#2448=CIRCLE('',#6585,0.83185);
#2449=CIRCLE('',#6586,0.83185);
#2450=CIRCLE('',#6587,0.83185);
#2451=CIRCLE('',#6588,0.83185);
#2452=CIRCLE('',#6589,0.83185);
#2453=CIRCLE('',#6590,0.83185);
#2454=CIRCLE('',#6591,0.83185);
#2455=CIRCLE('',#6592,0.83185);
#2456=CIRCLE('',#6593,0.83185);
#2457=CIRCLE('',#6594,0.83185);
#2458=CIRCLE('',#6595,0.83185);
#2459=CIRCLE('',#6596,0.83185);
#2460=CIRCLE('',#6597,0.83185);
#2461=CIRCLE('',#6598,0.83185);
#2462=CIRCLE('',#6599,0.83185);
#2463=CIRCLE('',#6600,0.83185);
#2464=CIRCLE('',#6601,0.83185);
#2465=CIRCLE('',#6602,0.83185);
#2466=CIRCLE('',#6603,0.83185);
#2467=CIRCLE('',#6604,0.83185);
#2468=CIRCLE('',#6605,0.83185);
#2469=CIRCLE('',#6606,0.83185);
#2470=CIRCLE('',#6607,0.83185);
#2471=CIRCLE('',#6608,0.83185);
#2472=CIRCLE('',#6609,0.83185);
#2473=CIRCLE('',#6610,0.83185);
#2474=CIRCLE('',#6611,0.83185);
#2475=CIRCLE('',#6612,0.83185);
#2476=CIRCLE('',#6613,0.83185);
#2477=CIRCLE('',#6614,0.83185);
#2478=CIRCLE('',#6615,0.83185);
#2479=CIRCLE('',#6616,0.83185);
#2480=CIRCLE('',#6617,0.83185);
#2481=CIRCLE('',#6618,0.83185);
#2482=CIRCLE('',#6619,0.83185);
#2483=CIRCLE('',#6620,0.83185);
#2484=CIRCLE('',#6621,0.83185);
#2485=CIRCLE('',#6622,0.83185);
#2486=CIRCLE('',#6623,0.83185);
#2487=CIRCLE('',#6624,0.83185);
#2488=CIRCLE('',#6625,0.83185);
#2489=CIRCLE('',#6626,0.83185);
#2490=CIRCLE('',#6627,0.83185);
#2491=CIRCLE('',#6628,0.83185);
#2492=CIRCLE('',#6629,0.83185);
#2493=CIRCLE('',#6630,0.83185);
#2494=CIRCLE('',#6631,0.83185);
#2495=CIRCLE('',#6632,0.83185);
#2496=CIRCLE('',#6633,0.83185);
#2497=CIRCLE('',#6634,0.83185);
#2498=CIRCLE('',#6635,0.83185);
#2499=CIRCLE('',#6636,0.83185);
#2500=CIRCLE('',#6637,0.83185);
#2501=CIRCLE('',#6638,0.83185);
#2502=CIRCLE('',#6639,0.83185);
#2503=CIRCLE('',#6640,0.83185);
#2504=CIRCLE('',#6641,0.83185);
#2505=CIRCLE('',#6642,0.83185);
#2506=CIRCLE('',#6643,0.83185);
#2507=CIRCLE('',#6644,0.83185);
#2508=CIRCLE('',#6645,0.83185);
#2509=CIRCLE('',#6646,0.83185);
#2510=CIRCLE('',#6647,0.83185);
#2511=CIRCLE('',#6648,0.83185);
#2512=CIRCLE('',#6649,0.83185);
#2513=CIRCLE('',#6650,0.83185);
#2514=CIRCLE('',#6651,0.83185);
#2515=CIRCLE('',#6652,0.83185);
#2516=CIRCLE('',#6653,0.83185);
#2517=CIRCLE('',#6654,0.83185);
#2518=CIRCLE('',#6655,0.83185);
#2519=CIRCLE('',#6657,0.787855909487751);
#2520=CIRCLE('',#6659,0.9017);
#2521=CIRCLE('',#6660,0.9017);
#2522=CIRCLE('',#6662,0.9017);
#2523=CIRCLE('',#6665,0.9017);
#2524=CIRCLE('',#6667,0.9017);
#2525=CIRCLE('',#6669,0.9017);
#2526=CIRCLE('',#6671,0.9017);
#2527=CIRCLE('',#6673,0.9017);
#2528=CIRCLE('',#6675,0.9017);
#2529=CIRCLE('',#6677,0.9017);
#2530=CIRCLE('',#6679,0.9017);
#2531=CIRCLE('',#6681,0.9017);
#2532=CIRCLE('',#6683,0.9017);
#2533=CIRCLE('',#6685,0.9017);
#2534=CIRCLE('',#6687,0.9017);
#2535=CIRCLE('',#6689,0.9017);
#2536=CIRCLE('',#6691,0.9017);
#2537=CIRCLE('',#6693,0.9017);
#2538=CIRCLE('',#6695,0.9017);
#2539=CIRCLE('',#6697,0.9017);
#2540=CIRCLE('',#6699,0.9017);
#2541=CIRCLE('',#6701,0.9017);
#2542=CIRCLE('',#6703,0.9017);
#2543=CIRCLE('',#6705,0.9017);
#2544=CIRCLE('',#6707,0.9017);
#2545=CIRCLE('',#6709,0.9017);
#2546=CIRCLE('',#6711,0.9017);
#2547=CIRCLE('',#6713,0.9017);
#2548=CIRCLE('',#6715,0.9017);
#2549=CIRCLE('',#6717,0.9017);
#2550=CIRCLE('',#6719,0.9017);
#2551=CIRCLE('',#6721,0.9017);
#2552=CIRCLE('',#6723,0.9017);
#2553=CIRCLE('',#6725,0.9017);
#2554=CIRCLE('',#6727,0.9017);
#2555=CIRCLE('',#6729,0.9017);
#2556=CIRCLE('',#6731,0.9017);
#2557=CIRCLE('',#6734,0.9017);
#2558=CIRCLE('',#6736,0.9017);
#2559=CIRCLE('',#6738,0.9017);
#2560=CIRCLE('',#6740,0.9017);
#2561=CIRCLE('',#6742,0.9017);
#2562=CIRCLE('',#6744,0.9017);
#2563=CIRCLE('',#6746,0.9017);
#2564=CIRCLE('',#6748,0.9017);
#2565=CIRCLE('',#6750,0.9017);
#2566=CIRCLE('',#6752,0.9017);
#2567=CIRCLE('',#6754,0.9017);
#2568=CIRCLE('',#6756,0.9017);
#2569=CIRCLE('',#6758,0.9017);
#2570=CIRCLE('',#6760,0.9017);
#2571=CIRCLE('',#6762,0.9017);
#2572=CIRCLE('',#6764,0.9017);
#2573=CIRCLE('',#6766,0.9017);
#2574=CIRCLE('',#6768,0.9017);
#2575=CIRCLE('',#6770,0.9017);
#2576=CIRCLE('',#6772,0.9017);
#2577=CIRCLE('',#6774,0.9017);
#2578=CIRCLE('',#6776,0.9017);
#2579=CIRCLE('',#6778,0.9017);
#2580=CIRCLE('',#6780,0.9017);
#2581=CIRCLE('',#6782,0.9017);
#2582=CIRCLE('',#6784,0.9017);
#2583=CIRCLE('',#6786,0.9017);
#2584=CIRCLE('',#6788,0.9017);
#2585=CIRCLE('',#6790,0.9017);
#2586=CIRCLE('',#6792,0.9017);
#2587=CIRCLE('',#6794,0.9017);
#2588=CIRCLE('',#6796,0.9017);
#2589=CIRCLE('',#6798,0.9017);
#2590=CIRCLE('',#6800,0.9017);
#2591=CIRCLE('',#6802,0.9017);
#2592=CIRCLE('',#6804,0.9017);
#2593=CIRCLE('',#6806,0.9017);
#2594=CIRCLE('',#6808,0.9017);
#2595=CIRCLE('',#6810,0.9017);
#2596=CIRCLE('',#6812,0.9017);
#2597=CIRCLE('',#6814,0.9017);
#2598=CIRCLE('',#6816,0.9017);
#2599=CIRCLE('',#6818,0.9017);
#2600=CIRCLE('',#6820,0.9017);
#2601=CIRCLE('',#6822,0.9017);
#2602=CIRCLE('',#6824,0.9017);
#2603=CIRCLE('',#6826,0.9017);
#2604=CIRCLE('',#6828,0.9017);
#2605=CIRCLE('',#6830,0.9017);
#2606=CIRCLE('',#6832,0.9017);
#2607=CIRCLE('',#6834,0.9017);
#2608=CIRCLE('',#6836,0.9017);
#2609=CIRCLE('',#6838,0.9017);
#2610=CIRCLE('',#6840,0.9017);
#2611=CIRCLE('',#6842,0.9017);
#2612=CIRCLE('',#6844,0.9017);
#2613=CIRCLE('',#6846,0.9017);
#2614=CIRCLE('',#6848,0.9017);
#2615=CIRCLE('',#6850,0.9017);
#2616=CIRCLE('',#6852,0.9017);
#2617=CIRCLE('',#6854,0.9017);
#2618=CIRCLE('',#6905,0.9017);
#2619=CIRCLE('',#6907,0.9017);
#2620=VERTEX_POINT('',#8892);
#2621=VERTEX_POINT('',#8894);
#2622=VERTEX_POINT('',#8898);
#2623=VERTEX_POINT('',#8900);
#2624=VERTEX_POINT('',#8904);
#2625=VERTEX_POINT('',#8906);
#2626=VERTEX_POINT('',#8910);
#2627=VERTEX_POINT('',#8912);
#2628=VERTEX_POINT('',#8916);
#2629=VERTEX_POINT('',#8918);
#2630=VERTEX_POINT('',#8923);
#2631=VERTEX_POINT('',#8925);
#2632=VERTEX_POINT('',#8930);
#2633=VERTEX_POINT('',#8933);
#2634=VERTEX_POINT('',#8937);
#2635=VERTEX_POINT('',#8939);
#2636=VERTEX_POINT('',#8943);
#2637=VERTEX_POINT('',#8945);
#2638=VERTEX_POINT('',#8950);
#2639=VERTEX_POINT('',#8957);
#2640=VERTEX_POINT('',#8959);
#2641=VERTEX_POINT('',#8963);
#2642=VERTEX_POINT('',#8966);
#2643=VERTEX_POINT('',#8970);
#2644=VERTEX_POINT('',#8973);
#2645=VERTEX_POINT('',#8977);
#2646=VERTEX_POINT('',#8980);
#2647=VERTEX_POINT('',#8983);
#2648=VERTEX_POINT('',#8987);
#2649=VERTEX_POINT('',#8989);
#2650=VERTEX_POINT('',#8992);
#2651=VERTEX_POINT('',#9000);
#2652=VERTEX_POINT('',#9001);
#2653=VERTEX_POINT('',#9003);
#2654=VERTEX_POINT('',#9005);
#2655=VERTEX_POINT('',#9010);
#2656=VERTEX_POINT('',#9012);
#2657=VERTEX_POINT('',#9015);
#2658=VERTEX_POINT('',#9020);
#2659=VERTEX_POINT('',#9021);
#2660=VERTEX_POINT('',#9023);
#2661=VERTEX_POINT('',#9025);
#2662=VERTEX_POINT('',#9028);
#2663=VERTEX_POINT('',#9032);
#2664=VERTEX_POINT('',#9034);
#2665=VERTEX_POINT('',#9040);
#2666=VERTEX_POINT('',#9042);
#2667=VERTEX_POINT('',#9047);
#2668=VERTEX_POINT('',#9051);
#2669=VERTEX_POINT('',#9056);
#2670=VERTEX_POINT('',#9058);
#2671=VERTEX_POINT('',#9063);
#2672=VERTEX_POINT('',#9067);
#2673=VERTEX_POINT('',#9072);
#2674=VERTEX_POINT('',#9076);
#2675=VERTEX_POINT('',#9080);
#2676=VERTEX_POINT('',#9084);
#2677=VERTEX_POINT('',#9088);
#2678=VERTEX_POINT('',#9090);
#2679=VERTEX_POINT('',#9095);
#2680=VERTEX_POINT('',#9099);
#2681=VERTEX_POINT('',#9104);
#2682=VERTEX_POINT('',#9106);
#2683=VERTEX_POINT('',#9111);
#2684=VERTEX_POINT('',#9115);
#2685=VERTEX_POINT('',#9138);
#2686=VERTEX_POINT('',#9140);
#2687=VERTEX_POINT('',#9143);
#2688=VERTEX_POINT('',#9164);
#2689=VERTEX_POINT('',#9169);
#2690=VERTEX_POINT('',#9171);
#2691=VERTEX_POINT('',#9175);
#2692=VERTEX_POINT('',#9177);
#2693=VERTEX_POINT('',#9183);
#2694=VERTEX_POINT('',#9185);
#2695=VERTEX_POINT('',#9189);
#2696=VERTEX_POINT('',#9191);
#2697=VERTEX_POINT('',#9197);
#2698=VERTEX_POINT('',#9199);
#2699=VERTEX_POINT('',#9206);
#2700=VERTEX_POINT('',#9207);
#2701=VERTEX_POINT('',#9209);
#2702=VERTEX_POINT('',#9211);
#2703=VERTEX_POINT('',#9215);
#2704=VERTEX_POINT('',#9216);
#2705=VERTEX_POINT('',#9218);
#2706=VERTEX_POINT('',#9220);
#2707=VERTEX_POINT('',#9229);
#2708=VERTEX_POINT('',#9230);
#2709=VERTEX_POINT('',#9232);
#2710=VERTEX_POINT('',#9234);
#2711=VERTEX_POINT('',#9238);
#2712=VERTEX_POINT('',#9239);
#2713=VERTEX_POINT('',#9241);
#2714=VERTEX_POINT('',#9243);
#2715=VERTEX_POINT('',#9252);
#2716=VERTEX_POINT('',#9254);
#2717=VERTEX_POINT('',#9256);
#2718=VERTEX_POINT('',#9258);
#2719=VERTEX_POINT('',#9260);
#2720=VERTEX_POINT('',#9262);
#2721=VERTEX_POINT('',#9264);
#2722=VERTEX_POINT('',#9266);
#2723=VERTEX_POINT('',#9268);
#2724=VERTEX_POINT('',#9270);
#2725=VERTEX_POINT('',#9272);
#2726=VERTEX_POINT('',#9274);
#2727=VERTEX_POINT('',#9278);
#2728=VERTEX_POINT('',#9280);
#2729=VERTEX_POINT('',#9282);
#2730=VERTEX_POINT('',#9284);
#2731=VERTEX_POINT('',#9286);
#2732=VERTEX_POINT('',#9288);
#2733=VERTEX_POINT('',#9290);
#2734=VERTEX_POINT('',#9292);
#2735=VERTEX_POINT('',#9294);
#2736=VERTEX_POINT('',#9296);
#2737=VERTEX_POINT('',#9298);
#2738=VERTEX_POINT('',#9300);
#2739=VERTEX_POINT('',#9304);
#2740=VERTEX_POINT('',#9306);
#2741=VERTEX_POINT('',#9311);
#2742=VERTEX_POINT('',#9313);
#2743=VERTEX_POINT('',#9324);
#2744=VERTEX_POINT('',#9333);
#2745=VERTEX_POINT('',#9341);
#2746=VERTEX_POINT('',#9345);
#2747=VERTEX_POINT('',#9355);
#2748=VERTEX_POINT('',#9357);
#2749=VERTEX_POINT('',#9364);
#2750=VERTEX_POINT('',#9366);
#2751=VERTEX_POINT('',#10752);
#2752=VERTEX_POINT('',#10753);
#2753=VERTEX_POINT('',#10808);
#2754=VERTEX_POINT('',#10817);
#2755=VERTEX_POINT('',#10879);
#2756=VERTEX_POINT('',#10881);
#2757=VERTEX_POINT('',#12379);
#2758=VERTEX_POINT('',#12381);
#2759=VERTEX_POINT('',#12383);
#2760=VERTEX_POINT('',#12387);
#2761=VERTEX_POINT('',#12390);
#2762=VERTEX_POINT('',#12392);
#2763=VERTEX_POINT('',#12396);
#2764=VERTEX_POINT('',#12397);
#2765=VERTEX_POINT('',#12401);
#2766=VERTEX_POINT('',#12403);
#2767=VERTEX_POINT('',#12405);
#2768=VERTEX_POINT('',#12407);
#2769=VERTEX_POINT('',#12436);
#2770=VERTEX_POINT('',#12438);
#2771=VERTEX_POINT('',#12442);
#2772=VERTEX_POINT('',#12444);
#2773=VERTEX_POINT('',#12446);
#2774=VERTEX_POINT('',#12448);
#2775=VERTEX_POINT('',#12450);
#2776=VERTEX_POINT('',#12475);
#2777=VERTEX_POINT('',#12477);
#2778=VERTEX_POINT('',#12481);
#2779=VERTEX_POINT('',#12482);
#2780=VERTEX_POINT('',#12485);
#2781=VERTEX_POINT('',#12487);
#2782=VERTEX_POINT('',#12489);
#2783=VERTEX_POINT('',#12491);
#2784=VERTEX_POINT('',#12493);
#2785=VERTEX_POINT('',#12496);
#2786=VERTEX_POINT('',#12498);
#2787=VERTEX_POINT('',#12501);
#2788=VERTEX_POINT('',#12502);
#2789=VERTEX_POINT('',#12504);
#2790=VERTEX_POINT('',#12506);
#2791=VERTEX_POINT('',#12509);
#2792=VERTEX_POINT('',#12510);
#2793=VERTEX_POINT('',#12512);
#2794=VERTEX_POINT('',#12514);
#2795=VERTEX_POINT('',#12517);
#2796=VERTEX_POINT('',#12518);
#2797=VERTEX_POINT('',#12520);
#2798=VERTEX_POINT('',#12522);
#2799=VERTEX_POINT('',#12525);
#2800=VERTEX_POINT('',#12526);
#2801=VERTEX_POINT('',#12528);
#2802=VERTEX_POINT('',#12530);
#2803=VERTEX_POINT('',#12533);
#2804=VERTEX_POINT('',#12534);
#2805=VERTEX_POINT('',#12536);
#2806=VERTEX_POINT('',#12538);
#2807=VERTEX_POINT('',#12541);
#2808=VERTEX_POINT('',#12542);
#2809=VERTEX_POINT('',#12544);
#2810=VERTEX_POINT('',#12546);
#2811=VERTEX_POINT('',#12549);
#2812=VERTEX_POINT('',#12550);
#2813=VERTEX_POINT('',#12552);
#2814=VERTEX_POINT('',#12554);
#2815=VERTEX_POINT('',#12557);
#2816=VERTEX_POINT('',#12558);
#2817=VERTEX_POINT('',#12560);
#2818=VERTEX_POINT('',#12562);
#2819=VERTEX_POINT('',#12565);
#2820=VERTEX_POINT('',#12566);
#2821=VERTEX_POINT('',#12568);
#2822=VERTEX_POINT('',#12570);
#2823=VERTEX_POINT('',#12573);
#2824=VERTEX_POINT('',#12574);
#2825=VERTEX_POINT('',#12576);
#2826=VERTEX_POINT('',#12578);
#2827=VERTEX_POINT('',#12581);
#2828=VERTEX_POINT('',#12582);
#2829=VERTEX_POINT('',#12584);
#2830=VERTEX_POINT('',#12586);
#2831=VERTEX_POINT('',#12589);
#2832=VERTEX_POINT('',#12590);
#2833=VERTEX_POINT('',#12592);
#2834=VERTEX_POINT('',#12594);
#2835=VERTEX_POINT('',#12597);
#2836=VERTEX_POINT('',#12598);
#2837=VERTEX_POINT('',#12600);
#2838=VERTEX_POINT('',#12602);
#2839=VERTEX_POINT('',#12605);
#2840=VERTEX_POINT('',#12606);
#2841=VERTEX_POINT('',#12608);
#2842=VERTEX_POINT('',#12610);
#2843=VERTEX_POINT('',#12613);
#2844=VERTEX_POINT('',#12614);
#2845=VERTEX_POINT('',#12616);
#2846=VERTEX_POINT('',#12618);
#2847=VERTEX_POINT('',#12621);
#2848=VERTEX_POINT('',#12622);
#2849=VERTEX_POINT('',#12624);
#2850=VERTEX_POINT('',#12626);
#2851=VERTEX_POINT('',#12629);
#2852=VERTEX_POINT('',#12630);
#2853=VERTEX_POINT('',#12632);
#2854=VERTEX_POINT('',#12634);
#2855=VERTEX_POINT('',#12637);
#2856=VERTEX_POINT('',#12638);
#2857=VERTEX_POINT('',#12640);
#2858=VERTEX_POINT('',#12642);
#2859=VERTEX_POINT('',#12645);
#2860=VERTEX_POINT('',#12646);
#2861=VERTEX_POINT('',#12648);
#2862=VERTEX_POINT('',#12650);
#2863=VERTEX_POINT('',#12653);
#2864=VERTEX_POINT('',#12654);
#2865=VERTEX_POINT('',#12656);
#2866=VERTEX_POINT('',#12658);
#2867=VERTEX_POINT('',#12661);
#2868=VERTEX_POINT('',#12662);
#2869=VERTEX_POINT('',#12664);
#2870=VERTEX_POINT('',#12666);
#2871=VERTEX_POINT('',#12669);
#2872=VERTEX_POINT('',#12670);
#2873=VERTEX_POINT('',#12672);
#2874=VERTEX_POINT('',#12674);
#2875=VERTEX_POINT('',#12677);
#2876=VERTEX_POINT('',#12678);
#2877=VERTEX_POINT('',#12680);
#2878=VERTEX_POINT('',#12682);
#2879=VERTEX_POINT('',#12685);
#2880=VERTEX_POINT('',#12686);
#2881=VERTEX_POINT('',#12688);
#2882=VERTEX_POINT('',#12690);
#2883=VERTEX_POINT('',#12693);
#2884=VERTEX_POINT('',#12694);
#2885=VERTEX_POINT('',#12696);
#2886=VERTEX_POINT('',#12698);
#2887=VERTEX_POINT('',#12701);
#2888=VERTEX_POINT('',#12702);
#2889=VERTEX_POINT('',#12704);
#2890=VERTEX_POINT('',#12706);
#2891=VERTEX_POINT('',#12709);
#2892=VERTEX_POINT('',#12710);
#2893=VERTEX_POINT('',#12712);
#2894=VERTEX_POINT('',#12714);
#2895=VERTEX_POINT('',#12717);
#2896=VERTEX_POINT('',#12718);
#2897=VERTEX_POINT('',#12720);
#2898=VERTEX_POINT('',#12722);
#2899=VERTEX_POINT('',#12725);
#2900=VERTEX_POINT('',#12726);
#2901=VERTEX_POINT('',#12728);
#2902=VERTEX_POINT('',#12730);
#2903=VERTEX_POINT('',#12733);
#2904=VERTEX_POINT('',#12734);
#2905=VERTEX_POINT('',#12736);
#2906=VERTEX_POINT('',#12738);
#2907=VERTEX_POINT('',#12741);
#2908=VERTEX_POINT('',#12742);
#2909=VERTEX_POINT('',#12744);
#2910=VERTEX_POINT('',#12746);
#2911=VERTEX_POINT('',#12749);
#2912=VERTEX_POINT('',#12750);
#2913=VERTEX_POINT('',#12752);
#2914=VERTEX_POINT('',#12754);
#2915=VERTEX_POINT('',#12757);
#2916=VERTEX_POINT('',#12758);
#2917=VERTEX_POINT('',#12760);
#2918=VERTEX_POINT('',#12762);
#2919=VERTEX_POINT('',#12765);
#2920=VERTEX_POINT('',#12766);
#2921=VERTEX_POINT('',#12768);
#2922=VERTEX_POINT('',#12770);
#2923=VERTEX_POINT('',#12773);
#2924=VERTEX_POINT('',#12774);
#2925=VERTEX_POINT('',#12776);
#2926=VERTEX_POINT('',#12778);
#2927=VERTEX_POINT('',#12781);
#2928=VERTEX_POINT('',#12782);
#2929=VERTEX_POINT('',#12784);
#2930=VERTEX_POINT('',#12786);
#2931=VERTEX_POINT('',#12789);
#2932=VERTEX_POINT('',#12790);
#2933=VERTEX_POINT('',#12792);
#2934=VERTEX_POINT('',#12794);
#2935=VERTEX_POINT('',#12797);
#2936=VERTEX_POINT('',#12798);
#2937=VERTEX_POINT('',#12800);
#2938=VERTEX_POINT('',#12802);
#2939=VERTEX_POINT('',#12805);
#2940=VERTEX_POINT('',#12806);
#2941=VERTEX_POINT('',#12808);
#2942=VERTEX_POINT('',#12810);
#2943=VERTEX_POINT('',#12813);
#2944=VERTEX_POINT('',#12814);
#2945=VERTEX_POINT('',#12816);
#2946=VERTEX_POINT('',#12818);
#2947=VERTEX_POINT('',#12821);
#2948=VERTEX_POINT('',#12822);
#2949=VERTEX_POINT('',#12824);
#2950=VERTEX_POINT('',#12826);
#2951=VERTEX_POINT('',#12829);
#2952=VERTEX_POINT('',#12830);
#2953=VERTEX_POINT('',#12832);
#2954=VERTEX_POINT('',#12834);
#2955=VERTEX_POINT('',#12837);
#2956=VERTEX_POINT('',#12838);
#2957=VERTEX_POINT('',#12840);
#2958=VERTEX_POINT('',#12842);
#2959=VERTEX_POINT('',#12845);
#2960=VERTEX_POINT('',#12846);
#2961=VERTEX_POINT('',#12848);
#2962=VERTEX_POINT('',#12850);
#2963=VERTEX_POINT('',#12853);
#2964=VERTEX_POINT('',#12854);
#2965=VERTEX_POINT('',#12856);
#2966=VERTEX_POINT('',#12858);
#2967=VERTEX_POINT('',#12861);
#2968=VERTEX_POINT('',#12862);
#2969=VERTEX_POINT('',#12864);
#2970=VERTEX_POINT('',#12866);
#2971=VERTEX_POINT('',#12869);
#2972=VERTEX_POINT('',#12870);
#2973=VERTEX_POINT('',#12872);
#2974=VERTEX_POINT('',#12874);
#2975=VERTEX_POINT('',#12877);
#2976=VERTEX_POINT('',#12878);
#2977=VERTEX_POINT('',#12880);
#2978=VERTEX_POINT('',#12882);
#2979=VERTEX_POINT('',#12885);
#2980=VERTEX_POINT('',#12886);
#2981=VERTEX_POINT('',#12888);
#2982=VERTEX_POINT('',#12890);
#2983=VERTEX_POINT('',#12894);
#2984=VERTEX_POINT('',#12898);
#2985=VERTEX_POINT('',#12899);
#2986=VERTEX_POINT('',#12901);
#2987=VERTEX_POINT('',#12903);
#2988=VERTEX_POINT('',#12907);
#2989=VERTEX_POINT('',#12912);
#2990=VERTEX_POINT('',#12922);
#2991=VERTEX_POINT('',#12927);
#2992=VERTEX_POINT('',#12934);
#2993=VERTEX_POINT('',#12935);
#2994=VERTEX_POINT('',#12946);
#2995=VERTEX_POINT('',#12947);
#2996=VERTEX_POINT('',#12958);
#2997=VERTEX_POINT('',#12959);
#2998=VERTEX_POINT('',#12970);
#2999=VERTEX_POINT('',#12971);
#3000=VERTEX_POINT('',#12982);
#3001=VERTEX_POINT('',#12983);
#3002=VERTEX_POINT('',#12994);
#3003=VERTEX_POINT('',#12995);
#3004=VERTEX_POINT('',#13006);
#3005=VERTEX_POINT('',#13007);
#3006=VERTEX_POINT('',#13018);
#3007=VERTEX_POINT('',#13019);
#3008=VERTEX_POINT('',#13030);
#3009=VERTEX_POINT('',#13031);
#3010=VERTEX_POINT('',#13042);
#3011=VERTEX_POINT('',#13043);
#3012=VERTEX_POINT('',#13054);
#3013=VERTEX_POINT('',#13055);
#3014=VERTEX_POINT('',#13066);
#3015=VERTEX_POINT('',#13067);
#3016=VERTEX_POINT('',#13078);
#3017=VERTEX_POINT('',#13079);
#3018=VERTEX_POINT('',#13090);
#3019=VERTEX_POINT('',#13091);
#3020=VERTEX_POINT('',#13102);
#3021=VERTEX_POINT('',#13103);
#3022=VERTEX_POINT('',#13114);
#3023=VERTEX_POINT('',#13115);
#3024=VERTEX_POINT('',#13126);
#3025=VERTEX_POINT('',#13127);
#3026=VERTEX_POINT('',#13138);
#3027=VERTEX_POINT('',#13139);
#3028=VERTEX_POINT('',#13150);
#3029=VERTEX_POINT('',#13151);
#3030=VERTEX_POINT('',#13162);
#3031=VERTEX_POINT('',#13163);
#3032=VERTEX_POINT('',#13174);
#3033=VERTEX_POINT('',#13175);
#3034=VERTEX_POINT('',#13186);
#3035=VERTEX_POINT('',#13187);
#3036=VERTEX_POINT('',#13198);
#3037=VERTEX_POINT('',#13199);
#3038=VERTEX_POINT('',#13210);
#3039=VERTEX_POINT('',#13211);
#3040=VERTEX_POINT('',#13222);
#3041=VERTEX_POINT('',#13223);
#3042=VERTEX_POINT('',#13234);
#3043=VERTEX_POINT('',#13235);
#3044=VERTEX_POINT('',#13246);
#3045=VERTEX_POINT('',#13247);
#3046=VERTEX_POINT('',#13258);
#3047=VERTEX_POINT('',#13259);
#3048=VERTEX_POINT('',#13270);
#3049=VERTEX_POINT('',#13271);
#3050=VERTEX_POINT('',#13282);
#3051=VERTEX_POINT('',#13283);
#3052=VERTEX_POINT('',#13294);
#3053=VERTEX_POINT('',#13299);
#3054=VERTEX_POINT('',#13306);
#3055=VERTEX_POINT('',#13311);
#3056=VERTEX_POINT('',#13318);
#3057=VERTEX_POINT('',#13323);
#3058=VERTEX_POINT('',#13339);
#3059=VERTEX_POINT('',#13344);
#3060=VERTEX_POINT('',#13351);
#3061=VERTEX_POINT('',#13356);
#3062=VERTEX_POINT('',#13363);
#3063=VERTEX_POINT('',#13368);
#3064=VERTEX_POINT('',#13375);
#3065=VERTEX_POINT('',#13380);
#3066=VERTEX_POINT('',#13387);
#3067=VERTEX_POINT('',#13392);
#3068=VERTEX_POINT('',#13399);
#3069=VERTEX_POINT('',#13404);
#3070=VERTEX_POINT('',#13411);
#3071=VERTEX_POINT('',#13416);
#3072=VERTEX_POINT('',#13423);
#3073=VERTEX_POINT('',#13428);
#3074=VERTEX_POINT('',#13435);
#3075=VERTEX_POINT('',#13440);
#3076=VERTEX_POINT('',#13447);
#3077=VERTEX_POINT('',#13452);
#3078=VERTEX_POINT('',#13459);
#3079=VERTEX_POINT('',#13464);
#3080=VERTEX_POINT('',#13471);
#3081=VERTEX_POINT('',#13476);
#3082=VERTEX_POINT('',#13483);
#3083=VERTEX_POINT('',#13484);
#3084=VERTEX_POINT('',#13495);
#3085=VERTEX_POINT('',#13497);
#3086=VERTEX_POINT('',#13501);
#3087=VERTEX_POINT('',#13502);
#3088=VERTEX_POINT('',#13507);
#3089=VERTEX_POINT('',#13508);
#3090=VERTEX_POINT('',#13513);
#3091=VERTEX_POINT('',#13514);
#3092=VERTEX_POINT('',#13519);
#3093=VERTEX_POINT('',#13520);
#3094=VERTEX_POINT('',#13525);
#3095=VERTEX_POINT('',#13526);
#3096=VERTEX_POINT('',#13531);
#3097=VERTEX_POINT('',#13532);
#3098=VERTEX_POINT('',#13537);
#3099=VERTEX_POINT('',#13538);
#3100=VERTEX_POINT('',#13543);
#3101=VERTEX_POINT('',#13544);
#3102=VERTEX_POINT('',#13549);
#3103=VERTEX_POINT('',#13550);
#3104=VERTEX_POINT('',#13555);
#3105=VERTEX_POINT('',#13556);
#3106=VERTEX_POINT('',#13561);
#3107=VERTEX_POINT('',#13562);
#3108=VERTEX_POINT('',#13567);
#3109=VERTEX_POINT('',#13568);
#3110=VERTEX_POINT('',#13573);
#3111=VERTEX_POINT('',#13574);
#3112=VERTEX_POINT('',#13579);
#3113=VERTEX_POINT('',#13580);
#3114=VERTEX_POINT('',#13585);
#3115=VERTEX_POINT('',#13586);
#3116=VERTEX_POINT('',#13591);
#3117=VERTEX_POINT('',#13592);
#3118=VERTEX_POINT('',#13597);
#3119=VERTEX_POINT('',#13598);
#3120=VERTEX_POINT('',#13603);
#3121=VERTEX_POINT('',#13604);
#3122=VERTEX_POINT('',#13609);
#3123=VERTEX_POINT('',#13610);
#3124=VERTEX_POINT('',#13615);
#3125=VERTEX_POINT('',#13616);
#3126=VERTEX_POINT('',#13621);
#3127=VERTEX_POINT('',#13622);
#3128=VERTEX_POINT('',#13627);
#3129=VERTEX_POINT('',#13628);
#3130=VERTEX_POINT('',#13633);
#3131=VERTEX_POINT('',#13634);
#3132=VERTEX_POINT('',#13639);
#3133=VERTEX_POINT('',#13640);
#3134=VERTEX_POINT('',#13645);
#3135=VERTEX_POINT('',#13646);
#3136=VERTEX_POINT('',#13651);
#3137=VERTEX_POINT('',#13652);
#3138=VERTEX_POINT('',#13657);
#3139=VERTEX_POINT('',#13658);
#3140=VERTEX_POINT('',#13663);
#3141=VERTEX_POINT('',#13664);
#3142=VERTEX_POINT('',#13669);
#3143=VERTEX_POINT('',#13670);
#3144=VERTEX_POINT('',#13675);
#3145=VERTEX_POINT('',#13676);
#3146=VERTEX_POINT('',#13681);
#3147=VERTEX_POINT('',#13682);
#3148=VERTEX_POINT('',#13687);
#3149=VERTEX_POINT('',#13689);
#3150=VERTEX_POINT('',#13693);
#3151=VERTEX_POINT('',#13695);
#3152=VERTEX_POINT('',#13699);
#3153=VERTEX_POINT('',#13701);
#3154=VERTEX_POINT('',#13705);
#3155=VERTEX_POINT('',#13707);
#3156=VERTEX_POINT('',#13711);
#3157=VERTEX_POINT('',#13713);
#3158=VERTEX_POINT('',#13717);
#3159=VERTEX_POINT('',#13719);
#3160=VERTEX_POINT('',#13723);
#3161=VERTEX_POINT('',#13725);
#3162=VERTEX_POINT('',#13729);
#3163=VERTEX_POINT('',#13731);
#3164=VERTEX_POINT('',#13735);
#3165=VERTEX_POINT('',#13737);
#3166=VERTEX_POINT('',#13741);
#3167=VERTEX_POINT('',#13743);
#3168=VERTEX_POINT('',#13747);
#3169=VERTEX_POINT('',#13749);
#3170=VERTEX_POINT('',#13753);
#3171=VERTEX_POINT('',#13755);
#3172=VERTEX_POINT('',#13759);
#3173=VERTEX_POINT('',#13761);
#3174=VERTEX_POINT('',#13765);
#3175=VERTEX_POINT('',#13767);
#3176=VERTEX_POINT('',#13771);
#3177=VERTEX_POINT('',#13773);
#3178=VERTEX_POINT('',#13777);
#3179=VERTEX_POINT('',#13778);
#3180=VERTEX_POINT('',#13930);
#3181=VERTEX_POINT('',#13931);
#3182=VERTEX_POINT('',#13942);
#3183=VERTEX_POINT('',#13943);
#3184=EDGE_CURVE('',#2620,#2620,#2316,.T.);
#3185=EDGE_CURVE('',#2620,#2621,#1470,.T.);
#3186=EDGE_CURVE('',#2621,#2621,#2317,.T.);
#3187=EDGE_CURVE('',#2622,#2622,#2318,.T.);
#3188=EDGE_CURVE('',#2622,#2623,#1471,.T.);
#3189=EDGE_CURVE('',#2623,#2623,#2319,.T.);
#3190=EDGE_CURVE('',#2624,#2624,#2320,.T.);
#3191=EDGE_CURVE('',#2624,#2625,#1472,.T.);
#3192=EDGE_CURVE('',#2625,#2625,#2321,.T.);
#3193=EDGE_CURVE('',#2626,#2626,#2322,.T.);
#3194=EDGE_CURVE('',#2626,#2627,#1473,.T.);
#3195=EDGE_CURVE('',#2627,#2627,#2323,.T.);
#3196=EDGE_CURVE('',#2628,#2628,#2324,.T.);
#3197=EDGE_CURVE('',#2628,#2629,#1474,.T.);
#3198=EDGE_CURVE('',#2629,#2629,#2325,.T.);
#3199=EDGE_CURVE('',#2630,#2630,#2326,.T.);
#3200=EDGE_CURVE('',#2630,#2631,#1475,.T.);
#3201=EDGE_CURVE('',#2631,#2631,#2327,.T.);
#3202=EDGE_CURVE('',#2632,#2632,#2328,.T.);
#3203=EDGE_CURVE('',#2632,#2633,#1476,.T.);
#3204=EDGE_CURVE('',#2633,#2633,#2329,.T.);
#3205=EDGE_CURVE('',#2634,#2634,#2330,.T.);
#3206=EDGE_CURVE('',#2634,#2635,#1477,.T.);
#3207=EDGE_CURVE('',#2635,#2635,#2331,.T.);
#3208=EDGE_CURVE('',#2636,#2636,#2332,.T.);
#3209=EDGE_CURVE('',#2636,#2637,#1478,.T.);
#3210=EDGE_CURVE('',#2637,#2637,#2333,.T.);
#3211=EDGE_CURVE('',#2638,#2638,#2334,.T.);
#3212=EDGE_CURVE('',#2633,#2638,#1479,.T.);
#3213=EDGE_CURVE('',#2639,#2639,#2335,.T.);
#3214=EDGE_CURVE('',#2639,#2640,#2336,.T.);
#3215=EDGE_CURVE('',#2640,#2640,#2337,.T.);
#3216=EDGE_CURVE('',#2641,#2641,#2338,.T.);
#3217=EDGE_CURVE('',#2642,#2642,#2339,.T.);
#3218=EDGE_CURVE('',#2642,#2641,#2340,.T.);
#3219=EDGE_CURVE('',#2643,#2643,#2341,.T.);
#3220=EDGE_CURVE('',#2644,#2644,#2342,.T.);
#3221=EDGE_CURVE('',#2644,#2643,#2343,.T.);
#3222=EDGE_CURVE('',#2645,#2645,#2344,.T.);
#3223=EDGE_CURVE('',#2646,#2646,#2345,.T.);
#3224=EDGE_CURVE('',#2647,#2647,#2346,.T.);
#3225=EDGE_CURVE('',#2647,#2646,#1480,.T.);
#3226=EDGE_CURVE('',#2648,#2648,#2347,.T.);
#3227=EDGE_CURVE('',#2649,#2649,#2348,.T.);
#3228=EDGE_CURVE('',#2650,#2650,#2349,.T.);
#3229=EDGE_CURVE('',#2650,#2649,#1481,.T.);
#3230=EDGE_CURVE('',#2645,#2648,#1482,.T.);
#3231=EDGE_CURVE('',#2651,#2652,#188,.T.);
#3232=EDGE_CURVE('',#2652,#2653,#189,.T.);
#3233=EDGE_CURVE('',#2653,#2654,#1483,.T.);
#3234=EDGE_CURVE('',#2654,#2654,#2350,.T.);
#3235=EDGE_CURVE('',#2653,#2651,#190,.T.);
#3236=EDGE_CURVE('',#2655,#2655,#2351,.T.);
#3237=EDGE_CURVE('',#2655,#2656,#1484,.T.);
#3238=EDGE_CURVE('',#2656,#2652,#191,.T.);
#3239=EDGE_CURVE('',#2652,#2657,#192,.T.);
#3240=EDGE_CURVE('',#2657,#2651,#193,.T.);
#3241=EDGE_CURVE('',#2651,#2656,#194,.T.);
#3242=EDGE_CURVE('',#2658,#2659,#195,.T.);
#3243=EDGE_CURVE('',#2660,#2658,#196,.T.);
#3244=EDGE_CURVE('',#2660,#2661,#1485,.T.);
#3245=EDGE_CURVE('',#2661,#2661,#2352,.T.);
#3246=EDGE_CURVE('',#2662,#2660,#197,.T.);
#3247=EDGE_CURVE('',#2659,#2662,#198,.T.);
#3248=EDGE_CURVE('',#2663,#2663,#2353,.T.);
#3249=EDGE_CURVE('',#2663,#2664,#1486,.T.);
#3250=EDGE_CURVE('',#2658,#2664,#199,.T.);
#3251=EDGE_CURVE('',#2662,#2658,#200,.T.);
#3252=EDGE_CURVE('',#2664,#2662,#201,.T.);
#3253=EDGE_CURVE('',#2665,#2665,#2354,.T.);
#3254=EDGE_CURVE('',#2665,#2666,#1487,.T.);
#3255=EDGE_CURVE('',#2666,#2666,#2355,.T.);
#3256=EDGE_CURVE('',#2663,#2667,#1488,.T.);
#3257=EDGE_CURVE('',#2667,#2667,#2356,.T.);
#3258=EDGE_CURVE('',#2667,#2668,#1489,.T.);
#3259=EDGE_CURVE('',#2668,#2668,#2357,.T.);
#3260=EDGE_CURVE('',#2669,#2669,#2358,.T.);
#3261=EDGE_CURVE('',#2669,#2670,#1490,.T.);
#3262=EDGE_CURVE('',#2670,#2670,#2359,.T.);
#3263=EDGE_CURVE('',#2661,#2671,#1491,.T.);
#3264=EDGE_CURVE('',#2671,#2671,#2360,.T.);
#3265=EDGE_CURVE('',#2671,#2672,#1492,.T.);
#3266=EDGE_CURVE('',#2672,#2672,#2361,.T.);
#3267=EDGE_CURVE('',#2656,#2673,#1493,.T.);
#3268=EDGE_CURVE('',#2673,#2673,#2362,.T.);
#3269=EDGE_CURVE('',#2674,#2674,#2363,.T.);
#3270=EDGE_CURVE('',#2674,#2657,#1494,.T.);
#3271=EDGE_CURVE('',#2659,#2675,#1495,.T.);
#3272=EDGE_CURVE('',#2675,#2675,#2364,.T.);
#3273=EDGE_CURVE('',#2676,#2676,#2365,.T.);
#3274=EDGE_CURVE('',#2676,#2660,#1496,.T.);
#3275=EDGE_CURVE('',#2677,#2677,#2366,.T.);
#3276=EDGE_CURVE('',#2677,#2678,#1497,.T.);
#3277=EDGE_CURVE('',#2678,#2678,#2367,.T.);
#3278=EDGE_CURVE('',#2676,#2679,#1498,.T.);
#3279=EDGE_CURVE('',#2679,#2679,#2368,.T.);
#3280=EDGE_CURVE('',#2679,#2680,#1499,.T.);
#3281=EDGE_CURVE('',#2680,#2680,#2369,.T.);
#3282=EDGE_CURVE('',#2681,#2681,#2370,.T.);
#3283=EDGE_CURVE('',#2681,#2682,#1500,.T.);
#3284=EDGE_CURVE('',#2682,#2682,#2371,.T.);
#3285=EDGE_CURVE('',#2675,#2683,#1501,.T.);
#3286=EDGE_CURVE('',#2683,#2683,#2372,.T.);
#3287=EDGE_CURVE('',#2683,#2684,#1502,.T.);
#3288=EDGE_CURVE('',#2684,#2684,#2373,.T.);
#3289=EDGE_CURVE('',#2685,#2685,#2374,.T.);
#3290=EDGE_CURVE('',#2685,#2686,#76,.T.);
#3291=EDGE_CURVE('',#2686,#2687,#202,.T.);
#3292=EDGE_CURVE('',#2687,#2686,#203,.T.);
#3293=EDGE_CURVE('',#2686,#2688,#77,.T.);
#3294=EDGE_CURVE('',#2688,#2688,#2375,.T.);
#3295=EDGE_CURVE('',#2689,#2689,#2376,.T.);
#3296=EDGE_CURVE('',#2689,#2690,#1503,.T.);
#3297=EDGE_CURVE('',#2690,#2690,#2377,.T.);
#3298=EDGE_CURVE('',#2691,#2691,#2378,.T.);
#3299=EDGE_CURVE('',#2691,#2692,#1504,.T.);
#3300=EDGE_CURVE('',#2692,#2692,#2379,.T.);
#3301=EDGE_CURVE('',#2693,#2693,#2380,.T.);
#3302=EDGE_CURVE('',#2693,#2694,#1505,.T.);
#3303=EDGE_CURVE('',#2694,#2694,#2381,.T.);
#3304=EDGE_CURVE('',#2695,#2695,#2382,.T.);
#3305=EDGE_CURVE('',#2695,#2696,#1506,.T.);
#3306=EDGE_CURVE('',#2696,#2696,#2383,.T.);
#3307=EDGE_CURVE('',#2697,#2697,#2384,.T.);
#3308=EDGE_CURVE('',#2697,#2698,#1507,.T.);
#3309=EDGE_CURVE('',#2698,#2698,#2385,.T.);
#3310=EDGE_CURVE('',#2699,#2700,#1508,.T.);
#3311=EDGE_CURVE('',#2701,#2699,#1509,.T.);
#3312=EDGE_CURVE('',#2701,#2702,#1510,.T.);
#3313=EDGE_CURVE('',#2700,#2702,#1511,.T.);
#3314=EDGE_CURVE('',#2703,#2704,#1512,.T.);
#3315=EDGE_CURVE('',#2703,#2705,#1513,.T.);
#3316=EDGE_CURVE('',#2705,#2706,#1514,.T.);
#3317=EDGE_CURVE('',#2704,#2706,#1515,.T.);
#3318=EDGE_CURVE('',#2700,#2703,#1516,.T.);
#3319=EDGE_CURVE('',#2702,#2705,#1517,.T.);
#3320=EDGE_CURVE('',#2706,#2701,#1518,.T.);
#3321=EDGE_CURVE('',#2707,#2708,#1519,.T.);
#3322=EDGE_CURVE('',#2709,#2707,#1520,.T.);
#3323=EDGE_CURVE('',#2709,#2710,#1521,.T.);
#3324=EDGE_CURVE('',#2708,#2710,#1522,.T.);
#3325=EDGE_CURVE('',#2711,#2712,#1523,.T.);
#3326=EDGE_CURVE('',#2711,#2713,#1524,.T.);
#3327=EDGE_CURVE('',#2713,#2714,#1525,.T.);
#3328=EDGE_CURVE('',#2712,#2714,#1526,.T.);
#3329=EDGE_CURVE('',#2708,#2711,#1527,.T.);
#3330=EDGE_CURVE('',#2710,#2713,#1528,.T.);
#3331=EDGE_CURVE('',#2714,#2709,#1529,.T.);
#3332=EDGE_CURVE('',#2715,#2699,#1530,.T.);
#3333=EDGE_CURVE('',#2716,#2715,#1531,.T.);
#3334=EDGE_CURVE('',#2717,#2716,#1532,.T.);
#3335=EDGE_CURVE('',#2717,#2718,#1533,.T.);
#3336=EDGE_CURVE('',#2718,#2719,#1534,.T.);
#3337=EDGE_CURVE('',#2719,#2720,#1535,.T.);
#3338=EDGE_CURVE('',#2721,#2720,#1536,.T.);
#3339=EDGE_CURVE('',#2721,#2722,#1537,.T.);
#3340=EDGE_CURVE('',#2722,#2723,#1538,.T.);
#3341=EDGE_CURVE('',#2723,#2724,#1539,.T.);
#3342=EDGE_CURVE('',#2725,#2724,#1540,.T.);
#3343=EDGE_CURVE('',#2725,#2726,#1541,.T.);
#3344=EDGE_CURVE('',#2704,#2726,#1542,.T.);
#3345=EDGE_CURVE('',#2727,#2707,#1543,.T.);
#3346=EDGE_CURVE('',#2728,#2727,#1544,.T.);
#3347=EDGE_CURVE('',#2729,#2728,#1545,.T.);
#3348=EDGE_CURVE('',#2729,#2730,#1546,.T.);
#3349=EDGE_CURVE('',#2730,#2731,#1547,.T.);
#3350=EDGE_CURVE('',#2731,#2732,#1548,.T.);
#3351=EDGE_CURVE('',#2733,#2732,#1549,.T.);
#3352=EDGE_CURVE('',#2733,#2734,#1550,.T.);
#3353=EDGE_CURVE('',#2734,#2735,#1551,.T.);
#3354=EDGE_CURVE('',#2735,#2736,#1552,.T.);
#3355=EDGE_CURVE('',#2737,#2736,#1553,.T.);
#3356=EDGE_CURVE('',#2737,#2738,#1554,.T.);
#3357=EDGE_CURVE('',#2712,#2738,#1555,.T.);
#3358=EDGE_CURVE('',#2739,#2739,#2386,.T.);
#3359=EDGE_CURVE('',#2739,#2740,#1556,.T.);
#3360=EDGE_CURVE('',#2740,#2740,#2387,.T.);
#3361=EDGE_CURVE('',#2741,#2741,#2388,.T.);
#3362=EDGE_CURVE('',#2741,#2742,#1557,.T.);
#3363=EDGE_CURVE('',#2742,#2742,#2389,.T.);
#3364=EDGE_CURVE('',#2732,#2721,#1558,.T.);
#3365=EDGE_CURVE('',#2731,#2722,#1559,.T.);
#3366=EDGE_CURVE('',#2724,#2729,#1560,.T.);
#3367=EDGE_CURVE('',#2723,#2730,#1561,.T.);
#3368=EDGE_CURVE('',#2743,#2743,#2390,.T.);
#3369=EDGE_CURVE('',#2720,#2733,#1562,.T.);
#3370=EDGE_CURVE('',#2719,#2734,#1563,.T.);
#3371=EDGE_CURVE('',#2736,#2717,#1564,.T.);
#3372=EDGE_CURVE('',#2735,#2718,#1565,.T.);
#3373=EDGE_CURVE('',#2744,#2744,#2391,.T.);
#3374=EDGE_CURVE('',#2716,#2737,#1566,.T.);
#3375=EDGE_CURVE('',#2728,#2725,#1567,.T.);
#3376=EDGE_CURVE('',#2744,#2745,#1568,.T.);
#3377=EDGE_CURVE('',#2745,#2745,#2392,.T.);
#3378=EDGE_CURVE('',#2743,#2746,#1569,.T.);
#3379=EDGE_CURVE('',#2746,#2746,#2393,.T.);
#3380=EDGE_CURVE('',#2726,#2727,#1570,.T.);
#3381=EDGE_CURVE('',#2738,#2715,#1571,.T.);
#3382=EDGE_CURVE('',#2747,#2747,#2394,.T.);
#3383=EDGE_CURVE('',#2747,#2748,#1572,.T.);
#3384=EDGE_CURVE('',#2748,#2748,#2395,.T.);
#3385=EDGE_CURVE('',#2749,#2749,#2396,.F.);
#3386=EDGE_CURVE('',#2749,#2750,#1573,.T.);
#3387=EDGE_CURVE('',#2750,#2750,#2397,.F.);
#3388=EDGE_CURVE('',#2751,#2752,#78,.T.);
#3389=EDGE_CURVE('',#2752,#2753,#79,.T.);
#3390=EDGE_CURVE('',#2754,#2753,#80,.T.);
#3391=EDGE_CURVE('',#2751,#2754,#81,.T.);
#3392=EDGE_CURVE('',#2755,#2755,#2398,.T.);
#3393=EDGE_CURVE('',#2755,#2756,#1574,.T.);
#3394=EDGE_CURVE('',#2756,#2756,#2399,.T.);
#3395=EDGE_CURVE('',#2753,#2754,#82,.T.);
#3396=EDGE_CURVE('',#2752,#2751,#83,.T.);
#3397=EDGE_CURVE('',#2757,#2757,#2400,.T.);
#3398=EDGE_CURVE('',#2757,#2758,#1575,.T.);
#3399=EDGE_CURVE('',#2758,#2759,#2401,.T.);
#3400=EDGE_CURVE('',#2759,#2758,#2402,.T.);
#3401=EDGE_CURVE('',#2760,#2759,#2403,.T.);
#3402=EDGE_CURVE('',#2761,#2761,#2404,.T.);
#3403=EDGE_CURVE('',#2761,#2762,#1576,.T.);
#3404=EDGE_CURVE('',#2762,#2762,#2405,.T.);
#3405=EDGE_CURVE('',#2763,#2764,#1577,.T.);
#3406=EDGE_CURVE('',#2764,#2764,#2406,.T.);
#3407=EDGE_CURVE('',#2764,#2765,#1578,.T.);
#3408=EDGE_CURVE('',#2766,#2765,#1579,.T.);
#3409=EDGE_CURVE('',#2766,#2767,#2407,.T.);
#3410=EDGE_CURVE('',#2768,#2767,#1580,.T.);
#3411=EDGE_CURVE('',#2765,#2768,#84,.T.);
#3412=EDGE_CURVE('',#2769,#2769,#2408,.T.);
#3413=EDGE_CURVE('',#2769,#2770,#1581,.T.);
#3414=EDGE_CURVE('',#2770,#2770,#2409,.T.);
#3415=EDGE_CURVE('',#2771,#2771,#2410,.T.);
#3416=EDGE_CURVE('',#2771,#2772,#1582,.T.);
#3417=EDGE_CURVE('',#2773,#2772,#1583,.T.);
#3418=EDGE_CURVE('',#2773,#2774,#2411,.T.);
#3419=EDGE_CURVE('',#2775,#2774,#1584,.T.);
#3420=EDGE_CURVE('',#2772,#2775,#85,.T.);
#3421=EDGE_CURVE('',#2776,#2776,#2412,.T.);
#3422=EDGE_CURVE('',#2776,#2777,#1585,.T.);
#3423=EDGE_CURVE('',#2777,#2777,#2413,.T.);
#3424=EDGE_CURVE('',#2778,#2779,#2414,.T.);
#3425=EDGE_CURVE('',#2779,#2778,#2415,.T.);
#3426=EDGE_CURVE('',#2779,#2780,#1586,.T.);
#3427=EDGE_CURVE('',#2780,#2781,#2416,.T.);
#3428=EDGE_CURVE('',#2781,#2782,#1587,.T.);
#3429=EDGE_CURVE('',#2783,#2782,#2417,.T.);
#3430=EDGE_CURVE('',#2783,#2784,#1588,.T.);
#3431=EDGE_CURVE('',#2784,#2784,#2418,.T.);
#3432=EDGE_CURVE('',#2785,#2783,#2419,.T.);
#3433=EDGE_CURVE('',#2786,#2785,#1589,.T.);
#3434=EDGE_CURVE('',#2786,#2780,#2420,.T.);
#3435=EDGE_CURVE('',#2787,#2788,#2421,.T.);
#3436=EDGE_CURVE('',#2789,#2787,#1590,.T.);
#3437=EDGE_CURVE('',#2789,#2790,#2422,.T.);
#3438=EDGE_CURVE('',#2790,#2788,#1591,.T.);
#3439=EDGE_CURVE('',#2791,#2792,#1592,.T.);
#3440=EDGE_CURVE('',#2791,#2793,#2423,.T.);
#3441=EDGE_CURVE('',#2793,#2794,#1593,.T.);
#3442=EDGE_CURVE('',#2792,#2794,#2424,.T.);
#3443=EDGE_CURVE('',#2795,#2796,#1594,.T.);
#3444=EDGE_CURVE('',#2795,#2797,#2425,.T.);
#3445=EDGE_CURVE('',#2797,#2798,#1595,.T.);
#3446=EDGE_CURVE('',#2796,#2798,#2426,.T.);
#3447=EDGE_CURVE('',#2799,#2800,#1596,.T.);
#3448=EDGE_CURVE('',#2799,#2801,#2427,.T.);
#3449=EDGE_CURVE('',#2801,#2802,#1597,.T.);
#3450=EDGE_CURVE('',#2800,#2802,#2428,.T.);
#3451=EDGE_CURVE('',#2803,#2804,#1598,.T.);
#3452=EDGE_CURVE('',#2803,#2805,#2429,.T.);
#3453=EDGE_CURVE('',#2805,#2806,#1599,.T.);
#3454=EDGE_CURVE('',#2804,#2806,#2430,.T.);
#3455=EDGE_CURVE('',#2807,#2808,#1600,.T.);
#3456=EDGE_CURVE('',#2807,#2809,#2431,.T.);
#3457=EDGE_CURVE('',#2809,#2810,#1601,.T.);
#3458=EDGE_CURVE('',#2808,#2810,#2432,.T.);
#3459=EDGE_CURVE('',#2811,#2812,#1602,.T.);
#3460=EDGE_CURVE('',#2811,#2813,#2433,.T.);
#3461=EDGE_CURVE('',#2813,#2814,#1603,.T.);
#3462=EDGE_CURVE('',#2812,#2814,#2434,.T.);
#3463=EDGE_CURVE('',#2815,#2816,#1604,.T.);
#3464=EDGE_CURVE('',#2815,#2817,#2435,.T.);
#3465=EDGE_CURVE('',#2817,#2818,#1605,.T.);
#3466=EDGE_CURVE('',#2816,#2818,#2436,.T.);
#3467=EDGE_CURVE('',#2819,#2820,#1606,.T.);
#3468=EDGE_CURVE('',#2819,#2821,#2437,.T.);
#3469=EDGE_CURVE('',#2821,#2822,#1607,.T.);
#3470=EDGE_CURVE('',#2820,#2822,#2438,.T.);
#3471=EDGE_CURVE('',#2823,#2824,#1608,.T.);
#3472=EDGE_CURVE('',#2823,#2825,#2439,.T.);
#3473=EDGE_CURVE('',#2825,#2826,#1609,.T.);
#3474=EDGE_CURVE('',#2824,#2826,#2440,.T.);
#3475=EDGE_CURVE('',#2827,#2828,#1610,.T.);
#3476=EDGE_CURVE('',#2827,#2829,#2441,.T.);
#3477=EDGE_CURVE('',#2829,#2830,#1611,.T.);
#3478=EDGE_CURVE('',#2828,#2830,#2442,.T.);
#3479=EDGE_CURVE('',#2831,#2832,#1612,.T.);
#3480=EDGE_CURVE('',#2831,#2833,#2443,.T.);
#3481=EDGE_CURVE('',#2833,#2834,#1613,.T.);
#3482=EDGE_CURVE('',#2832,#2834,#2444,.T.);
#3483=EDGE_CURVE('',#2835,#2836,#1614,.T.);
#3484=EDGE_CURVE('',#2835,#2837,#2445,.T.);
#3485=EDGE_CURVE('',#2837,#2838,#1615,.T.);
#3486=EDGE_CURVE('',#2836,#2838,#2446,.T.);
#3487=EDGE_CURVE('',#2839,#2840,#1616,.T.);
#3488=EDGE_CURVE('',#2839,#2841,#2447,.T.);
#3489=EDGE_CURVE('',#2841,#2842,#1617,.T.);
#3490=EDGE_CURVE('',#2840,#2842,#2448,.T.);
#3491=EDGE_CURVE('',#2843,#2844,#1618,.T.);
#3492=EDGE_CURVE('',#2843,#2845,#2449,.T.);
#3493=EDGE_CURVE('',#2845,#2846,#1619,.T.);
#3494=EDGE_CURVE('',#2844,#2846,#2450,.T.);
#3495=EDGE_CURVE('',#2847,#2848,#1620,.T.);
#3496=EDGE_CURVE('',#2847,#2849,#2451,.T.);
#3497=EDGE_CURVE('',#2849,#2850,#1621,.T.);
#3498=EDGE_CURVE('',#2848,#2850,#2452,.T.);
#3499=EDGE_CURVE('',#2851,#2852,#1622,.T.);
#3500=EDGE_CURVE('',#2851,#2853,#2453,.T.);
#3501=EDGE_CURVE('',#2853,#2854,#1623,.T.);
#3502=EDGE_CURVE('',#2852,#2854,#2454,.T.);
#3503=EDGE_CURVE('',#2855,#2856,#1624,.T.);
#3504=EDGE_CURVE('',#2855,#2857,#2455,.T.);
#3505=EDGE_CURVE('',#2857,#2858,#1625,.T.);
#3506=EDGE_CURVE('',#2856,#2858,#2456,.T.);
#3507=EDGE_CURVE('',#2859,#2860,#1626,.T.);
#3508=EDGE_CURVE('',#2859,#2861,#2457,.T.);
#3509=EDGE_CURVE('',#2861,#2862,#1627,.T.);
#3510=EDGE_CURVE('',#2860,#2862,#2458,.T.);
#3511=EDGE_CURVE('',#2863,#2864,#1628,.T.);
#3512=EDGE_CURVE('',#2863,#2865,#2459,.T.);
#3513=EDGE_CURVE('',#2865,#2866,#1629,.T.);
#3514=EDGE_CURVE('',#2864,#2866,#2460,.T.);
#3515=EDGE_CURVE('',#2867,#2868,#1630,.T.);
#3516=EDGE_CURVE('',#2867,#2869,#2461,.T.);
#3517=EDGE_CURVE('',#2869,#2870,#1631,.T.);
#3518=EDGE_CURVE('',#2868,#2870,#2462,.T.);
#3519=EDGE_CURVE('',#2871,#2872,#1632,.T.);
#3520=EDGE_CURVE('',#2871,#2873,#2463,.T.);
#3521=EDGE_CURVE('',#2873,#2874,#1633,.T.);
#3522=EDGE_CURVE('',#2872,#2874,#2464,.T.);
#3523=EDGE_CURVE('',#2875,#2876,#1634,.T.);
#3524=EDGE_CURVE('',#2875,#2877,#2465,.T.);
#3525=EDGE_CURVE('',#2877,#2878,#1635,.T.);
#3526=EDGE_CURVE('',#2876,#2878,#2466,.T.);
#3527=EDGE_CURVE('',#2879,#2880,#1636,.T.);
#3528=EDGE_CURVE('',#2879,#2881,#2467,.T.);
#3529=EDGE_CURVE('',#2881,#2882,#1637,.T.);
#3530=EDGE_CURVE('',#2880,#2882,#2468,.T.);
#3531=EDGE_CURVE('',#2883,#2884,#1638,.T.);
#3532=EDGE_CURVE('',#2883,#2885,#2469,.T.);
#3533=EDGE_CURVE('',#2885,#2886,#1639,.T.);
#3534=EDGE_CURVE('',#2884,#2886,#2470,.T.);
#3535=EDGE_CURVE('',#2887,#2888,#2471,.T.);
#3536=EDGE_CURVE('',#2888,#2889,#1640,.T.);
#3537=EDGE_CURVE('',#2890,#2889,#2472,.T.);
#3538=EDGE_CURVE('',#2887,#2890,#1641,.T.);
#3539=EDGE_CURVE('',#2891,#2892,#1642,.T.);
#3540=EDGE_CURVE('',#2891,#2893,#2473,.T.);
#3541=EDGE_CURVE('',#2893,#2894,#1643,.T.);
#3542=EDGE_CURVE('',#2892,#2894,#2474,.T.);
#3543=EDGE_CURVE('',#2895,#2896,#1644,.T.);
#3544=EDGE_CURVE('',#2895,#2897,#2475,.T.);
#3545=EDGE_CURVE('',#2897,#2898,#1645,.T.);
#3546=EDGE_CURVE('',#2896,#2898,#2476,.T.);
#3547=EDGE_CURVE('',#2899,#2900,#1646,.T.);
#3548=EDGE_CURVE('',#2899,#2901,#2477,.T.);
#3549=EDGE_CURVE('',#2901,#2902,#1647,.T.);
#3550=EDGE_CURVE('',#2900,#2902,#2478,.T.);
#3551=EDGE_CURVE('',#2903,#2904,#1648,.T.);
#3552=EDGE_CURVE('',#2903,#2905,#2479,.T.);
#3553=EDGE_CURVE('',#2905,#2906,#1649,.T.);
#3554=EDGE_CURVE('',#2904,#2906,#2480,.T.);
#3555=EDGE_CURVE('',#2907,#2908,#1650,.T.);
#3556=EDGE_CURVE('',#2907,#2909,#2481,.T.);
#3557=EDGE_CURVE('',#2909,#2910,#1651,.T.);
#3558=EDGE_CURVE('',#2908,#2910,#2482,.T.);
#3559=EDGE_CURVE('',#2911,#2912,#1652,.T.);
#3560=EDGE_CURVE('',#2911,#2913,#2483,.T.);
#3561=EDGE_CURVE('',#2913,#2914,#1653,.T.);
#3562=EDGE_CURVE('',#2912,#2914,#2484,.T.);
#3563=EDGE_CURVE('',#2915,#2916,#1654,.T.);
#3564=EDGE_CURVE('',#2915,#2917,#2485,.T.);
#3565=EDGE_CURVE('',#2917,#2918,#1655,.T.);
#3566=EDGE_CURVE('',#2916,#2918,#2486,.T.);
#3567=EDGE_CURVE('',#2919,#2920,#1656,.T.);
#3568=EDGE_CURVE('',#2919,#2921,#2487,.T.);
#3569=EDGE_CURVE('',#2921,#2922,#1657,.T.);
#3570=EDGE_CURVE('',#2920,#2922,#2488,.T.);
#3571=EDGE_CURVE('',#2923,#2924,#1658,.T.);
#3572=EDGE_CURVE('',#2923,#2925,#2489,.T.);
#3573=EDGE_CURVE('',#2925,#2926,#1659,.T.);
#3574=EDGE_CURVE('',#2924,#2926,#2490,.T.);
#3575=EDGE_CURVE('',#2927,#2928,#1660,.T.);
#3576=EDGE_CURVE('',#2927,#2929,#2491,.T.);
#3577=EDGE_CURVE('',#2929,#2930,#1661,.T.);
#3578=EDGE_CURVE('',#2928,#2930,#2492,.T.);
#3579=EDGE_CURVE('',#2931,#2932,#1662,.T.);
#3580=EDGE_CURVE('',#2931,#2933,#2493,.T.);
#3581=EDGE_CURVE('',#2933,#2934,#1663,.T.);
#3582=EDGE_CURVE('',#2932,#2934,#2494,.T.);
#3583=EDGE_CURVE('',#2935,#2936,#1664,.T.);
#3584=EDGE_CURVE('',#2935,#2937,#2495,.T.);
#3585=EDGE_CURVE('',#2937,#2938,#1665,.T.);
#3586=EDGE_CURVE('',#2936,#2938,#2496,.T.);
#3587=EDGE_CURVE('',#2939,#2940,#1666,.T.);
#3588=EDGE_CURVE('',#2939,#2941,#2497,.T.);
#3589=EDGE_CURVE('',#2941,#2942,#1667,.T.);
#3590=EDGE_CURVE('',#2940,#2942,#2498,.T.);
#3591=EDGE_CURVE('',#2943,#2944,#1668,.T.);
#3592=EDGE_CURVE('',#2943,#2945,#2499,.T.);
#3593=EDGE_CURVE('',#2945,#2946,#1669,.T.);
#3594=EDGE_CURVE('',#2944,#2946,#2500,.T.);
#3595=EDGE_CURVE('',#2947,#2948,#1670,.T.);
#3596=EDGE_CURVE('',#2947,#2949,#2501,.T.);
#3597=EDGE_CURVE('',#2949,#2950,#1671,.T.);
#3598=EDGE_CURVE('',#2948,#2950,#2502,.T.);
#3599=EDGE_CURVE('',#2951,#2952,#1672,.T.);
#3600=EDGE_CURVE('',#2951,#2953,#2503,.T.);
#3601=EDGE_CURVE('',#2953,#2954,#1673,.T.);
#3602=EDGE_CURVE('',#2952,#2954,#2504,.T.);
#3603=EDGE_CURVE('',#2955,#2956,#1674,.T.);
#3604=EDGE_CURVE('',#2955,#2957,#2505,.T.);
#3605=EDGE_CURVE('',#2957,#2958,#1675,.T.);
#3606=EDGE_CURVE('',#2956,#2958,#2506,.T.);
#3607=EDGE_CURVE('',#2959,#2960,#1676,.T.);
#3608=EDGE_CURVE('',#2959,#2961,#2507,.T.);
#3609=EDGE_CURVE('',#2961,#2962,#1677,.T.);
#3610=EDGE_CURVE('',#2960,#2962,#2508,.T.);
#3611=EDGE_CURVE('',#2963,#2964,#1678,.T.);
#3612=EDGE_CURVE('',#2963,#2965,#2509,.T.);
#3613=EDGE_CURVE('',#2965,#2966,#1679,.T.);
#3614=EDGE_CURVE('',#2964,#2966,#2510,.T.);
#3615=EDGE_CURVE('',#2967,#2968,#1680,.T.);
#3616=EDGE_CURVE('',#2967,#2969,#2511,.T.);
#3617=EDGE_CURVE('',#2969,#2970,#1681,.T.);
#3618=EDGE_CURVE('',#2968,#2970,#2512,.T.);
#3619=EDGE_CURVE('',#2971,#2972,#1682,.T.);
#3620=EDGE_CURVE('',#2971,#2973,#2513,.T.);
#3621=EDGE_CURVE('',#2973,#2974,#1683,.T.);
#3622=EDGE_CURVE('',#2972,#2974,#2514,.T.);
#3623=EDGE_CURVE('',#2975,#2976,#1684,.T.);
#3624=EDGE_CURVE('',#2975,#2977,#2515,.T.);
#3625=EDGE_CURVE('',#2977,#2978,#1685,.T.);
#3626=EDGE_CURVE('',#2976,#2978,#2516,.T.);
#3627=EDGE_CURVE('',#2979,#2980,#1686,.T.);
#3628=EDGE_CURVE('',#2979,#2981,#2517,.T.);
#3629=EDGE_CURVE('',#2981,#2982,#1687,.T.);
#3630=EDGE_CURVE('',#2980,#2982,#2518,.T.);
#3631=EDGE_CURVE('',#2778,#2983,#1688,.T.);
#3632=EDGE_CURVE('',#2983,#2983,#2519,.T.);
#3633=EDGE_CURVE('',#2984,#2985,#2520,.T.);
#3634=EDGE_CURVE('',#2986,#2985,#1689,.T.);
#3635=EDGE_CURVE('',#2987,#2986,#2521,.T.);
#3636=EDGE_CURVE('',#2987,#2984,#1690,.T.);
#3637=EDGE_CURVE('',#2786,#2988,#86,.T.);
#3638=EDGE_CURVE('',#2988,#2989,#2522,.T.);
#3639=EDGE_CURVE('',#2989,#2781,#87,.T.);
#3640=EDGE_CURVE('',#2775,#2765,#1691,.T.);
#3641=EDGE_CURVE('',#2774,#2766,#1692,.T.);
#3642=EDGE_CURVE('',#2883,#2990,#88,.T.);
#3643=EDGE_CURVE('',#2990,#2991,#2523,.T.);
#3644=EDGE_CURVE('',#2991,#2885,#89,.T.);
#3645=EDGE_CURVE('',#2992,#2993,#2524,.T.);
#3646=EDGE_CURVE('',#2993,#2881,#90,.T.);
#3647=EDGE_CURVE('',#2879,#2992,#91,.T.);
#3648=EDGE_CURVE('',#2994,#2995,#2525,.T.);
#3649=EDGE_CURVE('',#2995,#2877,#92,.T.);
#3650=EDGE_CURVE('',#2875,#2994,#93,.T.);
#3651=EDGE_CURVE('',#2996,#2997,#2526,.T.);
#3652=EDGE_CURVE('',#2997,#2873,#94,.T.);
#3653=EDGE_CURVE('',#2871,#2996,#95,.T.);
#3654=EDGE_CURVE('',#2998,#2999,#2527,.T.);
#3655=EDGE_CURVE('',#2999,#2869,#96,.T.);
#3656=EDGE_CURVE('',#2867,#2998,#97,.T.);
#3657=EDGE_CURVE('',#3000,#3001,#2528,.T.);
#3658=EDGE_CURVE('',#3001,#2865,#98,.T.);
#3659=EDGE_CURVE('',#2863,#3000,#99,.T.);
#3660=EDGE_CURVE('',#3002,#3003,#2529,.T.);
#3661=EDGE_CURVE('',#3003,#2861,#100,.T.);
#3662=EDGE_CURVE('',#2859,#3002,#101,.T.);
#3663=EDGE_CURVE('',#3004,#3005,#2530,.T.);
#3664=EDGE_CURVE('',#3005,#2857,#102,.T.);
#3665=EDGE_CURVE('',#2855,#3004,#103,.T.);
#3666=EDGE_CURVE('',#3006,#3007,#2531,.T.);
#3667=EDGE_CURVE('',#3007,#2853,#104,.T.);
#3668=EDGE_CURVE('',#2851,#3006,#105,.T.);
#3669=EDGE_CURVE('',#3008,#3009,#2532,.T.);
#3670=EDGE_CURVE('',#3009,#2849,#106,.T.);
#3671=EDGE_CURVE('',#2847,#3008,#107,.T.);
#3672=EDGE_CURVE('',#3010,#3011,#2533,.T.);
#3673=EDGE_CURVE('',#3011,#2845,#108,.T.);
#3674=EDGE_CURVE('',#2843,#3010,#109,.T.);
#3675=EDGE_CURVE('',#3012,#3013,#2534,.T.);
#3676=EDGE_CURVE('',#3013,#2841,#110,.T.);
#3677=EDGE_CURVE('',#2839,#3012,#111,.T.);
#3678=EDGE_CURVE('',#3014,#3015,#2535,.T.);
#3679=EDGE_CURVE('',#3015,#2837,#112,.T.);
#3680=EDGE_CURVE('',#2835,#3014,#113,.T.);
#3681=EDGE_CURVE('',#3016,#3017,#2536,.T.);
#3682=EDGE_CURVE('',#3017,#2833,#114,.T.);
#3683=EDGE_CURVE('',#2831,#3016,#115,.T.);
#3684=EDGE_CURVE('',#3018,#3019,#2537,.T.);
#3685=EDGE_CURVE('',#3019,#2829,#116,.T.);
#3686=EDGE_CURVE('',#2827,#3018,#117,.T.);
#3687=EDGE_CURVE('',#3020,#3021,#2538,.T.);
#3688=EDGE_CURVE('',#3021,#2825,#118,.T.);
#3689=EDGE_CURVE('',#2823,#3020,#119,.T.);
#3690=EDGE_CURVE('',#3022,#3023,#2539,.T.);
#3691=EDGE_CURVE('',#3023,#2821,#120,.T.);
#3692=EDGE_CURVE('',#2819,#3022,#121,.T.);
#3693=EDGE_CURVE('',#3024,#3025,#2540,.T.);
#3694=EDGE_CURVE('',#3025,#2817,#122,.T.);
#3695=EDGE_CURVE('',#2815,#3024,#123,.T.);
#3696=EDGE_CURVE('',#3026,#3027,#2541,.T.);
#3697=EDGE_CURVE('',#3027,#2813,#124,.T.);
#3698=EDGE_CURVE('',#2811,#3026,#125,.T.);
#3699=EDGE_CURVE('',#3028,#3029,#2542,.T.);
#3700=EDGE_CURVE('',#3029,#2809,#126,.T.);
#3701=EDGE_CURVE('',#2807,#3028,#127,.T.);
#3702=EDGE_CURVE('',#3030,#3031,#2543,.T.);
#3703=EDGE_CURVE('',#3031,#2805,#128,.T.);
#3704=EDGE_CURVE('',#2803,#3030,#129,.T.);
#3705=EDGE_CURVE('',#3032,#3033,#2544,.T.);
#3706=EDGE_CURVE('',#3033,#2981,#130,.T.);
#3707=EDGE_CURVE('',#2979,#3032,#131,.T.);
#3708=EDGE_CURVE('',#3034,#3035,#2545,.T.);
#3709=EDGE_CURVE('',#3035,#2977,#132,.T.);
#3710=EDGE_CURVE('',#2975,#3034,#133,.T.);
#3711=EDGE_CURVE('',#3036,#3037,#2546,.T.);
#3712=EDGE_CURVE('',#3037,#2973,#134,.T.);
#3713=EDGE_CURVE('',#2971,#3036,#135,.T.);
#3714=EDGE_CURVE('',#3038,#3039,#2547,.T.);
#3715=EDGE_CURVE('',#3039,#2969,#136,.T.);
#3716=EDGE_CURVE('',#2967,#3038,#137,.T.);
#3717=EDGE_CURVE('',#3040,#3041,#2548,.T.);
#3718=EDGE_CURVE('',#3041,#2965,#138,.T.);
#3719=EDGE_CURVE('',#2963,#3040,#139,.T.);
#3720=EDGE_CURVE('',#3042,#3043,#2549,.T.);
#3721=EDGE_CURVE('',#3043,#2961,#140,.T.);
#3722=EDGE_CURVE('',#2959,#3042,#141,.T.);
#3723=EDGE_CURVE('',#3044,#3045,#2550,.T.);
#3724=EDGE_CURVE('',#3045,#2957,#142,.T.);
#3725=EDGE_CURVE('',#2955,#3044,#143,.T.);
#3726=EDGE_CURVE('',#3046,#3047,#2551,.T.);
#3727=EDGE_CURVE('',#3047,#2953,#144,.T.);
#3728=EDGE_CURVE('',#2951,#3046,#145,.T.);
#3729=EDGE_CURVE('',#3048,#3049,#2552,.T.);
#3730=EDGE_CURVE('',#3049,#2949,#146,.T.);
#3731=EDGE_CURVE('',#2947,#3048,#147,.T.);
#3732=EDGE_CURVE('',#3050,#3051,#2553,.T.);
#3733=EDGE_CURVE('',#3051,#2945,#148,.T.);
#3734=EDGE_CURVE('',#2943,#3050,#149,.T.);
#3735=EDGE_CURVE('',#2799,#3052,#150,.T.);
#3736=EDGE_CURVE('',#3052,#3053,#2554,.T.);
#3737=EDGE_CURVE('',#3053,#2801,#151,.T.);
#3738=EDGE_CURVE('',#2795,#3054,#152,.T.);
#3739=EDGE_CURVE('',#3054,#3055,#2555,.T.);
#3740=EDGE_CURVE('',#3055,#2797,#153,.T.);
#3741=EDGE_CURVE('',#2791,#3056,#154,.T.);
#3742=EDGE_CURVE('',#3056,#3057,#2556,.T.);
#3743=EDGE_CURVE('',#3057,#2793,#155,.T.);
#3744=EDGE_CURVE('',#2789,#2987,#156,.T.);
#3745=EDGE_CURVE('',#2986,#2790,#157,.T.);
#3746=EDGE_CURVE('',#2939,#3058,#158,.T.);
#3747=EDGE_CURVE('',#3058,#3059,#2557,.T.);
#3748=EDGE_CURVE('',#3059,#2941,#159,.T.);
#3749=EDGE_CURVE('',#2935,#3060,#160,.T.);
#3750=EDGE_CURVE('',#3060,#3061,#2558,.T.);
#3751=EDGE_CURVE('',#3061,#2937,#161,.T.);
#3752=EDGE_CURVE('',#2931,#3062,#162,.T.);
#3753=EDGE_CURVE('',#3062,#3063,#2559,.T.);
#3754=EDGE_CURVE('',#3063,#2933,#163,.T.);
#3755=EDGE_CURVE('',#2927,#3064,#164,.T.);
#3756=EDGE_CURVE('',#3064,#3065,#2560,.T.);
#3757=EDGE_CURVE('',#3065,#2929,#165,.T.);
#3758=EDGE_CURVE('',#2923,#3066,#166,.T.);
#3759=EDGE_CURVE('',#3066,#3067,#2561,.T.);
#3760=EDGE_CURVE('',#3067,#2925,#167,.T.);
#3761=EDGE_CURVE('',#2919,#3068,#168,.T.);
#3762=EDGE_CURVE('',#3068,#3069,#2562,.T.);
#3763=EDGE_CURVE('',#3069,#2921,#169,.T.);
#3764=EDGE_CURVE('',#2915,#3070,#170,.T.);
#3765=EDGE_CURVE('',#3070,#3071,#2563,.T.);
#3766=EDGE_CURVE('',#3071,#2917,#171,.T.);
#3767=EDGE_CURVE('',#2911,#3072,#172,.T.);
#3768=EDGE_CURVE('',#3072,#3073,#2564,.T.);
#3769=EDGE_CURVE('',#3073,#2913,#173,.T.);
#3770=EDGE_CURVE('',#2907,#3074,#174,.T.);
#3771=EDGE_CURVE('',#3074,#3075,#2565,.T.);
#3772=EDGE_CURVE('',#3075,#2909,#175,.T.);
#3773=EDGE_CURVE('',#2903,#3076,#176,.T.);
#3774=EDGE_CURVE('',#3076,#3077,#2566,.T.);
#3775=EDGE_CURVE('',#3077,#2905,#177,.T.);
#3776=EDGE_CURVE('',#2899,#3078,#178,.T.);
#3777=EDGE_CURVE('',#3078,#3079,#2567,.T.);
#3778=EDGE_CURVE('',#3079,#2901,#179,.T.);
#3779=EDGE_CURVE('',#2895,#3080,#180,.T.);
#3780=EDGE_CURVE('',#3080,#3081,#2568,.T.);
#3781=EDGE_CURVE('',#3081,#2897,#181,.T.);
#3782=EDGE_CURVE('',#3082,#3083,#2569,.T.);
#3783=EDGE_CURVE('',#3083,#2893,#182,.T.);
#3784=EDGE_CURVE('',#2891,#3082,#183,.T.);
#3785=EDGE_CURVE('',#2990,#3084,#1693,.T.);
#3786=EDGE_CURVE('',#3084,#3085,#2570,.T.);
#3787=EDGE_CURVE('',#2991,#3085,#1694,.T.);
#3788=EDGE_CURVE('',#3086,#3087,#2571,.T.);
#3789=EDGE_CURVE('',#2993,#3087,#1695,.T.);
#3790=EDGE_CURVE('',#2992,#3086,#1696,.T.);
#3791=EDGE_CURVE('',#3088,#3089,#2572,.T.);
#3792=EDGE_CURVE('',#2995,#3089,#1697,.T.);
#3793=EDGE_CURVE('',#2994,#3088,#1698,.T.);
#3794=EDGE_CURVE('',#3090,#3091,#2573,.T.);
#3795=EDGE_CURVE('',#2997,#3091,#1699,.T.);
#3796=EDGE_CURVE('',#2996,#3090,#1700,.T.);
#3797=EDGE_CURVE('',#3092,#3093,#2574,.T.);
#3798=EDGE_CURVE('',#2999,#3093,#1701,.T.);
#3799=EDGE_CURVE('',#2998,#3092,#1702,.T.);
#3800=EDGE_CURVE('',#3094,#3095,#2575,.T.);
#3801=EDGE_CURVE('',#3001,#3095,#1703,.T.);
#3802=EDGE_CURVE('',#3000,#3094,#1704,.T.);
#3803=EDGE_CURVE('',#3096,#3097,#2576,.T.);
#3804=EDGE_CURVE('',#3003,#3097,#1705,.T.);
#3805=EDGE_CURVE('',#3002,#3096,#1706,.T.);
#3806=EDGE_CURVE('',#3098,#3099,#2577,.T.);
#3807=EDGE_CURVE('',#3005,#3099,#1707,.T.);
#3808=EDGE_CURVE('',#3004,#3098,#1708,.T.);
#3809=EDGE_CURVE('',#3100,#3101,#2578,.T.);
#3810=EDGE_CURVE('',#3007,#3101,#1709,.T.);
#3811=EDGE_CURVE('',#3006,#3100,#1710,.T.);
#3812=EDGE_CURVE('',#3102,#3103,#2579,.T.);
#3813=EDGE_CURVE('',#3009,#3103,#1711,.T.);
#3814=EDGE_CURVE('',#3008,#3102,#1712,.T.);
#3815=EDGE_CURVE('',#3104,#3105,#2580,.T.);
#3816=EDGE_CURVE('',#3011,#3105,#1713,.T.);
#3817=EDGE_CURVE('',#3010,#3104,#1714,.T.);
#3818=EDGE_CURVE('',#3106,#3107,#2581,.T.);
#3819=EDGE_CURVE('',#3013,#3107,#1715,.T.);
#3820=EDGE_CURVE('',#3012,#3106,#1716,.T.);
#3821=EDGE_CURVE('',#3108,#3109,#2582,.T.);
#3822=EDGE_CURVE('',#3015,#3109,#1717,.T.);
#3823=EDGE_CURVE('',#3014,#3108,#1718,.T.);
#3824=EDGE_CURVE('',#3110,#3111,#2583,.T.);
#3825=EDGE_CURVE('',#3017,#3111,#1719,.T.);
#3826=EDGE_CURVE('',#3016,#3110,#1720,.T.);
#3827=EDGE_CURVE('',#3112,#3113,#2584,.T.);
#3828=EDGE_CURVE('',#3019,#3113,#1721,.T.);
#3829=EDGE_CURVE('',#3018,#3112,#1722,.T.);
#3830=EDGE_CURVE('',#3114,#3115,#2585,.T.);
#3831=EDGE_CURVE('',#3021,#3115,#1723,.T.);
#3832=EDGE_CURVE('',#3020,#3114,#1724,.T.);
#3833=EDGE_CURVE('',#3116,#3117,#2586,.T.);
#3834=EDGE_CURVE('',#3023,#3117,#1725,.T.);
#3835=EDGE_CURVE('',#3022,#3116,#1726,.T.);
#3836=EDGE_CURVE('',#3118,#3119,#2587,.T.);
#3837=EDGE_CURVE('',#3025,#3119,#1727,.T.);
#3838=EDGE_CURVE('',#3024,#3118,#1728,.T.);
#3839=EDGE_CURVE('',#3120,#3121,#2588,.T.);
#3840=EDGE_CURVE('',#3027,#3121,#1729,.T.);
#3841=EDGE_CURVE('',#3026,#3120,#1730,.T.);
#3842=EDGE_CURVE('',#3122,#3123,#2589,.T.);
#3843=EDGE_CURVE('',#3029,#3123,#1731,.T.);
#3844=EDGE_CURVE('',#3028,#3122,#1732,.T.);
#3845=EDGE_CURVE('',#3124,#3125,#2590,.T.);
#3846=EDGE_CURVE('',#3031,#3125,#1733,.T.);
#3847=EDGE_CURVE('',#3030,#3124,#1734,.T.);
#3848=EDGE_CURVE('',#3126,#3127,#2591,.T.);
#3849=EDGE_CURVE('',#2989,#3127,#1735,.T.);
#3850=EDGE_CURVE('',#2988,#3126,#1736,.T.);
#3851=EDGE_CURVE('',#3128,#3129,#2592,.T.);
#3852=EDGE_CURVE('',#3033,#3129,#1737,.T.);
#3853=EDGE_CURVE('',#3032,#3128,#1738,.T.);
#3854=EDGE_CURVE('',#3130,#3131,#2593,.T.);
#3855=EDGE_CURVE('',#3035,#3131,#1739,.T.);
#3856=EDGE_CURVE('',#3034,#3130,#1740,.T.);
#3857=EDGE_CURVE('',#3132,#3133,#2594,.T.);
#3858=EDGE_CURVE('',#3037,#3133,#1741,.T.);
#3859=EDGE_CURVE('',#3036,#3132,#1742,.T.);
#3860=EDGE_CURVE('',#3134,#3135,#2595,.T.);
#3861=EDGE_CURVE('',#3039,#3135,#1743,.T.);
#3862=EDGE_CURVE('',#3038,#3134,#1744,.T.);
#3863=EDGE_CURVE('',#3136,#3137,#2596,.T.);
#3864=EDGE_CURVE('',#3041,#3137,#1745,.T.);
#3865=EDGE_CURVE('',#3040,#3136,#1746,.T.);
#3866=EDGE_CURVE('',#3138,#3139,#2597,.T.);
#3867=EDGE_CURVE('',#3043,#3139,#1747,.T.);
#3868=EDGE_CURVE('',#3042,#3138,#1748,.T.);
#3869=EDGE_CURVE('',#3140,#3141,#2598,.T.);
#3870=EDGE_CURVE('',#3045,#3141,#1749,.T.);
#3871=EDGE_CURVE('',#3044,#3140,#1750,.T.);
#3872=EDGE_CURVE('',#3142,#3143,#2599,.T.);
#3873=EDGE_CURVE('',#3047,#3143,#1751,.T.);
#3874=EDGE_CURVE('',#3046,#3142,#1752,.T.);
#3875=EDGE_CURVE('',#3144,#3145,#2600,.T.);
#3876=EDGE_CURVE('',#3049,#3145,#1753,.T.);
#3877=EDGE_CURVE('',#3048,#3144,#1754,.T.);
#3878=EDGE_CURVE('',#3146,#3147,#2601,.T.);
#3879=EDGE_CURVE('',#3051,#3147,#1755,.T.);
#3880=EDGE_CURVE('',#3050,#3146,#1756,.T.);
#3881=EDGE_CURVE('',#3052,#3148,#1757,.T.);
#3882=EDGE_CURVE('',#3148,#3149,#2602,.T.);
#3883=EDGE_CURVE('',#3053,#3149,#1758,.T.);
#3884=EDGE_CURVE('',#3054,#3150,#1759,.T.);
#3885=EDGE_CURVE('',#3150,#3151,#2603,.T.);
#3886=EDGE_CURVE('',#3055,#3151,#1760,.T.);
#3887=EDGE_CURVE('',#3056,#3152,#1761,.T.);
#3888=EDGE_CURVE('',#3152,#3153,#2604,.T.);
#3889=EDGE_CURVE('',#3057,#3153,#1762,.T.);
#3890=EDGE_CURVE('',#3058,#3154,#1763,.T.);
#3891=EDGE_CURVE('',#3154,#3155,#2605,.T.);
#3892=EDGE_CURVE('',#3059,#3155,#1764,.T.);
#3893=EDGE_CURVE('',#3060,#3156,#1765,.T.);
#3894=EDGE_CURVE('',#3156,#3157,#2606,.T.);
#3895=EDGE_CURVE('',#3061,#3157,#1766,.T.);
#3896=EDGE_CURVE('',#3062,#3158,#1767,.T.);
#3897=EDGE_CURVE('',#3158,#3159,#2607,.T.);
#3898=EDGE_CURVE('',#3063,#3159,#1768,.T.);
#3899=EDGE_CURVE('',#3064,#3160,#1769,.T.);
#3900=EDGE_CURVE('',#3160,#3161,#2608,.T.);
#3901=EDGE_CURVE('',#3065,#3161,#1770,.T.);
#3902=EDGE_CURVE('',#3066,#3162,#1771,.T.);
#3903=EDGE_CURVE('',#3162,#3163,#2609,.T.);
#3904=EDGE_CURVE('',#3067,#3163,#1772,.T.);
#3905=EDGE_CURVE('',#3068,#3164,#1773,.T.);
#3906=EDGE_CURVE('',#3164,#3165,#2610,.T.);
#3907=EDGE_CURVE('',#3069,#3165,#1774,.T.);
#3908=EDGE_CURVE('',#3070,#3166,#1775,.T.);
#3909=EDGE_CURVE('',#3166,#3167,#2611,.T.);
#3910=EDGE_CURVE('',#3071,#3167,#1776,.T.);
#3911=EDGE_CURVE('',#3072,#3168,#1777,.T.);
#3912=EDGE_CURVE('',#3168,#3169,#2612,.T.);
#3913=EDGE_CURVE('',#3073,#3169,#1778,.T.);
#3914=EDGE_CURVE('',#3074,#3170,#1779,.T.);
#3915=EDGE_CURVE('',#3170,#3171,#2613,.T.);
#3916=EDGE_CURVE('',#3075,#3171,#1780,.T.);
#3917=EDGE_CURVE('',#3076,#3172,#1781,.T.);
#3918=EDGE_CURVE('',#3172,#3173,#2614,.T.);
#3919=EDGE_CURVE('',#3077,#3173,#1782,.T.);
#3920=EDGE_CURVE('',#3078,#3174,#1783,.T.);
#3921=EDGE_CURVE('',#3174,#3175,#2615,.T.);
#3922=EDGE_CURVE('',#3079,#3175,#1784,.T.);
#3923=EDGE_CURVE('',#3080,#3176,#1785,.T.);
#3924=EDGE_CURVE('',#3176,#3177,#2616,.T.);
#3925=EDGE_CURVE('',#3081,#3177,#1786,.T.);
#3926=EDGE_CURVE('',#3178,#3179,#2617,.T.);
#3927=EDGE_CURVE('',#3083,#3179,#1787,.T.);
#3928=EDGE_CURVE('',#3082,#3178,#1788,.T.);
#3929=EDGE_CURVE('',#2884,#3084,#1789,.T.);
#3930=EDGE_CURVE('',#3085,#2886,#1790,.T.);
#3931=EDGE_CURVE('',#3087,#2882,#1791,.T.);
#3932=EDGE_CURVE('',#2880,#3086,#1792,.T.);
#3933=EDGE_CURVE('',#3089,#2878,#1793,.T.);
#3934=EDGE_CURVE('',#2876,#3088,#1794,.T.);
#3935=EDGE_CURVE('',#3091,#2874,#1795,.T.);
#3936=EDGE_CURVE('',#2872,#3090,#1796,.T.);
#3937=EDGE_CURVE('',#3093,#2870,#1797,.T.);
#3938=EDGE_CURVE('',#2868,#3092,#1798,.T.);
#3939=EDGE_CURVE('',#3095,#2866,#1799,.T.);
#3940=EDGE_CURVE('',#2864,#3094,#1800,.T.);
#3941=EDGE_CURVE('',#3097,#2862,#1801,.T.);
#3942=EDGE_CURVE('',#2860,#3096,#1802,.T.);
#3943=EDGE_CURVE('',#3099,#2858,#1803,.T.);
#3944=EDGE_CURVE('',#2856,#3098,#1804,.T.);
#3945=EDGE_CURVE('',#3101,#2854,#1805,.T.);
#3946=EDGE_CURVE('',#2852,#3100,#1806,.T.);
#3947=EDGE_CURVE('',#3103,#2850,#1807,.T.);
#3948=EDGE_CURVE('',#2848,#3102,#1808,.T.);
#3949=EDGE_CURVE('',#3105,#2846,#1809,.T.);
#3950=EDGE_CURVE('',#2844,#3104,#1810,.T.);
#3951=EDGE_CURVE('',#3107,#2842,#1811,.T.);
#3952=EDGE_CURVE('',#2840,#3106,#1812,.T.);
#3953=EDGE_CURVE('',#3109,#2838,#1813,.T.);
#3954=EDGE_CURVE('',#2836,#3108,#1814,.T.);
#3955=EDGE_CURVE('',#3111,#2834,#1815,.T.);
#3956=EDGE_CURVE('',#2832,#3110,#1816,.T.);
#3957=EDGE_CURVE('',#3113,#2830,#1817,.T.);
#3958=EDGE_CURVE('',#2828,#3112,#1818,.T.);
#3959=EDGE_CURVE('',#3115,#2826,#1819,.T.);
#3960=EDGE_CURVE('',#2824,#3114,#1820,.T.);
#3961=EDGE_CURVE('',#3117,#2822,#1821,.T.);
#3962=EDGE_CURVE('',#2820,#3116,#1822,.T.);
#3963=EDGE_CURVE('',#3119,#2818,#1823,.T.);
#3964=EDGE_CURVE('',#2816,#3118,#1824,.T.);
#3965=EDGE_CURVE('',#3121,#2814,#1825,.T.);
#3966=EDGE_CURVE('',#2812,#3120,#1826,.T.);
#3967=EDGE_CURVE('',#3123,#2810,#1827,.T.);
#3968=EDGE_CURVE('',#2808,#3122,#1828,.T.);
#3969=EDGE_CURVE('',#3125,#2806,#1829,.T.);
#3970=EDGE_CURVE('',#2804,#3124,#1830,.T.);
#3971=EDGE_CURVE('',#3127,#2782,#1831,.T.);
#3972=EDGE_CURVE('',#2785,#3126,#1832,.T.);
#3973=EDGE_CURVE('',#3129,#2982,#1833,.T.);
#3974=EDGE_CURVE('',#2980,#3128,#1834,.T.);
#3975=EDGE_CURVE('',#3131,#2978,#1835,.T.);
#3976=EDGE_CURVE('',#2976,#3130,#1836,.T.);
#3977=EDGE_CURVE('',#3133,#2974,#1837,.T.);
#3978=EDGE_CURVE('',#2972,#3132,#1838,.T.);
#3979=EDGE_CURVE('',#3135,#2970,#1839,.T.);
#3980=EDGE_CURVE('',#2968,#3134,#1840,.T.);
#3981=EDGE_CURVE('',#3137,#2966,#1841,.T.);
#3982=EDGE_CURVE('',#2964,#3136,#1842,.T.);
#3983=EDGE_CURVE('',#3139,#2962,#1843,.T.);
#3984=EDGE_CURVE('',#2960,#3138,#1844,.T.);
#3985=EDGE_CURVE('',#3141,#2958,#1845,.T.);
#3986=EDGE_CURVE('',#2956,#3140,#1846,.T.);
#3987=EDGE_CURVE('',#3143,#2954,#1847,.T.);
#3988=EDGE_CURVE('',#2952,#3142,#1848,.T.);
#3989=EDGE_CURVE('',#3145,#2950,#1849,.T.);
#3990=EDGE_CURVE('',#2948,#3144,#1850,.T.);
#3991=EDGE_CURVE('',#3147,#2946,#1851,.T.);
#3992=EDGE_CURVE('',#2944,#3146,#1852,.T.);
#3993=EDGE_CURVE('',#2800,#3148,#1853,.T.);
#3994=EDGE_CURVE('',#3149,#2802,#1854,.T.);
#3995=EDGE_CURVE('',#2796,#3150,#1855,.T.);
#3996=EDGE_CURVE('',#3151,#2798,#1856,.T.);
#3997=EDGE_CURVE('',#2792,#3152,#1857,.T.);
#3998=EDGE_CURVE('',#3153,#2794,#1858,.T.);
#3999=EDGE_CURVE('',#2787,#2984,#1859,.T.);
#4000=EDGE_CURVE('',#2985,#2788,#1860,.T.);
#4001=EDGE_CURVE('',#2940,#3154,#1861,.T.);
#4002=EDGE_CURVE('',#3155,#2942,#1862,.T.);
#4003=EDGE_CURVE('',#2936,#3156,#1863,.T.);
#4004=EDGE_CURVE('',#3157,#2938,#1864,.T.);
#4005=EDGE_CURVE('',#2932,#3158,#1865,.T.);
#4006=EDGE_CURVE('',#3159,#2934,#1866,.T.);
#4007=EDGE_CURVE('',#2928,#3160,#1867,.T.);
#4008=EDGE_CURVE('',#3161,#2930,#1868,.T.);
#4009=EDGE_CURVE('',#2924,#3162,#1869,.T.);
#4010=EDGE_CURVE('',#3163,#2926,#1870,.T.);
#4011=EDGE_CURVE('',#2920,#3164,#1871,.T.);
#4012=EDGE_CURVE('',#3165,#2922,#1872,.T.);
#4013=EDGE_CURVE('',#2916,#3166,#1873,.T.);
#4014=EDGE_CURVE('',#3167,#2918,#1874,.T.);
#4015=EDGE_CURVE('',#2912,#3168,#1875,.T.);
#4016=EDGE_CURVE('',#3169,#2914,#1876,.T.);
#4017=EDGE_CURVE('',#2908,#3170,#1877,.T.);
#4018=EDGE_CURVE('',#3171,#2910,#1878,.T.);
#4019=EDGE_CURVE('',#2904,#3172,#1879,.T.);
#4020=EDGE_CURVE('',#3173,#2906,#1880,.T.);
#4021=EDGE_CURVE('',#2900,#3174,#1881,.T.);
#4022=EDGE_CURVE('',#3175,#2902,#1882,.T.);
#4023=EDGE_CURVE('',#2896,#3176,#1883,.T.);
#4024=EDGE_CURVE('',#3177,#2898,#1884,.T.);
#4025=EDGE_CURVE('',#3179,#2894,#1885,.T.);
#4026=EDGE_CURVE('',#2892,#3178,#1886,.T.);
#4027=EDGE_CURVE('',#3180,#3181,#2618,.T.);
#4028=EDGE_CURVE('',#3181,#2888,#184,.T.);
#4029=EDGE_CURVE('',#2887,#3180,#185,.T.);
#4030=EDGE_CURVE('',#3182,#3183,#2619,.T.);
#4031=EDGE_CURVE('',#3181,#3183,#1887,.T.);
#4032=EDGE_CURVE('',#3180,#3182,#1888,.T.);
#4033=EDGE_CURVE('',#3183,#2889,#1889,.T.);
#4034=EDGE_CURVE('',#2890,#3182,#1890,.T.);
#4035=EDGE_CURVE('',#2767,#2773,#1891,.T.);
#4036=EDGE_CURVE('',#2768,#2772,#1892,.T.);
#4037=ORIENTED_EDGE('',*,*,#3184,.F.);
#4038=ORIENTED_EDGE('',*,*,#3185,.T.);
#4039=ORIENTED_EDGE('',*,*,#3186,.F.);
#4040=ORIENTED_EDGE('',*,*,#3185,.F.);
#4041=ORIENTED_EDGE('',*,*,#3187,.F.);
#4042=ORIENTED_EDGE('',*,*,#3188,.T.);
#4043=ORIENTED_EDGE('',*,*,#3189,.F.);
#4044=ORIENTED_EDGE('',*,*,#3188,.F.);
#4045=ORIENTED_EDGE('',*,*,#3190,.F.);
#4046=ORIENTED_EDGE('',*,*,#3191,.T.);
#4047=ORIENTED_EDGE('',*,*,#3192,.F.);
#4048=ORIENTED_EDGE('',*,*,#3191,.F.);
#4049=ORIENTED_EDGE('',*,*,#3193,.F.);
#4050=ORIENTED_EDGE('',*,*,#3194,.T.);
#4051=ORIENTED_EDGE('',*,*,#3195,.F.);
#4052=ORIENTED_EDGE('',*,*,#3194,.F.);
#4053=ORIENTED_EDGE('',*,*,#3196,.F.);
#4054=ORIENTED_EDGE('',*,*,#3197,.T.);
#4055=ORIENTED_EDGE('',*,*,#3198,.T.);
#4056=ORIENTED_EDGE('',*,*,#3197,.F.);
#4057=ORIENTED_EDGE('',*,*,#3198,.F.);
#4058=ORIENTED_EDGE('',*,*,#3199,.F.);
#4059=ORIENTED_EDGE('',*,*,#3200,.T.);
#4060=ORIENTED_EDGE('',*,*,#3201,.T.);
#4061=ORIENTED_EDGE('',*,*,#3200,.F.);
#4062=ORIENTED_EDGE('',*,*,#3201,.F.);
#4063=ORIENTED_EDGE('',*,*,#3202,.F.);
#4064=ORIENTED_EDGE('',*,*,#3186,.T.);
#4065=ORIENTED_EDGE('',*,*,#3189,.T.);
#4066=ORIENTED_EDGE('',*,*,#3192,.T.);
#4067=ORIENTED_EDGE('',*,*,#3195,.T.);
#4068=ORIENTED_EDGE('',*,*,#3202,.T.);
#4069=ORIENTED_EDGE('',*,*,#3203,.T.);
#4070=ORIENTED_EDGE('',*,*,#3204,.T.);
#4071=ORIENTED_EDGE('',*,*,#3203,.F.);
#4072=ORIENTED_EDGE('',*,*,#3205,.F.);
#4073=ORIENTED_EDGE('',*,*,#3206,.T.);
#4074=ORIENTED_EDGE('',*,*,#3207,.T.);
#4075=ORIENTED_EDGE('',*,*,#3206,.F.);
#4076=ORIENTED_EDGE('',*,*,#3208,.F.);
#4077=ORIENTED_EDGE('',*,*,#3209,.T.);
#4078=ORIENTED_EDGE('',*,*,#3210,.T.);
#4079=ORIENTED_EDGE('',*,*,#3209,.F.);
#4080=ORIENTED_EDGE('',*,*,#3210,.F.);
#4081=ORIENTED_EDGE('',*,*,#3207,.F.);
#4082=ORIENTED_EDGE('',*,*,#3211,.F.);
#4083=ORIENTED_EDGE('',*,*,#3208,.T.);
#4084=ORIENTED_EDGE('',*,*,#3204,.F.);
#4085=ORIENTED_EDGE('',*,*,#3212,.T.);
#4086=ORIENTED_EDGE('',*,*,#3211,.T.);
#4087=ORIENTED_EDGE('',*,*,#3212,.F.);
#4088=ORIENTED_EDGE('',*,*,#3205,.T.);
#4089=ORIENTED_EDGE('',*,*,#3199,.T.);
#4090=ORIENTED_EDGE('',*,*,#3196,.T.);
#4091=ORIENTED_EDGE('',*,*,#3193,.T.);
#4092=ORIENTED_EDGE('',*,*,#3190,.T.);
#4093=ORIENTED_EDGE('',*,*,#3187,.T.);
#4094=ORIENTED_EDGE('',*,*,#3184,.T.);
#4095=ORIENTED_EDGE('',*,*,#3213,.T.);
#4096=ORIENTED_EDGE('',*,*,#3214,.T.);
#4097=ORIENTED_EDGE('',*,*,#3215,.T.);
#4098=ORIENTED_EDGE('',*,*,#3214,.F.);
#4099=ORIENTED_EDGE('',*,*,#3216,.F.);
#4100=ORIENTED_EDGE('',*,*,#3215,.F.);
#4101=ORIENTED_EDGE('',*,*,#3217,.T.);
#4102=ORIENTED_EDGE('',*,*,#3218,.T.);
#4103=ORIENTED_EDGE('',*,*,#3216,.T.);
#4104=ORIENTED_EDGE('',*,*,#3218,.F.);
#4105=ORIENTED_EDGE('',*,*,#3217,.F.);
#4106=ORIENTED_EDGE('',*,*,#3219,.F.);
#4107=ORIENTED_EDGE('',*,*,#3220,.F.);
#4108=ORIENTED_EDGE('',*,*,#3221,.T.);
#4109=ORIENTED_EDGE('',*,*,#3219,.T.);
#4110=ORIENTED_EDGE('',*,*,#3221,.F.);
#4111=ORIENTED_EDGE('',*,*,#3220,.T.);
#4112=ORIENTED_EDGE('',*,*,#3222,.T.);
#4113=ORIENTED_EDGE('',*,*,#3213,.F.);
#4114=ORIENTED_EDGE('',*,*,#3223,.F.);
#4115=ORIENTED_EDGE('',*,*,#3224,.F.);
#4116=ORIENTED_EDGE('',*,*,#3225,.T.);
#4117=ORIENTED_EDGE('',*,*,#3223,.T.);
#4118=ORIENTED_EDGE('',*,*,#3225,.F.);
#4119=ORIENTED_EDGE('',*,*,#3226,.T.);
#4120=ORIENTED_EDGE('',*,*,#3227,.T.);
#4121=ORIENTED_EDGE('',*,*,#3228,.F.);
#4122=ORIENTED_EDGE('',*,*,#3229,.T.);
#4123=ORIENTED_EDGE('',*,*,#3227,.F.);
#4124=ORIENTED_EDGE('',*,*,#3229,.F.);
#4125=ORIENTED_EDGE('',*,*,#3222,.F.);
#4126=ORIENTED_EDGE('',*,*,#3230,.T.);
#4127=ORIENTED_EDGE('',*,*,#3226,.F.);
#4128=ORIENTED_EDGE('',*,*,#3230,.F.);
#4129=ORIENTED_EDGE('',*,*,#3224,.T.);
#4130=ORIENTED_EDGE('',*,*,#3228,.T.);
#4131=ORIENTED_EDGE('',*,*,#3231,.T.);
#4132=ORIENTED_EDGE('',*,*,#3232,.T.);
#4133=ORIENTED_EDGE('',*,*,#3233,.T.);
#4134=ORIENTED_EDGE('',*,*,#3234,.T.);
#4135=ORIENTED_EDGE('',*,*,#3233,.F.);
#4136=ORIENTED_EDGE('',*,*,#3235,.T.);
#4137=ORIENTED_EDGE('',*,*,#3236,.F.);
#4138=ORIENTED_EDGE('',*,*,#3237,.T.);
#4139=ORIENTED_EDGE('',*,*,#3238,.T.);
#4140=ORIENTED_EDGE('',*,*,#3239,.T.);
#4141=ORIENTED_EDGE('',*,*,#3240,.T.);
#4142=ORIENTED_EDGE('',*,*,#3241,.T.);
#4143=ORIENTED_EDGE('',*,*,#3237,.F.);
#4144=ORIENTED_EDGE('',*,*,#3242,.F.);
#4145=ORIENTED_EDGE('',*,*,#3243,.F.);
#4146=ORIENTED_EDGE('',*,*,#3244,.T.);
#4147=ORIENTED_EDGE('',*,*,#3245,.F.);
#4148=ORIENTED_EDGE('',*,*,#3244,.F.);
#4149=ORIENTED_EDGE('',*,*,#3246,.F.);
#4150=ORIENTED_EDGE('',*,*,#3247,.F.);
#4151=ORIENTED_EDGE('',*,*,#3248,.T.);
#4152=ORIENTED_EDGE('',*,*,#3249,.T.);
#4153=ORIENTED_EDGE('',*,*,#3250,.F.);
#4154=ORIENTED_EDGE('',*,*,#3251,.F.);
#4155=ORIENTED_EDGE('',*,*,#3252,.F.);
#4156=ORIENTED_EDGE('',*,*,#3249,.F.);
#4157=ORIENTED_EDGE('',*,*,#3253,.T.);
#4158=ORIENTED_EDGE('',*,*,#3254,.T.);
#4159=ORIENTED_EDGE('',*,*,#3255,.F.);
#4160=ORIENTED_EDGE('',*,*,#3254,.F.);
#4161=ORIENTED_EDGE('',*,*,#3255,.T.);
#4162=ORIENTED_EDGE('',*,*,#3234,.F.);
#4163=ORIENTED_EDGE('',*,*,#3248,.F.);
#4164=ORIENTED_EDGE('',*,*,#3256,.T.);
#4165=ORIENTED_EDGE('',*,*,#3257,.F.);
#4166=ORIENTED_EDGE('',*,*,#3256,.F.);
#4167=ORIENTED_EDGE('',*,*,#3257,.T.);
#4168=ORIENTED_EDGE('',*,*,#3258,.T.);
#4169=ORIENTED_EDGE('',*,*,#3259,.F.);
#4170=ORIENTED_EDGE('',*,*,#3258,.F.);
#4171=ORIENTED_EDGE('',*,*,#3259,.T.);
#4172=ORIENTED_EDGE('',*,*,#3253,.F.);
#4173=ORIENTED_EDGE('',*,*,#3260,.F.);
#4174=ORIENTED_EDGE('',*,*,#3261,.T.);
#4175=ORIENTED_EDGE('',*,*,#3262,.T.);
#4176=ORIENTED_EDGE('',*,*,#3261,.F.);
#4177=ORIENTED_EDGE('',*,*,#3262,.F.);
#4178=ORIENTED_EDGE('',*,*,#3236,.T.);
#4179=ORIENTED_EDGE('',*,*,#3245,.T.);
#4180=ORIENTED_EDGE('',*,*,#3263,.T.);
#4181=ORIENTED_EDGE('',*,*,#3264,.T.);
#4182=ORIENTED_EDGE('',*,*,#3263,.F.);
#4183=ORIENTED_EDGE('',*,*,#3264,.F.);
#4184=ORIENTED_EDGE('',*,*,#3265,.T.);
#4185=ORIENTED_EDGE('',*,*,#3266,.T.);
#4186=ORIENTED_EDGE('',*,*,#3265,.F.);
#4187=ORIENTED_EDGE('',*,*,#3266,.F.);
#4188=ORIENTED_EDGE('',*,*,#3260,.T.);
#4189=ORIENTED_EDGE('',*,*,#3241,.F.);
#4190=ORIENTED_EDGE('',*,*,#3235,.F.);
#4191=ORIENTED_EDGE('',*,*,#3232,.F.);
#4192=ORIENTED_EDGE('',*,*,#3238,.F.);
#4193=ORIENTED_EDGE('',*,*,#3267,.T.);
#4194=ORIENTED_EDGE('',*,*,#3268,.T.);
#4195=ORIENTED_EDGE('',*,*,#3267,.F.);
#4196=ORIENTED_EDGE('',*,*,#3269,.F.);
#4197=ORIENTED_EDGE('',*,*,#3270,.T.);
#4198=ORIENTED_EDGE('',*,*,#3239,.F.);
#4199=ORIENTED_EDGE('',*,*,#3231,.F.);
#4200=ORIENTED_EDGE('',*,*,#3240,.F.);
#4201=ORIENTED_EDGE('',*,*,#3270,.F.);
#4202=ORIENTED_EDGE('',*,*,#3251,.T.);
#4203=ORIENTED_EDGE('',*,*,#3242,.T.);
#4204=ORIENTED_EDGE('',*,*,#3271,.T.);
#4205=ORIENTED_EDGE('',*,*,#3272,.F.);
#4206=ORIENTED_EDGE('',*,*,#3271,.F.);
#4207=ORIENTED_EDGE('',*,*,#3247,.T.);
#4208=ORIENTED_EDGE('',*,*,#3273,.T.);
#4209=ORIENTED_EDGE('',*,*,#3274,.T.);
#4210=ORIENTED_EDGE('',*,*,#3243,.T.);
#4211=ORIENTED_EDGE('',*,*,#3250,.T.);
#4212=ORIENTED_EDGE('',*,*,#3252,.T.);
#4213=ORIENTED_EDGE('',*,*,#3246,.T.);
#4214=ORIENTED_EDGE('',*,*,#3274,.F.);
#4215=ORIENTED_EDGE('',*,*,#3275,.T.);
#4216=ORIENTED_EDGE('',*,*,#3276,.T.);
#4217=ORIENTED_EDGE('',*,*,#3277,.F.);
#4218=ORIENTED_EDGE('',*,*,#3276,.F.);
#4219=ORIENTED_EDGE('',*,*,#3277,.T.);
#4220=ORIENTED_EDGE('',*,*,#3268,.F.);
#4221=ORIENTED_EDGE('',*,*,#3273,.F.);
#4222=ORIENTED_EDGE('',*,*,#3278,.T.);
#4223=ORIENTED_EDGE('',*,*,#3279,.F.);
#4224=ORIENTED_EDGE('',*,*,#3278,.F.);
#4225=ORIENTED_EDGE('',*,*,#3279,.T.);
#4226=ORIENTED_EDGE('',*,*,#3280,.T.);
#4227=ORIENTED_EDGE('',*,*,#3281,.F.);
#4228=ORIENTED_EDGE('',*,*,#3280,.F.);
#4229=ORIENTED_EDGE('',*,*,#3281,.T.);
#4230=ORIENTED_EDGE('',*,*,#3275,.F.);
#4231=ORIENTED_EDGE('',*,*,#3282,.F.);
#4232=ORIENTED_EDGE('',*,*,#3283,.T.);
#4233=ORIENTED_EDGE('',*,*,#3284,.T.);
#4234=ORIENTED_EDGE('',*,*,#3283,.F.);
#4235=ORIENTED_EDGE('',*,*,#3284,.F.);
#4236=ORIENTED_EDGE('',*,*,#3269,.T.);
#4237=ORIENTED_EDGE('',*,*,#3272,.T.);
#4238=ORIENTED_EDGE('',*,*,#3285,.T.);
#4239=ORIENTED_EDGE('',*,*,#3286,.T.);
#4240=ORIENTED_EDGE('',*,*,#3285,.F.);
#4241=ORIENTED_EDGE('',*,*,#3286,.F.);
#4242=ORIENTED_EDGE('',*,*,#3287,.T.);
#4243=ORIENTED_EDGE('',*,*,#3288,.T.);
#4244=ORIENTED_EDGE('',*,*,#3287,.F.);
#4245=ORIENTED_EDGE('',*,*,#3288,.F.);
#4246=ORIENTED_EDGE('',*,*,#3282,.T.);
#4247=ORIENTED_EDGE('',*,*,#3289,.F.);
#4248=ORIENTED_EDGE('',*,*,#3290,.T.);
#4249=ORIENTED_EDGE('',*,*,#3291,.T.);
#4250=ORIENTED_EDGE('',*,*,#3292,.T.);
#4251=ORIENTED_EDGE('',*,*,#3290,.F.);
#4252=ORIENTED_EDGE('',*,*,#3292,.F.);
#4253=ORIENTED_EDGE('',*,*,#3291,.F.);
#4254=ORIENTED_EDGE('',*,*,#3293,.T.);
#4255=ORIENTED_EDGE('',*,*,#3294,.F.);
#4256=ORIENTED_EDGE('',*,*,#3293,.F.);
#4257=ORIENTED_EDGE('',*,*,#3295,.F.);
#4258=ORIENTED_EDGE('',*,*,#3296,.T.);
#4259=ORIENTED_EDGE('',*,*,#3297,.F.);
#4260=ORIENTED_EDGE('',*,*,#3296,.F.);
#4261=ORIENTED_EDGE('',*,*,#3298,.F.);
#4262=ORIENTED_EDGE('',*,*,#3299,.T.);
#4263=ORIENTED_EDGE('',*,*,#3300,.F.);
#4264=ORIENTED_EDGE('',*,*,#3299,.F.);
#4265=ORIENTED_EDGE('',*,*,#3300,.T.);
#4266=ORIENTED_EDGE('',*,*,#3289,.T.);
#4267=ORIENTED_EDGE('',*,*,#3295,.T.);
#4268=ORIENTED_EDGE('',*,*,#3301,.F.);
#4269=ORIENTED_EDGE('',*,*,#3302,.T.);
#4270=ORIENTED_EDGE('',*,*,#3303,.F.);
#4271=ORIENTED_EDGE('',*,*,#3302,.F.);
#4272=ORIENTED_EDGE('',*,*,#3304,.F.);
#4273=ORIENTED_EDGE('',*,*,#3305,.T.);
#4274=ORIENTED_EDGE('',*,*,#3306,.F.);
#4275=ORIENTED_EDGE('',*,*,#3305,.F.);
#4276=ORIENTED_EDGE('',*,*,#3306,.T.);
#4277=ORIENTED_EDGE('',*,*,#3294,.T.);
#4278=ORIENTED_EDGE('',*,*,#3301,.T.);
#4279=ORIENTED_EDGE('',*,*,#3307,.F.);
#4280=ORIENTED_EDGE('',*,*,#3308,.T.);
#4281=ORIENTED_EDGE('',*,*,#3309,.T.);
#4282=ORIENTED_EDGE('',*,*,#3308,.F.);
#4283=ORIENTED_EDGE('',*,*,#3307,.T.);
#4284=ORIENTED_EDGE('',*,*,#3304,.T.);
#4285=ORIENTED_EDGE('',*,*,#3298,.T.);
#4286=ORIENTED_EDGE('',*,*,#3309,.F.);
#4287=ORIENTED_EDGE('',*,*,#3303,.T.);
#4288=ORIENTED_EDGE('',*,*,#3297,.T.);
#4289=ORIENTED_EDGE('',*,*,#3310,.F.);
#4290=ORIENTED_EDGE('',*,*,#3311,.F.);
#4291=ORIENTED_EDGE('',*,*,#3312,.T.);
#4292=ORIENTED_EDGE('',*,*,#3313,.F.);
#4293=ORIENTED_EDGE('',*,*,#3314,.F.);
#4294=ORIENTED_EDGE('',*,*,#3315,.T.);
#4295=ORIENTED_EDGE('',*,*,#3316,.T.);
#4296=ORIENTED_EDGE('',*,*,#3317,.F.);
#4297=ORIENTED_EDGE('',*,*,#3318,.F.);
#4298=ORIENTED_EDGE('',*,*,#3313,.T.);
#4299=ORIENTED_EDGE('',*,*,#3319,.T.);
#4300=ORIENTED_EDGE('',*,*,#3315,.F.);
#4301=ORIENTED_EDGE('',*,*,#3319,.F.);
#4302=ORIENTED_EDGE('',*,*,#3312,.F.);
#4303=ORIENTED_EDGE('',*,*,#3320,.F.);
#4304=ORIENTED_EDGE('',*,*,#3316,.F.);
#4305=ORIENTED_EDGE('',*,*,#3321,.F.);
#4306=ORIENTED_EDGE('',*,*,#3322,.F.);
#4307=ORIENTED_EDGE('',*,*,#3323,.T.);
#4308=ORIENTED_EDGE('',*,*,#3324,.F.);
#4309=ORIENTED_EDGE('',*,*,#3325,.F.);
#4310=ORIENTED_EDGE('',*,*,#3326,.T.);
#4311=ORIENTED_EDGE('',*,*,#3327,.T.);
#4312=ORIENTED_EDGE('',*,*,#3328,.F.);
#4313=ORIENTED_EDGE('',*,*,#3329,.F.);
#4314=ORIENTED_EDGE('',*,*,#3324,.T.);
#4315=ORIENTED_EDGE('',*,*,#3330,.T.);
#4316=ORIENTED_EDGE('',*,*,#3326,.F.);
#4317=ORIENTED_EDGE('',*,*,#3330,.F.);
#4318=ORIENTED_EDGE('',*,*,#3323,.F.);
#4319=ORIENTED_EDGE('',*,*,#3331,.F.);
#4320=ORIENTED_EDGE('',*,*,#3327,.F.);
#4321=ORIENTED_EDGE('',*,*,#3317,.T.);
#4322=ORIENTED_EDGE('',*,*,#3320,.T.);
#4323=ORIENTED_EDGE('',*,*,#3311,.T.);
#4324=ORIENTED_EDGE('',*,*,#3332,.F.);
#4325=ORIENTED_EDGE('',*,*,#3333,.F.);
#4326=ORIENTED_EDGE('',*,*,#3334,.F.);
#4327=ORIENTED_EDGE('',*,*,#3335,.T.);
#4328=ORIENTED_EDGE('',*,*,#3336,.T.);
#4329=ORIENTED_EDGE('',*,*,#3337,.T.);
#4330=ORIENTED_EDGE('',*,*,#3338,.F.);
#4331=ORIENTED_EDGE('',*,*,#3339,.T.);
#4332=ORIENTED_EDGE('',*,*,#3340,.T.);
#4333=ORIENTED_EDGE('',*,*,#3341,.T.);
#4334=ORIENTED_EDGE('',*,*,#3342,.F.);
#4335=ORIENTED_EDGE('',*,*,#3343,.T.);
#4336=ORIENTED_EDGE('',*,*,#3344,.F.);
#4337=ORIENTED_EDGE('',*,*,#3328,.T.);
#4338=ORIENTED_EDGE('',*,*,#3331,.T.);
#4339=ORIENTED_EDGE('',*,*,#3322,.T.);
#4340=ORIENTED_EDGE('',*,*,#3345,.F.);
#4341=ORIENTED_EDGE('',*,*,#3346,.F.);
#4342=ORIENTED_EDGE('',*,*,#3347,.F.);
#4343=ORIENTED_EDGE('',*,*,#3348,.T.);
#4344=ORIENTED_EDGE('',*,*,#3349,.T.);
#4345=ORIENTED_EDGE('',*,*,#3350,.T.);
#4346=ORIENTED_EDGE('',*,*,#3351,.F.);
#4347=ORIENTED_EDGE('',*,*,#3352,.T.);
#4348=ORIENTED_EDGE('',*,*,#3353,.T.);
#4349=ORIENTED_EDGE('',*,*,#3354,.T.);
#4350=ORIENTED_EDGE('',*,*,#3355,.F.);
#4351=ORIENTED_EDGE('',*,*,#3356,.T.);
#4352=ORIENTED_EDGE('',*,*,#3357,.F.);
#4353=ORIENTED_EDGE('',*,*,#3358,.F.);
#4354=ORIENTED_EDGE('',*,*,#3359,.T.);
#4355=ORIENTED_EDGE('',*,*,#3360,.T.);
#4356=ORIENTED_EDGE('',*,*,#3359,.F.);
#4357=ORIENTED_EDGE('',*,*,#3360,.F.);
#4358=ORIENTED_EDGE('',*,*,#3361,.F.);
#4359=ORIENTED_EDGE('',*,*,#3362,.T.);
#4360=ORIENTED_EDGE('',*,*,#3363,.T.);
#4361=ORIENTED_EDGE('',*,*,#3362,.F.);
#4362=ORIENTED_EDGE('',*,*,#3363,.F.);
#4363=ORIENTED_EDGE('',*,*,#3364,.F.);
#4364=ORIENTED_EDGE('',*,*,#3350,.F.);
#4365=ORIENTED_EDGE('',*,*,#3365,.T.);
#4366=ORIENTED_EDGE('',*,*,#3339,.F.);
#4367=ORIENTED_EDGE('',*,*,#3366,.F.);
#4368=ORIENTED_EDGE('',*,*,#3341,.F.);
#4369=ORIENTED_EDGE('',*,*,#3367,.T.);
#4370=ORIENTED_EDGE('',*,*,#3348,.F.);
#4371=ORIENTED_EDGE('',*,*,#3367,.F.);
#4372=ORIENTED_EDGE('',*,*,#3340,.F.);
#4373=ORIENTED_EDGE('',*,*,#3365,.F.);
#4374=ORIENTED_EDGE('',*,*,#3349,.F.);
#4375=ORIENTED_EDGE('',*,*,#3368,.F.);
#4376=ORIENTED_EDGE('',*,*,#3369,.F.);
#4377=ORIENTED_EDGE('',*,*,#3337,.F.);
#4378=ORIENTED_EDGE('',*,*,#3370,.T.);
#4379=ORIENTED_EDGE('',*,*,#3352,.F.);
#4380=ORIENTED_EDGE('',*,*,#3371,.F.);
#4381=ORIENTED_EDGE('',*,*,#3354,.F.);
#4382=ORIENTED_EDGE('',*,*,#3372,.T.);
#4383=ORIENTED_EDGE('',*,*,#3335,.F.);
#4384=ORIENTED_EDGE('',*,*,#3372,.F.);
#4385=ORIENTED_EDGE('',*,*,#3353,.F.);
#4386=ORIENTED_EDGE('',*,*,#3370,.F.);
#4387=ORIENTED_EDGE('',*,*,#3336,.F.);
#4388=ORIENTED_EDGE('',*,*,#3373,.F.);
#4389=ORIENTED_EDGE('',*,*,#3371,.T.);
#4390=ORIENTED_EDGE('',*,*,#3334,.T.);
#4391=ORIENTED_EDGE('',*,*,#3374,.T.);
#4392=ORIENTED_EDGE('',*,*,#3355,.T.);
#4393=ORIENTED_EDGE('',*,*,#3358,.T.);
#4394=ORIENTED_EDGE('',*,*,#3364,.T.);
#4395=ORIENTED_EDGE('',*,*,#3338,.T.);
#4396=ORIENTED_EDGE('',*,*,#3369,.T.);
#4397=ORIENTED_EDGE('',*,*,#3351,.T.);
#4398=ORIENTED_EDGE('',*,*,#3366,.T.);
#4399=ORIENTED_EDGE('',*,*,#3347,.T.);
#4400=ORIENTED_EDGE('',*,*,#3375,.T.);
#4401=ORIENTED_EDGE('',*,*,#3342,.T.);
#4402=ORIENTED_EDGE('',*,*,#3361,.T.);
#4403=ORIENTED_EDGE('',*,*,#3373,.T.);
#4404=ORIENTED_EDGE('',*,*,#3376,.T.);
#4405=ORIENTED_EDGE('',*,*,#3377,.F.);
#4406=ORIENTED_EDGE('',*,*,#3376,.F.);
#4407=ORIENTED_EDGE('',*,*,#3368,.T.);
#4408=ORIENTED_EDGE('',*,*,#3378,.T.);
#4409=ORIENTED_EDGE('',*,*,#3379,.F.);
#4410=ORIENTED_EDGE('',*,*,#3378,.F.);
#4411=ORIENTED_EDGE('',*,*,#3375,.F.);
#4412=ORIENTED_EDGE('',*,*,#3346,.T.);
#4413=ORIENTED_EDGE('',*,*,#3380,.F.);
#4414=ORIENTED_EDGE('',*,*,#3343,.F.);
#4415=ORIENTED_EDGE('',*,*,#3374,.F.);
#4416=ORIENTED_EDGE('',*,*,#3333,.T.);
#4417=ORIENTED_EDGE('',*,*,#3381,.F.);
#4418=ORIENTED_EDGE('',*,*,#3356,.F.);
#4419=ORIENTED_EDGE('',*,*,#3314,.T.);
#4420=ORIENTED_EDGE('',*,*,#3344,.T.);
#4421=ORIENTED_EDGE('',*,*,#3380,.T.);
#4422=ORIENTED_EDGE('',*,*,#3345,.T.);
#4423=ORIENTED_EDGE('',*,*,#3321,.T.);
#4424=ORIENTED_EDGE('',*,*,#3329,.T.);
#4425=ORIENTED_EDGE('',*,*,#3325,.T.);
#4426=ORIENTED_EDGE('',*,*,#3357,.T.);
#4427=ORIENTED_EDGE('',*,*,#3381,.T.);
#4428=ORIENTED_EDGE('',*,*,#3332,.T.);
#4429=ORIENTED_EDGE('',*,*,#3310,.T.);
#4430=ORIENTED_EDGE('',*,*,#3318,.T.);
#4431=ORIENTED_EDGE('',*,*,#3377,.T.);
#4432=ORIENTED_EDGE('',*,*,#3379,.T.);
#4433=ORIENTED_EDGE('',*,*,#3382,.F.);
#4434=ORIENTED_EDGE('',*,*,#3383,.T.);
#4435=ORIENTED_EDGE('',*,*,#3384,.T.);
#4436=ORIENTED_EDGE('',*,*,#3383,.F.);
#4437=ORIENTED_EDGE('',*,*,#3382,.T.);
#4438=ORIENTED_EDGE('',*,*,#3384,.F.);
#4439=ORIENTED_EDGE('',*,*,#3385,.F.);
#4440=ORIENTED_EDGE('',*,*,#3386,.T.);
#4441=ORIENTED_EDGE('',*,*,#3387,.T.);
#4442=ORIENTED_EDGE('',*,*,#3386,.F.);
#4443=ORIENTED_EDGE('',*,*,#3385,.T.);
#4444=ORIENTED_EDGE('',*,*,#3387,.F.);
#4445=ORIENTED_EDGE('',*,*,#3388,.T.);
#4446=ORIENTED_EDGE('',*,*,#3389,.T.);
#4447=ORIENTED_EDGE('',*,*,#3390,.F.);
#4448=ORIENTED_EDGE('',*,*,#3391,.F.);
#4449=ORIENTED_EDGE('',*,*,#3392,.T.);
#4450=ORIENTED_EDGE('',*,*,#3393,.T.);
#4451=ORIENTED_EDGE('',*,*,#3394,.F.);
#4452=ORIENTED_EDGE('',*,*,#3393,.F.);
#4453=ORIENTED_EDGE('',*,*,#3392,.F.);
#4454=ORIENTED_EDGE('',*,*,#3390,.T.);
#4455=ORIENTED_EDGE('',*,*,#3395,.T.);
#4456=ORIENTED_EDGE('',*,*,#3389,.F.);
#4457=ORIENTED_EDGE('',*,*,#3396,.T.);
#4458=ORIENTED_EDGE('',*,*,#3391,.T.);
#4459=ORIENTED_EDGE('',*,*,#3395,.F.);
#4460=ORIENTED_EDGE('',*,*,#3394,.T.);
#4461=ORIENTED_EDGE('',*,*,#3388,.F.);
#4462=ORIENTED_EDGE('',*,*,#3396,.F.);
#4463=ORIENTED_EDGE('',*,*,#3397,.F.);
#4464=ORIENTED_EDGE('',*,*,#3398,.T.);
#4465=ORIENTED_EDGE('',*,*,#3399,.T.);
#4466=ORIENTED_EDGE('',*,*,#3400,.T.);
#4467=ORIENTED_EDGE('',*,*,#3398,.F.);
#4468=ORIENTED_EDGE('',*,*,#3399,.F.);
#4469=ORIENTED_EDGE('',*,*,#3400,.F.);
#4470=ORIENTED_EDGE('',*,*,#3401,.F.);
#4471=ORIENTED_EDGE('',*,*,#3401,.T.);
#4472=ORIENTED_EDGE('',*,*,#3402,.F.);
#4473=ORIENTED_EDGE('',*,*,#3403,.T.);
#4474=ORIENTED_EDGE('',*,*,#3404,.T.);
#4475=ORIENTED_EDGE('',*,*,#3403,.F.);
#4476=ORIENTED_EDGE('',*,*,#3405,.T.);
#4477=ORIENTED_EDGE('',*,*,#3406,.T.);
#4478=ORIENTED_EDGE('',*,*,#3405,.F.);
#4479=ORIENTED_EDGE('',*,*,#3406,.F.);
#4480=ORIENTED_EDGE('',*,*,#3407,.T.);
#4481=ORIENTED_EDGE('',*,*,#3408,.F.);
#4482=ORIENTED_EDGE('',*,*,#3409,.T.);
#4483=ORIENTED_EDGE('',*,*,#3410,.F.);
#4484=ORIENTED_EDGE('',*,*,#3411,.F.);
#4485=ORIENTED_EDGE('',*,*,#3407,.F.);
#4486=ORIENTED_EDGE('',*,*,#3412,.F.);
#4487=ORIENTED_EDGE('',*,*,#3413,.T.);
#4488=ORIENTED_EDGE('',*,*,#3414,.T.);
#4489=ORIENTED_EDGE('',*,*,#3413,.F.);
#4490=ORIENTED_EDGE('',*,*,#3415,.F.);
#4491=ORIENTED_EDGE('',*,*,#3416,.T.);
#4492=ORIENTED_EDGE('',*,*,#3417,.F.);
#4493=ORIENTED_EDGE('',*,*,#3418,.T.);
#4494=ORIENTED_EDGE('',*,*,#3419,.F.);
#4495=ORIENTED_EDGE('',*,*,#3420,.F.);
#4496=ORIENTED_EDGE('',*,*,#3416,.F.);
#4497=ORIENTED_EDGE('',*,*,#3421,.F.);
#4498=ORIENTED_EDGE('',*,*,#3422,.T.);
#4499=ORIENTED_EDGE('',*,*,#3423,.T.);
#4500=ORIENTED_EDGE('',*,*,#3422,.F.);
#4501=ORIENTED_EDGE('',*,*,#3424,.F.);
#4502=ORIENTED_EDGE('',*,*,#3425,.F.);
#4503=ORIENTED_EDGE('',*,*,#3426,.T.);
#4504=ORIENTED_EDGE('',*,*,#3427,.T.);
#4505=ORIENTED_EDGE('',*,*,#3428,.T.);
#4506=ORIENTED_EDGE('',*,*,#3429,.F.);
#4507=ORIENTED_EDGE('',*,*,#3430,.T.);
#4508=ORIENTED_EDGE('',*,*,#3431,.T.);
#4509=ORIENTED_EDGE('',*,*,#3430,.F.);
#4510=ORIENTED_EDGE('',*,*,#3432,.F.);
#4511=ORIENTED_EDGE('',*,*,#3433,.F.);
#4512=ORIENTED_EDGE('',*,*,#3434,.T.);
#4513=ORIENTED_EDGE('',*,*,#3426,.F.);
#4514=ORIENTED_EDGE('',*,*,#3435,.F.);
#4515=ORIENTED_EDGE('',*,*,#3436,.F.);
#4516=ORIENTED_EDGE('',*,*,#3437,.T.);
#4517=ORIENTED_EDGE('',*,*,#3438,.T.);
#4518=ORIENTED_EDGE('',*,*,#3439,.F.);
#4519=ORIENTED_EDGE('',*,*,#3440,.T.);
#4520=ORIENTED_EDGE('',*,*,#3441,.T.);
#4521=ORIENTED_EDGE('',*,*,#3442,.F.);
#4522=ORIENTED_EDGE('',*,*,#3443,.F.);
#4523=ORIENTED_EDGE('',*,*,#3444,.T.);
#4524=ORIENTED_EDGE('',*,*,#3445,.T.);
#4525=ORIENTED_EDGE('',*,*,#3446,.F.);
#4526=ORIENTED_EDGE('',*,*,#3447,.F.);
#4527=ORIENTED_EDGE('',*,*,#3448,.T.);
#4528=ORIENTED_EDGE('',*,*,#3449,.T.);
#4529=ORIENTED_EDGE('',*,*,#3450,.F.);
#4530=ORIENTED_EDGE('',*,*,#3451,.F.);
#4531=ORIENTED_EDGE('',*,*,#3452,.T.);
#4532=ORIENTED_EDGE('',*,*,#3453,.T.);
#4533=ORIENTED_EDGE('',*,*,#3454,.F.);
#4534=ORIENTED_EDGE('',*,*,#3455,.F.);
#4535=ORIENTED_EDGE('',*,*,#3456,.T.);
#4536=ORIENTED_EDGE('',*,*,#3457,.T.);
#4537=ORIENTED_EDGE('',*,*,#3458,.F.);
#4538=ORIENTED_EDGE('',*,*,#3459,.F.);
#4539=ORIENTED_EDGE('',*,*,#3460,.T.);
#4540=ORIENTED_EDGE('',*,*,#3461,.T.);
#4541=ORIENTED_EDGE('',*,*,#3462,.F.);
#4542=ORIENTED_EDGE('',*,*,#3463,.F.);
#4543=ORIENTED_EDGE('',*,*,#3464,.T.);
#4544=ORIENTED_EDGE('',*,*,#3465,.T.);
#4545=ORIENTED_EDGE('',*,*,#3466,.F.);
#4546=ORIENTED_EDGE('',*,*,#3467,.F.);
#4547=ORIENTED_EDGE('',*,*,#3468,.T.);
#4548=ORIENTED_EDGE('',*,*,#3469,.T.);
#4549=ORIENTED_EDGE('',*,*,#3470,.F.);
#4550=ORIENTED_EDGE('',*,*,#3471,.F.);
#4551=ORIENTED_EDGE('',*,*,#3472,.T.);
#4552=ORIENTED_EDGE('',*,*,#3473,.T.);
#4553=ORIENTED_EDGE('',*,*,#3474,.F.);
#4554=ORIENTED_EDGE('',*,*,#3475,.F.);
#4555=ORIENTED_EDGE('',*,*,#3476,.T.);
#4556=ORIENTED_EDGE('',*,*,#3477,.T.);
#4557=ORIENTED_EDGE('',*,*,#3478,.F.);
#4558=ORIENTED_EDGE('',*,*,#3479,.F.);
#4559=ORIENTED_EDGE('',*,*,#3480,.T.);
#4560=ORIENTED_EDGE('',*,*,#3481,.T.);
#4561=ORIENTED_EDGE('',*,*,#3482,.F.);
#4562=ORIENTED_EDGE('',*,*,#3483,.F.);
#4563=ORIENTED_EDGE('',*,*,#3484,.T.);
#4564=ORIENTED_EDGE('',*,*,#3485,.T.);
#4565=ORIENTED_EDGE('',*,*,#3486,.F.);
#4566=ORIENTED_EDGE('',*,*,#3487,.F.);
#4567=ORIENTED_EDGE('',*,*,#3488,.T.);
#4568=ORIENTED_EDGE('',*,*,#3489,.T.);
#4569=ORIENTED_EDGE('',*,*,#3490,.F.);
#4570=ORIENTED_EDGE('',*,*,#3491,.F.);
#4571=ORIENTED_EDGE('',*,*,#3492,.T.);
#4572=ORIENTED_EDGE('',*,*,#3493,.T.);
#4573=ORIENTED_EDGE('',*,*,#3494,.F.);
#4574=ORIENTED_EDGE('',*,*,#3495,.F.);
#4575=ORIENTED_EDGE('',*,*,#3496,.T.);
#4576=ORIENTED_EDGE('',*,*,#3497,.T.);
#4577=ORIENTED_EDGE('',*,*,#3498,.F.);
#4578=ORIENTED_EDGE('',*,*,#3499,.F.);
#4579=ORIENTED_EDGE('',*,*,#3500,.T.);
#4580=ORIENTED_EDGE('',*,*,#3501,.T.);
#4581=ORIENTED_EDGE('',*,*,#3502,.F.);
#4582=ORIENTED_EDGE('',*,*,#3503,.F.);
#4583=ORIENTED_EDGE('',*,*,#3504,.T.);
#4584=ORIENTED_EDGE('',*,*,#3505,.T.);
#4585=ORIENTED_EDGE('',*,*,#3506,.F.);
#4586=ORIENTED_EDGE('',*,*,#3507,.F.);
#4587=ORIENTED_EDGE('',*,*,#3508,.T.);
#4588=ORIENTED_EDGE('',*,*,#3509,.T.);
#4589=ORIENTED_EDGE('',*,*,#3510,.F.);
#4590=ORIENTED_EDGE('',*,*,#3511,.F.);
#4591=ORIENTED_EDGE('',*,*,#3512,.T.);
#4592=ORIENTED_EDGE('',*,*,#3513,.T.);
#4593=ORIENTED_EDGE('',*,*,#3514,.F.);
#4594=ORIENTED_EDGE('',*,*,#3515,.F.);
#4595=ORIENTED_EDGE('',*,*,#3516,.T.);
#4596=ORIENTED_EDGE('',*,*,#3517,.T.);
#4597=ORIENTED_EDGE('',*,*,#3518,.F.);
#4598=ORIENTED_EDGE('',*,*,#3519,.F.);
#4599=ORIENTED_EDGE('',*,*,#3520,.T.);
#4600=ORIENTED_EDGE('',*,*,#3521,.T.);
#4601=ORIENTED_EDGE('',*,*,#3522,.F.);
#4602=ORIENTED_EDGE('',*,*,#3523,.F.);
#4603=ORIENTED_EDGE('',*,*,#3524,.T.);
#4604=ORIENTED_EDGE('',*,*,#3525,.T.);
#4605=ORIENTED_EDGE('',*,*,#3526,.F.);
#4606=ORIENTED_EDGE('',*,*,#3527,.F.);
#4607=ORIENTED_EDGE('',*,*,#3528,.T.);
#4608=ORIENTED_EDGE('',*,*,#3529,.T.);
#4609=ORIENTED_EDGE('',*,*,#3530,.F.);
#4610=ORIENTED_EDGE('',*,*,#3531,.F.);
#4611=ORIENTED_EDGE('',*,*,#3532,.T.);
#4612=ORIENTED_EDGE('',*,*,#3533,.T.);
#4613=ORIENTED_EDGE('',*,*,#3534,.F.);
#4614=ORIENTED_EDGE('',*,*,#3535,.T.);
#4615=ORIENTED_EDGE('',*,*,#3536,.T.);
#4616=ORIENTED_EDGE('',*,*,#3537,.F.);
#4617=ORIENTED_EDGE('',*,*,#3538,.F.);
#4618=ORIENTED_EDGE('',*,*,#3539,.F.);
#4619=ORIENTED_EDGE('',*,*,#3540,.T.);
#4620=ORIENTED_EDGE('',*,*,#3541,.T.);
#4621=ORIENTED_EDGE('',*,*,#3542,.F.);
#4622=ORIENTED_EDGE('',*,*,#3543,.F.);
#4623=ORIENTED_EDGE('',*,*,#3544,.T.);
#4624=ORIENTED_EDGE('',*,*,#3545,.T.);
#4625=ORIENTED_EDGE('',*,*,#3546,.F.);
#4626=ORIENTED_EDGE('',*,*,#3547,.F.);
#4627=ORIENTED_EDGE('',*,*,#3548,.T.);
#4628=ORIENTED_EDGE('',*,*,#3549,.T.);
#4629=ORIENTED_EDGE('',*,*,#3550,.F.);
#4630=ORIENTED_EDGE('',*,*,#3551,.F.);
#4631=ORIENTED_EDGE('',*,*,#3552,.T.);
#4632=ORIENTED_EDGE('',*,*,#3553,.T.);
#4633=ORIENTED_EDGE('',*,*,#3554,.F.);
#4634=ORIENTED_EDGE('',*,*,#3555,.F.);
#4635=ORIENTED_EDGE('',*,*,#3556,.T.);
#4636=ORIENTED_EDGE('',*,*,#3557,.T.);
#4637=ORIENTED_EDGE('',*,*,#3558,.F.);
#4638=ORIENTED_EDGE('',*,*,#3559,.F.);
#4639=ORIENTED_EDGE('',*,*,#3560,.T.);
#4640=ORIENTED_EDGE('',*,*,#3561,.T.);
#4641=ORIENTED_EDGE('',*,*,#3562,.F.);
#4642=ORIENTED_EDGE('',*,*,#3563,.F.);
#4643=ORIENTED_EDGE('',*,*,#3564,.T.);
#4644=ORIENTED_EDGE('',*,*,#3565,.T.);
#4645=ORIENTED_EDGE('',*,*,#3566,.F.);
#4646=ORIENTED_EDGE('',*,*,#3567,.F.);
#4647=ORIENTED_EDGE('',*,*,#3568,.T.);
#4648=ORIENTED_EDGE('',*,*,#3569,.T.);
#4649=ORIENTED_EDGE('',*,*,#3570,.F.);
#4650=ORIENTED_EDGE('',*,*,#3571,.F.);
#4651=ORIENTED_EDGE('',*,*,#3572,.T.);
#4652=ORIENTED_EDGE('',*,*,#3573,.T.);
#4653=ORIENTED_EDGE('',*,*,#3574,.F.);
#4654=ORIENTED_EDGE('',*,*,#3575,.F.);
#4655=ORIENTED_EDGE('',*,*,#3576,.T.);
#4656=ORIENTED_EDGE('',*,*,#3577,.T.);
#4657=ORIENTED_EDGE('',*,*,#3578,.F.);
#4658=ORIENTED_EDGE('',*,*,#3579,.F.);
#4659=ORIENTED_EDGE('',*,*,#3580,.T.);
#4660=ORIENTED_EDGE('',*,*,#3581,.T.);
#4661=ORIENTED_EDGE('',*,*,#3582,.F.);
#4662=ORIENTED_EDGE('',*,*,#3583,.F.);
#4663=ORIENTED_EDGE('',*,*,#3584,.T.);
#4664=ORIENTED_EDGE('',*,*,#3585,.T.);
#4665=ORIENTED_EDGE('',*,*,#3586,.F.);
#4666=ORIENTED_EDGE('',*,*,#3587,.F.);
#4667=ORIENTED_EDGE('',*,*,#3588,.T.);
#4668=ORIENTED_EDGE('',*,*,#3589,.T.);
#4669=ORIENTED_EDGE('',*,*,#3590,.F.);
#4670=ORIENTED_EDGE('',*,*,#3591,.F.);
#4671=ORIENTED_EDGE('',*,*,#3592,.T.);
#4672=ORIENTED_EDGE('',*,*,#3593,.T.);
#4673=ORIENTED_EDGE('',*,*,#3594,.F.);
#4674=ORIENTED_EDGE('',*,*,#3595,.F.);
#4675=ORIENTED_EDGE('',*,*,#3596,.T.);
#4676=ORIENTED_EDGE('',*,*,#3597,.T.);
#4677=ORIENTED_EDGE('',*,*,#3598,.F.);
#4678=ORIENTED_EDGE('',*,*,#3599,.F.);
#4679=ORIENTED_EDGE('',*,*,#3600,.T.);
#4680=ORIENTED_EDGE('',*,*,#3601,.T.);
#4681=ORIENTED_EDGE('',*,*,#3602,.F.);
#4682=ORIENTED_EDGE('',*,*,#3603,.F.);
#4683=ORIENTED_EDGE('',*,*,#3604,.T.);
#4684=ORIENTED_EDGE('',*,*,#3605,.T.);
#4685=ORIENTED_EDGE('',*,*,#3606,.F.);
#4686=ORIENTED_EDGE('',*,*,#3607,.F.);
#4687=ORIENTED_EDGE('',*,*,#3608,.T.);
#4688=ORIENTED_EDGE('',*,*,#3609,.T.);
#4689=ORIENTED_EDGE('',*,*,#3610,.F.);
#4690=ORIENTED_EDGE('',*,*,#3611,.F.);
#4691=ORIENTED_EDGE('',*,*,#3612,.T.);
#4692=ORIENTED_EDGE('',*,*,#3613,.T.);
#4693=ORIENTED_EDGE('',*,*,#3614,.F.);
#4694=ORIENTED_EDGE('',*,*,#3615,.F.);
#4695=ORIENTED_EDGE('',*,*,#3616,.T.);
#4696=ORIENTED_EDGE('',*,*,#3617,.T.);
#4697=ORIENTED_EDGE('',*,*,#3618,.F.);
#4698=ORIENTED_EDGE('',*,*,#3619,.F.);
#4699=ORIENTED_EDGE('',*,*,#3620,.T.);
#4700=ORIENTED_EDGE('',*,*,#3621,.T.);
#4701=ORIENTED_EDGE('',*,*,#3622,.F.);
#4702=ORIENTED_EDGE('',*,*,#3623,.F.);
#4703=ORIENTED_EDGE('',*,*,#3624,.T.);
#4704=ORIENTED_EDGE('',*,*,#3625,.T.);
#4705=ORIENTED_EDGE('',*,*,#3626,.F.);
#4706=ORIENTED_EDGE('',*,*,#3627,.F.);
#4707=ORIENTED_EDGE('',*,*,#3628,.T.);
#4708=ORIENTED_EDGE('',*,*,#3629,.T.);
#4709=ORIENTED_EDGE('',*,*,#3630,.F.);
#4710=ORIENTED_EDGE('',*,*,#3424,.T.);
#4711=ORIENTED_EDGE('',*,*,#3425,.T.);
#4712=ORIENTED_EDGE('',*,*,#3631,.T.);
#4713=ORIENTED_EDGE('',*,*,#3632,.T.);
#4714=ORIENTED_EDGE('',*,*,#3631,.F.);
#4715=ORIENTED_EDGE('',*,*,#3633,.T.);
#4716=ORIENTED_EDGE('',*,*,#3634,.F.);
#4717=ORIENTED_EDGE('',*,*,#3635,.F.);
#4718=ORIENTED_EDGE('',*,*,#3636,.T.);
#4719=ORIENTED_EDGE('',*,*,#3434,.F.);
#4720=ORIENTED_EDGE('',*,*,#3637,.T.);
#4721=ORIENTED_EDGE('',*,*,#3638,.T.);
#4722=ORIENTED_EDGE('',*,*,#3639,.T.);
#4723=ORIENTED_EDGE('',*,*,#3427,.F.);
#4724=ORIENTED_EDGE('',*,*,#3408,.T.);
#4725=ORIENTED_EDGE('',*,*,#3640,.F.);
#4726=ORIENTED_EDGE('',*,*,#3419,.T.);
#4727=ORIENTED_EDGE('',*,*,#3641,.T.);
#4728=ORIENTED_EDGE('',*,*,#3532,.F.);
#4729=ORIENTED_EDGE('',*,*,#3642,.T.);
#4730=ORIENTED_EDGE('',*,*,#3643,.T.);
#4731=ORIENTED_EDGE('',*,*,#3644,.T.);
#4732=ORIENTED_EDGE('',*,*,#3645,.T.);
#4733=ORIENTED_EDGE('',*,*,#3646,.T.);
#4734=ORIENTED_EDGE('',*,*,#3528,.F.);
#4735=ORIENTED_EDGE('',*,*,#3647,.T.);
#4736=ORIENTED_EDGE('',*,*,#3648,.T.);
#4737=ORIENTED_EDGE('',*,*,#3649,.T.);
#4738=ORIENTED_EDGE('',*,*,#3524,.F.);
#4739=ORIENTED_EDGE('',*,*,#3650,.T.);
#4740=ORIENTED_EDGE('',*,*,#3651,.T.);
#4741=ORIENTED_EDGE('',*,*,#3652,.T.);
#4742=ORIENTED_EDGE('',*,*,#3520,.F.);
#4743=ORIENTED_EDGE('',*,*,#3653,.T.);
#4744=ORIENTED_EDGE('',*,*,#3654,.T.);
#4745=ORIENTED_EDGE('',*,*,#3655,.T.);
#4746=ORIENTED_EDGE('',*,*,#3516,.F.);
#4747=ORIENTED_EDGE('',*,*,#3656,.T.);
#4748=ORIENTED_EDGE('',*,*,#3657,.T.);
#4749=ORIENTED_EDGE('',*,*,#3658,.T.);
#4750=ORIENTED_EDGE('',*,*,#3512,.F.);
#4751=ORIENTED_EDGE('',*,*,#3659,.T.);
#4752=ORIENTED_EDGE('',*,*,#3660,.T.);
#4753=ORIENTED_EDGE('',*,*,#3661,.T.);
#4754=ORIENTED_EDGE('',*,*,#3508,.F.);
#4755=ORIENTED_EDGE('',*,*,#3662,.T.);
#4756=ORIENTED_EDGE('',*,*,#3663,.T.);
#4757=ORIENTED_EDGE('',*,*,#3664,.T.);
#4758=ORIENTED_EDGE('',*,*,#3504,.F.);
#4759=ORIENTED_EDGE('',*,*,#3665,.T.);
#4760=ORIENTED_EDGE('',*,*,#3666,.T.);
#4761=ORIENTED_EDGE('',*,*,#3667,.T.);
#4762=ORIENTED_EDGE('',*,*,#3500,.F.);
#4763=ORIENTED_EDGE('',*,*,#3668,.T.);
#4764=ORIENTED_EDGE('',*,*,#3669,.T.);
#4765=ORIENTED_EDGE('',*,*,#3670,.T.);
#4766=ORIENTED_EDGE('',*,*,#3496,.F.);
#4767=ORIENTED_EDGE('',*,*,#3671,.T.);
#4768=ORIENTED_EDGE('',*,*,#3672,.T.);
#4769=ORIENTED_EDGE('',*,*,#3673,.T.);
#4770=ORIENTED_EDGE('',*,*,#3492,.F.);
#4771=ORIENTED_EDGE('',*,*,#3674,.T.);
#4772=ORIENTED_EDGE('',*,*,#3675,.T.);
#4773=ORIENTED_EDGE('',*,*,#3676,.T.);
#4774=ORIENTED_EDGE('',*,*,#3488,.F.);
#4775=ORIENTED_EDGE('',*,*,#3677,.T.);
#4776=ORIENTED_EDGE('',*,*,#3678,.T.);
#4777=ORIENTED_EDGE('',*,*,#3679,.T.);
#4778=ORIENTED_EDGE('',*,*,#3484,.F.);
#4779=ORIENTED_EDGE('',*,*,#3680,.T.);
#4780=ORIENTED_EDGE('',*,*,#3681,.T.);
#4781=ORIENTED_EDGE('',*,*,#3682,.T.);
#4782=ORIENTED_EDGE('',*,*,#3480,.F.);
#4783=ORIENTED_EDGE('',*,*,#3683,.T.);
#4784=ORIENTED_EDGE('',*,*,#3684,.T.);
#4785=ORIENTED_EDGE('',*,*,#3685,.T.);
#4786=ORIENTED_EDGE('',*,*,#3476,.F.);
#4787=ORIENTED_EDGE('',*,*,#3686,.T.);
#4788=ORIENTED_EDGE('',*,*,#3687,.T.);
#4789=ORIENTED_EDGE('',*,*,#3688,.T.);
#4790=ORIENTED_EDGE('',*,*,#3472,.F.);
#4791=ORIENTED_EDGE('',*,*,#3689,.T.);
#4792=ORIENTED_EDGE('',*,*,#3690,.T.);
#4793=ORIENTED_EDGE('',*,*,#3691,.T.);
#4794=ORIENTED_EDGE('',*,*,#3468,.F.);
#4795=ORIENTED_EDGE('',*,*,#3692,.T.);
#4796=ORIENTED_EDGE('',*,*,#3693,.T.);
#4797=ORIENTED_EDGE('',*,*,#3694,.T.);
#4798=ORIENTED_EDGE('',*,*,#3464,.F.);
#4799=ORIENTED_EDGE('',*,*,#3695,.T.);
#4800=ORIENTED_EDGE('',*,*,#3696,.T.);
#4801=ORIENTED_EDGE('',*,*,#3697,.T.);
#4802=ORIENTED_EDGE('',*,*,#3460,.F.);
#4803=ORIENTED_EDGE('',*,*,#3698,.T.);
#4804=ORIENTED_EDGE('',*,*,#3699,.T.);
#4805=ORIENTED_EDGE('',*,*,#3700,.T.);
#4806=ORIENTED_EDGE('',*,*,#3456,.F.);
#4807=ORIENTED_EDGE('',*,*,#3701,.T.);
#4808=ORIENTED_EDGE('',*,*,#3702,.T.);
#4809=ORIENTED_EDGE('',*,*,#3703,.T.);
#4810=ORIENTED_EDGE('',*,*,#3452,.F.);
#4811=ORIENTED_EDGE('',*,*,#3704,.T.);
#4812=ORIENTED_EDGE('',*,*,#3705,.T.);
#4813=ORIENTED_EDGE('',*,*,#3706,.T.);
#4814=ORIENTED_EDGE('',*,*,#3628,.F.);
#4815=ORIENTED_EDGE('',*,*,#3707,.T.);
#4816=ORIENTED_EDGE('',*,*,#3708,.T.);
#4817=ORIENTED_EDGE('',*,*,#3709,.T.);
#4818=ORIENTED_EDGE('',*,*,#3624,.F.);
#4819=ORIENTED_EDGE('',*,*,#3710,.T.);
#4820=ORIENTED_EDGE('',*,*,#3711,.T.);
#4821=ORIENTED_EDGE('',*,*,#3712,.T.);
#4822=ORIENTED_EDGE('',*,*,#3620,.F.);
#4823=ORIENTED_EDGE('',*,*,#3713,.T.);
#4824=ORIENTED_EDGE('',*,*,#3714,.T.);
#4825=ORIENTED_EDGE('',*,*,#3715,.T.);
#4826=ORIENTED_EDGE('',*,*,#3616,.F.);
#4827=ORIENTED_EDGE('',*,*,#3716,.T.);
#4828=ORIENTED_EDGE('',*,*,#3717,.T.);
#4829=ORIENTED_EDGE('',*,*,#3718,.T.);
#4830=ORIENTED_EDGE('',*,*,#3612,.F.);
#4831=ORIENTED_EDGE('',*,*,#3719,.T.);
#4832=ORIENTED_EDGE('',*,*,#3720,.T.);
#4833=ORIENTED_EDGE('',*,*,#3721,.T.);
#4834=ORIENTED_EDGE('',*,*,#3608,.F.);
#4835=ORIENTED_EDGE('',*,*,#3722,.T.);
#4836=ORIENTED_EDGE('',*,*,#3723,.T.);
#4837=ORIENTED_EDGE('',*,*,#3724,.T.);
#4838=ORIENTED_EDGE('',*,*,#3604,.F.);
#4839=ORIENTED_EDGE('',*,*,#3725,.T.);
#4840=ORIENTED_EDGE('',*,*,#3726,.T.);
#4841=ORIENTED_EDGE('',*,*,#3727,.T.);
#4842=ORIENTED_EDGE('',*,*,#3600,.F.);
#4843=ORIENTED_EDGE('',*,*,#3728,.T.);
#4844=ORIENTED_EDGE('',*,*,#3729,.T.);
#4845=ORIENTED_EDGE('',*,*,#3730,.T.);
#4846=ORIENTED_EDGE('',*,*,#3596,.F.);
#4847=ORIENTED_EDGE('',*,*,#3731,.T.);
#4848=ORIENTED_EDGE('',*,*,#3732,.T.);
#4849=ORIENTED_EDGE('',*,*,#3733,.T.);
#4850=ORIENTED_EDGE('',*,*,#3592,.F.);
#4851=ORIENTED_EDGE('',*,*,#3734,.T.);
#4852=ORIENTED_EDGE('',*,*,#3448,.F.);
#4853=ORIENTED_EDGE('',*,*,#3735,.T.);
#4854=ORIENTED_EDGE('',*,*,#3736,.T.);
#4855=ORIENTED_EDGE('',*,*,#3737,.T.);
#4856=ORIENTED_EDGE('',*,*,#3444,.F.);
#4857=ORIENTED_EDGE('',*,*,#3738,.T.);
#4858=ORIENTED_EDGE('',*,*,#3739,.T.);
#4859=ORIENTED_EDGE('',*,*,#3740,.T.);
#4860=ORIENTED_EDGE('',*,*,#3440,.F.);
#4861=ORIENTED_EDGE('',*,*,#3741,.T.);
#4862=ORIENTED_EDGE('',*,*,#3742,.T.);
#4863=ORIENTED_EDGE('',*,*,#3743,.T.);
#4864=ORIENTED_EDGE('',*,*,#3437,.F.);
#4865=ORIENTED_EDGE('',*,*,#3744,.T.);
#4866=ORIENTED_EDGE('',*,*,#3635,.T.);
#4867=ORIENTED_EDGE('',*,*,#3745,.T.);
#4868=ORIENTED_EDGE('',*,*,#3588,.F.);
#4869=ORIENTED_EDGE('',*,*,#3746,.T.);
#4870=ORIENTED_EDGE('',*,*,#3747,.T.);
#4871=ORIENTED_EDGE('',*,*,#3748,.T.);
#4872=ORIENTED_EDGE('',*,*,#3584,.F.);
#4873=ORIENTED_EDGE('',*,*,#3749,.T.);
#4874=ORIENTED_EDGE('',*,*,#3750,.T.);
#4875=ORIENTED_EDGE('',*,*,#3751,.T.);
#4876=ORIENTED_EDGE('',*,*,#3580,.F.);
#4877=ORIENTED_EDGE('',*,*,#3752,.T.);
#4878=ORIENTED_EDGE('',*,*,#3753,.T.);
#4879=ORIENTED_EDGE('',*,*,#3754,.T.);
#4880=ORIENTED_EDGE('',*,*,#3576,.F.);
#4881=ORIENTED_EDGE('',*,*,#3755,.T.);
#4882=ORIENTED_EDGE('',*,*,#3756,.T.);
#4883=ORIENTED_EDGE('',*,*,#3757,.T.);
#4884=ORIENTED_EDGE('',*,*,#3572,.F.);
#4885=ORIENTED_EDGE('',*,*,#3758,.T.);
#4886=ORIENTED_EDGE('',*,*,#3759,.T.);
#4887=ORIENTED_EDGE('',*,*,#3760,.T.);
#4888=ORIENTED_EDGE('',*,*,#3568,.F.);
#4889=ORIENTED_EDGE('',*,*,#3761,.T.);
#4890=ORIENTED_EDGE('',*,*,#3762,.T.);
#4891=ORIENTED_EDGE('',*,*,#3763,.T.);
#4892=ORIENTED_EDGE('',*,*,#3564,.F.);
#4893=ORIENTED_EDGE('',*,*,#3764,.T.);
#4894=ORIENTED_EDGE('',*,*,#3765,.T.);
#4895=ORIENTED_EDGE('',*,*,#3766,.T.);
#4896=ORIENTED_EDGE('',*,*,#3560,.F.);
#4897=ORIENTED_EDGE('',*,*,#3767,.T.);
#4898=ORIENTED_EDGE('',*,*,#3768,.T.);
#4899=ORIENTED_EDGE('',*,*,#3769,.T.);
#4900=ORIENTED_EDGE('',*,*,#3556,.F.);
#4901=ORIENTED_EDGE('',*,*,#3770,.T.);
#4902=ORIENTED_EDGE('',*,*,#3771,.T.);
#4903=ORIENTED_EDGE('',*,*,#3772,.T.);
#4904=ORIENTED_EDGE('',*,*,#3552,.F.);
#4905=ORIENTED_EDGE('',*,*,#3773,.T.);
#4906=ORIENTED_EDGE('',*,*,#3774,.T.);
#4907=ORIENTED_EDGE('',*,*,#3775,.T.);
#4908=ORIENTED_EDGE('',*,*,#3548,.F.);
#4909=ORIENTED_EDGE('',*,*,#3776,.T.);
#4910=ORIENTED_EDGE('',*,*,#3777,.T.);
#4911=ORIENTED_EDGE('',*,*,#3778,.T.);
#4912=ORIENTED_EDGE('',*,*,#3544,.F.);
#4913=ORIENTED_EDGE('',*,*,#3779,.T.);
#4914=ORIENTED_EDGE('',*,*,#3780,.T.);
#4915=ORIENTED_EDGE('',*,*,#3781,.T.);
#4916=ORIENTED_EDGE('',*,*,#3782,.T.);
#4917=ORIENTED_EDGE('',*,*,#3783,.T.);
#4918=ORIENTED_EDGE('',*,*,#3540,.F.);
#4919=ORIENTED_EDGE('',*,*,#3784,.T.);
#4920=ORIENTED_EDGE('',*,*,#3643,.F.);
#4921=ORIENTED_EDGE('',*,*,#3785,.T.);
#4922=ORIENTED_EDGE('',*,*,#3786,.T.);
#4923=ORIENTED_EDGE('',*,*,#3787,.F.);
#4924=ORIENTED_EDGE('',*,*,#3788,.T.);
#4925=ORIENTED_EDGE('',*,*,#3789,.F.);
#4926=ORIENTED_EDGE('',*,*,#3645,.F.);
#4927=ORIENTED_EDGE('',*,*,#3790,.T.);
#4928=ORIENTED_EDGE('',*,*,#3791,.T.);
#4929=ORIENTED_EDGE('',*,*,#3792,.F.);
#4930=ORIENTED_EDGE('',*,*,#3648,.F.);
#4931=ORIENTED_EDGE('',*,*,#3793,.T.);
#4932=ORIENTED_EDGE('',*,*,#3794,.T.);
#4933=ORIENTED_EDGE('',*,*,#3795,.F.);
#4934=ORIENTED_EDGE('',*,*,#3651,.F.);
#4935=ORIENTED_EDGE('',*,*,#3796,.T.);
#4936=ORIENTED_EDGE('',*,*,#3797,.T.);
#4937=ORIENTED_EDGE('',*,*,#3798,.F.);
#4938=ORIENTED_EDGE('',*,*,#3654,.F.);
#4939=ORIENTED_EDGE('',*,*,#3799,.T.);
#4940=ORIENTED_EDGE('',*,*,#3800,.T.);
#4941=ORIENTED_EDGE('',*,*,#3801,.F.);
#4942=ORIENTED_EDGE('',*,*,#3657,.F.);
#4943=ORIENTED_EDGE('',*,*,#3802,.T.);
#4944=ORIENTED_EDGE('',*,*,#3803,.T.);
#4945=ORIENTED_EDGE('',*,*,#3804,.F.);
#4946=ORIENTED_EDGE('',*,*,#3660,.F.);
#4947=ORIENTED_EDGE('',*,*,#3805,.T.);
#4948=ORIENTED_EDGE('',*,*,#3806,.T.);
#4949=ORIENTED_EDGE('',*,*,#3807,.F.);
#4950=ORIENTED_EDGE('',*,*,#3663,.F.);
#4951=ORIENTED_EDGE('',*,*,#3808,.T.);
#4952=ORIENTED_EDGE('',*,*,#3809,.T.);
#4953=ORIENTED_EDGE('',*,*,#3810,.F.);
#4954=ORIENTED_EDGE('',*,*,#3666,.F.);
#4955=ORIENTED_EDGE('',*,*,#3811,.T.);
#4956=ORIENTED_EDGE('',*,*,#3812,.T.);
#4957=ORIENTED_EDGE('',*,*,#3813,.F.);
#4958=ORIENTED_EDGE('',*,*,#3669,.F.);
#4959=ORIENTED_EDGE('',*,*,#3814,.T.);
#4960=ORIENTED_EDGE('',*,*,#3815,.T.);
#4961=ORIENTED_EDGE('',*,*,#3816,.F.);
#4962=ORIENTED_EDGE('',*,*,#3672,.F.);
#4963=ORIENTED_EDGE('',*,*,#3817,.T.);
#4964=ORIENTED_EDGE('',*,*,#3818,.T.);
#4965=ORIENTED_EDGE('',*,*,#3819,.F.);
#4966=ORIENTED_EDGE('',*,*,#3675,.F.);
#4967=ORIENTED_EDGE('',*,*,#3820,.T.);
#4968=ORIENTED_EDGE('',*,*,#3821,.T.);
#4969=ORIENTED_EDGE('',*,*,#3822,.F.);
#4970=ORIENTED_EDGE('',*,*,#3678,.F.);
#4971=ORIENTED_EDGE('',*,*,#3823,.T.);
#4972=ORIENTED_EDGE('',*,*,#3824,.T.);
#4973=ORIENTED_EDGE('',*,*,#3825,.F.);
#4974=ORIENTED_EDGE('',*,*,#3681,.F.);
#4975=ORIENTED_EDGE('',*,*,#3826,.T.);
#4976=ORIENTED_EDGE('',*,*,#3827,.T.);
#4977=ORIENTED_EDGE('',*,*,#3828,.F.);
#4978=ORIENTED_EDGE('',*,*,#3684,.F.);
#4979=ORIENTED_EDGE('',*,*,#3829,.T.);
#4980=ORIENTED_EDGE('',*,*,#3830,.T.);
#4981=ORIENTED_EDGE('',*,*,#3831,.F.);
#4982=ORIENTED_EDGE('',*,*,#3687,.F.);
#4983=ORIENTED_EDGE('',*,*,#3832,.T.);
#4984=ORIENTED_EDGE('',*,*,#3833,.T.);
#4985=ORIENTED_EDGE('',*,*,#3834,.F.);
#4986=ORIENTED_EDGE('',*,*,#3690,.F.);
#4987=ORIENTED_EDGE('',*,*,#3835,.T.);
#4988=ORIENTED_EDGE('',*,*,#3836,.T.);
#4989=ORIENTED_EDGE('',*,*,#3837,.F.);
#4990=ORIENTED_EDGE('',*,*,#3693,.F.);
#4991=ORIENTED_EDGE('',*,*,#3838,.T.);
#4992=ORIENTED_EDGE('',*,*,#3839,.T.);
#4993=ORIENTED_EDGE('',*,*,#3840,.F.);
#4994=ORIENTED_EDGE('',*,*,#3696,.F.);
#4995=ORIENTED_EDGE('',*,*,#3841,.T.);
#4996=ORIENTED_EDGE('',*,*,#3842,.T.);
#4997=ORIENTED_EDGE('',*,*,#3843,.F.);
#4998=ORIENTED_EDGE('',*,*,#3699,.F.);
#4999=ORIENTED_EDGE('',*,*,#3844,.T.);
#5000=ORIENTED_EDGE('',*,*,#3845,.T.);
#5001=ORIENTED_EDGE('',*,*,#3846,.F.);
#5002=ORIENTED_EDGE('',*,*,#3702,.F.);
#5003=ORIENTED_EDGE('',*,*,#3847,.T.);
#5004=ORIENTED_EDGE('',*,*,#3848,.T.);
#5005=ORIENTED_EDGE('',*,*,#3849,.F.);
#5006=ORIENTED_EDGE('',*,*,#3638,.F.);
#5007=ORIENTED_EDGE('',*,*,#3850,.T.);
#5008=ORIENTED_EDGE('',*,*,#3851,.T.);
#5009=ORIENTED_EDGE('',*,*,#3852,.F.);
#5010=ORIENTED_EDGE('',*,*,#3705,.F.);
#5011=ORIENTED_EDGE('',*,*,#3853,.T.);
#5012=ORIENTED_EDGE('',*,*,#3854,.T.);
#5013=ORIENTED_EDGE('',*,*,#3855,.F.);
#5014=ORIENTED_EDGE('',*,*,#3708,.F.);
#5015=ORIENTED_EDGE('',*,*,#3856,.T.);
#5016=ORIENTED_EDGE('',*,*,#3857,.T.);
#5017=ORIENTED_EDGE('',*,*,#3858,.F.);
#5018=ORIENTED_EDGE('',*,*,#3711,.F.);
#5019=ORIENTED_EDGE('',*,*,#3859,.T.);
#5020=ORIENTED_EDGE('',*,*,#3860,.T.);
#5021=ORIENTED_EDGE('',*,*,#3861,.F.);
#5022=ORIENTED_EDGE('',*,*,#3714,.F.);
#5023=ORIENTED_EDGE('',*,*,#3862,.T.);
#5024=ORIENTED_EDGE('',*,*,#3863,.T.);
#5025=ORIENTED_EDGE('',*,*,#3864,.F.);
#5026=ORIENTED_EDGE('',*,*,#3717,.F.);
#5027=ORIENTED_EDGE('',*,*,#3865,.T.);
#5028=ORIENTED_EDGE('',*,*,#3866,.T.);
#5029=ORIENTED_EDGE('',*,*,#3867,.F.);
#5030=ORIENTED_EDGE('',*,*,#3720,.F.);
#5031=ORIENTED_EDGE('',*,*,#3868,.T.);
#5032=ORIENTED_EDGE('',*,*,#3869,.T.);
#5033=ORIENTED_EDGE('',*,*,#3870,.F.);
#5034=ORIENTED_EDGE('',*,*,#3723,.F.);
#5035=ORIENTED_EDGE('',*,*,#3871,.T.);
#5036=ORIENTED_EDGE('',*,*,#3872,.T.);
#5037=ORIENTED_EDGE('',*,*,#3873,.F.);
#5038=ORIENTED_EDGE('',*,*,#3726,.F.);
#5039=ORIENTED_EDGE('',*,*,#3874,.T.);
#5040=ORIENTED_EDGE('',*,*,#3875,.T.);
#5041=ORIENTED_EDGE('',*,*,#3876,.F.);
#5042=ORIENTED_EDGE('',*,*,#3729,.F.);
#5043=ORIENTED_EDGE('',*,*,#3877,.T.);
#5044=ORIENTED_EDGE('',*,*,#3878,.T.);
#5045=ORIENTED_EDGE('',*,*,#3879,.F.);
#5046=ORIENTED_EDGE('',*,*,#3732,.F.);
#5047=ORIENTED_EDGE('',*,*,#3880,.T.);
#5048=ORIENTED_EDGE('',*,*,#3736,.F.);
#5049=ORIENTED_EDGE('',*,*,#3881,.T.);
#5050=ORIENTED_EDGE('',*,*,#3882,.T.);
#5051=ORIENTED_EDGE('',*,*,#3883,.F.);
#5052=ORIENTED_EDGE('',*,*,#3739,.F.);
#5053=ORIENTED_EDGE('',*,*,#3884,.T.);
#5054=ORIENTED_EDGE('',*,*,#3885,.T.);
#5055=ORIENTED_EDGE('',*,*,#3886,.F.);
#5056=ORIENTED_EDGE('',*,*,#3742,.F.);
#5057=ORIENTED_EDGE('',*,*,#3887,.T.);
#5058=ORIENTED_EDGE('',*,*,#3888,.T.);
#5059=ORIENTED_EDGE('',*,*,#3889,.F.);
#5060=ORIENTED_EDGE('',*,*,#3747,.F.);
#5061=ORIENTED_EDGE('',*,*,#3890,.T.);
#5062=ORIENTED_EDGE('',*,*,#3891,.T.);
#5063=ORIENTED_EDGE('',*,*,#3892,.F.);
#5064=ORIENTED_EDGE('',*,*,#3750,.F.);
#5065=ORIENTED_EDGE('',*,*,#3893,.T.);
#5066=ORIENTED_EDGE('',*,*,#3894,.T.);
#5067=ORIENTED_EDGE('',*,*,#3895,.F.);
#5068=ORIENTED_EDGE('',*,*,#3753,.F.);
#5069=ORIENTED_EDGE('',*,*,#3896,.T.);
#5070=ORIENTED_EDGE('',*,*,#3897,.T.);
#5071=ORIENTED_EDGE('',*,*,#3898,.F.);
#5072=ORIENTED_EDGE('',*,*,#3756,.F.);
#5073=ORIENTED_EDGE('',*,*,#3899,.T.);
#5074=ORIENTED_EDGE('',*,*,#3900,.T.);
#5075=ORIENTED_EDGE('',*,*,#3901,.F.);
#5076=ORIENTED_EDGE('',*,*,#3759,.F.);
#5077=ORIENTED_EDGE('',*,*,#3902,.T.);
#5078=ORIENTED_EDGE('',*,*,#3903,.T.);
#5079=ORIENTED_EDGE('',*,*,#3904,.F.);
#5080=ORIENTED_EDGE('',*,*,#3762,.F.);
#5081=ORIENTED_EDGE('',*,*,#3905,.T.);
#5082=ORIENTED_EDGE('',*,*,#3906,.T.);
#5083=ORIENTED_EDGE('',*,*,#3907,.F.);
#5084=ORIENTED_EDGE('',*,*,#3765,.F.);
#5085=ORIENTED_EDGE('',*,*,#3908,.T.);
#5086=ORIENTED_EDGE('',*,*,#3909,.T.);
#5087=ORIENTED_EDGE('',*,*,#3910,.F.);
#5088=ORIENTED_EDGE('',*,*,#3768,.F.);
#5089=ORIENTED_EDGE('',*,*,#3911,.T.);
#5090=ORIENTED_EDGE('',*,*,#3912,.T.);
#5091=ORIENTED_EDGE('',*,*,#3913,.F.);
#5092=ORIENTED_EDGE('',*,*,#3771,.F.);
#5093=ORIENTED_EDGE('',*,*,#3914,.T.);
#5094=ORIENTED_EDGE('',*,*,#3915,.T.);
#5095=ORIENTED_EDGE('',*,*,#3916,.F.);
#5096=ORIENTED_EDGE('',*,*,#3774,.F.);
#5097=ORIENTED_EDGE('',*,*,#3917,.T.);
#5098=ORIENTED_EDGE('',*,*,#3918,.T.);
#5099=ORIENTED_EDGE('',*,*,#3919,.F.);
#5100=ORIENTED_EDGE('',*,*,#3777,.F.);
#5101=ORIENTED_EDGE('',*,*,#3920,.T.);
#5102=ORIENTED_EDGE('',*,*,#3921,.T.);
#5103=ORIENTED_EDGE('',*,*,#3922,.F.);
#5104=ORIENTED_EDGE('',*,*,#3780,.F.);
#5105=ORIENTED_EDGE('',*,*,#3923,.T.);
#5106=ORIENTED_EDGE('',*,*,#3924,.T.);
#5107=ORIENTED_EDGE('',*,*,#3925,.F.);
#5108=ORIENTED_EDGE('',*,*,#3926,.T.);
#5109=ORIENTED_EDGE('',*,*,#3927,.F.);
#5110=ORIENTED_EDGE('',*,*,#3782,.F.);
#5111=ORIENTED_EDGE('',*,*,#3928,.T.);
#5112=ORIENTED_EDGE('',*,*,#3786,.F.);
#5113=ORIENTED_EDGE('',*,*,#3929,.F.);
#5114=ORIENTED_EDGE('',*,*,#3534,.T.);
#5115=ORIENTED_EDGE('',*,*,#3930,.F.);
#5116=ORIENTED_EDGE('',*,*,#3530,.T.);
#5117=ORIENTED_EDGE('',*,*,#3931,.F.);
#5118=ORIENTED_EDGE('',*,*,#3788,.F.);
#5119=ORIENTED_EDGE('',*,*,#3932,.F.);
#5120=ORIENTED_EDGE('',*,*,#3526,.T.);
#5121=ORIENTED_EDGE('',*,*,#3933,.F.);
#5122=ORIENTED_EDGE('',*,*,#3791,.F.);
#5123=ORIENTED_EDGE('',*,*,#3934,.F.);
#5124=ORIENTED_EDGE('',*,*,#3522,.T.);
#5125=ORIENTED_EDGE('',*,*,#3935,.F.);
#5126=ORIENTED_EDGE('',*,*,#3794,.F.);
#5127=ORIENTED_EDGE('',*,*,#3936,.F.);
#5128=ORIENTED_EDGE('',*,*,#3518,.T.);
#5129=ORIENTED_EDGE('',*,*,#3937,.F.);
#5130=ORIENTED_EDGE('',*,*,#3797,.F.);
#5131=ORIENTED_EDGE('',*,*,#3938,.F.);
#5132=ORIENTED_EDGE('',*,*,#3514,.T.);
#5133=ORIENTED_EDGE('',*,*,#3939,.F.);
#5134=ORIENTED_EDGE('',*,*,#3800,.F.);
#5135=ORIENTED_EDGE('',*,*,#3940,.F.);
#5136=ORIENTED_EDGE('',*,*,#3510,.T.);
#5137=ORIENTED_EDGE('',*,*,#3941,.F.);
#5138=ORIENTED_EDGE('',*,*,#3803,.F.);
#5139=ORIENTED_EDGE('',*,*,#3942,.F.);
#5140=ORIENTED_EDGE('',*,*,#3506,.T.);
#5141=ORIENTED_EDGE('',*,*,#3943,.F.);
#5142=ORIENTED_EDGE('',*,*,#3806,.F.);
#5143=ORIENTED_EDGE('',*,*,#3944,.F.);
#5144=ORIENTED_EDGE('',*,*,#3502,.T.);
#5145=ORIENTED_EDGE('',*,*,#3945,.F.);
#5146=ORIENTED_EDGE('',*,*,#3809,.F.);
#5147=ORIENTED_EDGE('',*,*,#3946,.F.);
#5148=ORIENTED_EDGE('',*,*,#3498,.T.);
#5149=ORIENTED_EDGE('',*,*,#3947,.F.);
#5150=ORIENTED_EDGE('',*,*,#3812,.F.);
#5151=ORIENTED_EDGE('',*,*,#3948,.F.);
#5152=ORIENTED_EDGE('',*,*,#3494,.T.);
#5153=ORIENTED_EDGE('',*,*,#3949,.F.);
#5154=ORIENTED_EDGE('',*,*,#3815,.F.);
#5155=ORIENTED_EDGE('',*,*,#3950,.F.);
#5156=ORIENTED_EDGE('',*,*,#3490,.T.);
#5157=ORIENTED_EDGE('',*,*,#3951,.F.);
#5158=ORIENTED_EDGE('',*,*,#3818,.F.);
#5159=ORIENTED_EDGE('',*,*,#3952,.F.);
#5160=ORIENTED_EDGE('',*,*,#3486,.T.);
#5161=ORIENTED_EDGE('',*,*,#3953,.F.);
#5162=ORIENTED_EDGE('',*,*,#3821,.F.);
#5163=ORIENTED_EDGE('',*,*,#3954,.F.);
#5164=ORIENTED_EDGE('',*,*,#3482,.T.);
#5165=ORIENTED_EDGE('',*,*,#3955,.F.);
#5166=ORIENTED_EDGE('',*,*,#3824,.F.);
#5167=ORIENTED_EDGE('',*,*,#3956,.F.);
#5168=ORIENTED_EDGE('',*,*,#3478,.T.);
#5169=ORIENTED_EDGE('',*,*,#3957,.F.);
#5170=ORIENTED_EDGE('',*,*,#3827,.F.);
#5171=ORIENTED_EDGE('',*,*,#3958,.F.);
#5172=ORIENTED_EDGE('',*,*,#3474,.T.);
#5173=ORIENTED_EDGE('',*,*,#3959,.F.);
#5174=ORIENTED_EDGE('',*,*,#3830,.F.);
#5175=ORIENTED_EDGE('',*,*,#3960,.F.);
#5176=ORIENTED_EDGE('',*,*,#3470,.T.);
#5177=ORIENTED_EDGE('',*,*,#3961,.F.);
#5178=ORIENTED_EDGE('',*,*,#3833,.F.);
#5179=ORIENTED_EDGE('',*,*,#3962,.F.);
#5180=ORIENTED_EDGE('',*,*,#3466,.T.);
#5181=ORIENTED_EDGE('',*,*,#3963,.F.);
#5182=ORIENTED_EDGE('',*,*,#3836,.F.);
#5183=ORIENTED_EDGE('',*,*,#3964,.F.);
#5184=ORIENTED_EDGE('',*,*,#3462,.T.);
#5185=ORIENTED_EDGE('',*,*,#3965,.F.);
#5186=ORIENTED_EDGE('',*,*,#3839,.F.);
#5187=ORIENTED_EDGE('',*,*,#3966,.F.);
#5188=ORIENTED_EDGE('',*,*,#3458,.T.);
#5189=ORIENTED_EDGE('',*,*,#3967,.F.);
#5190=ORIENTED_EDGE('',*,*,#3842,.F.);
#5191=ORIENTED_EDGE('',*,*,#3968,.F.);
#5192=ORIENTED_EDGE('',*,*,#3454,.T.);
#5193=ORIENTED_EDGE('',*,*,#3969,.F.);
#5194=ORIENTED_EDGE('',*,*,#3845,.F.);
#5195=ORIENTED_EDGE('',*,*,#3970,.F.);
#5196=ORIENTED_EDGE('',*,*,#3432,.T.);
#5197=ORIENTED_EDGE('',*,*,#3429,.T.);
#5198=ORIENTED_EDGE('',*,*,#3971,.F.);
#5199=ORIENTED_EDGE('',*,*,#3848,.F.);
#5200=ORIENTED_EDGE('',*,*,#3972,.F.);
#5201=ORIENTED_EDGE('',*,*,#3630,.T.);
#5202=ORIENTED_EDGE('',*,*,#3973,.F.);
#5203=ORIENTED_EDGE('',*,*,#3851,.F.);
#5204=ORIENTED_EDGE('',*,*,#3974,.F.);
#5205=ORIENTED_EDGE('',*,*,#3626,.T.);
#5206=ORIENTED_EDGE('',*,*,#3975,.F.);
#5207=ORIENTED_EDGE('',*,*,#3854,.F.);
#5208=ORIENTED_EDGE('',*,*,#3976,.F.);
#5209=ORIENTED_EDGE('',*,*,#3622,.T.);
#5210=ORIENTED_EDGE('',*,*,#3977,.F.);
#5211=ORIENTED_EDGE('',*,*,#3857,.F.);
#5212=ORIENTED_EDGE('',*,*,#3978,.F.);
#5213=ORIENTED_EDGE('',*,*,#3618,.T.);
#5214=ORIENTED_EDGE('',*,*,#3979,.F.);
#5215=ORIENTED_EDGE('',*,*,#3860,.F.);
#5216=ORIENTED_EDGE('',*,*,#3980,.F.);
#5217=ORIENTED_EDGE('',*,*,#3614,.T.);
#5218=ORIENTED_EDGE('',*,*,#3981,.F.);
#5219=ORIENTED_EDGE('',*,*,#3863,.F.);
#5220=ORIENTED_EDGE('',*,*,#3982,.F.);
#5221=ORIENTED_EDGE('',*,*,#3610,.T.);
#5222=ORIENTED_EDGE('',*,*,#3983,.F.);
#5223=ORIENTED_EDGE('',*,*,#3866,.F.);
#5224=ORIENTED_EDGE('',*,*,#3984,.F.);
#5225=ORIENTED_EDGE('',*,*,#3606,.T.);
#5226=ORIENTED_EDGE('',*,*,#3985,.F.);
#5227=ORIENTED_EDGE('',*,*,#3869,.F.);
#5228=ORIENTED_EDGE('',*,*,#3986,.F.);
#5229=ORIENTED_EDGE('',*,*,#3602,.T.);
#5230=ORIENTED_EDGE('',*,*,#3987,.F.);
#5231=ORIENTED_EDGE('',*,*,#3872,.F.);
#5232=ORIENTED_EDGE('',*,*,#3988,.F.);
#5233=ORIENTED_EDGE('',*,*,#3598,.T.);
#5234=ORIENTED_EDGE('',*,*,#3989,.F.);
#5235=ORIENTED_EDGE('',*,*,#3875,.F.);
#5236=ORIENTED_EDGE('',*,*,#3990,.F.);
#5237=ORIENTED_EDGE('',*,*,#3594,.T.);
#5238=ORIENTED_EDGE('',*,*,#3991,.F.);
#5239=ORIENTED_EDGE('',*,*,#3878,.F.);
#5240=ORIENTED_EDGE('',*,*,#3992,.F.);
#5241=ORIENTED_EDGE('',*,*,#3882,.F.);
#5242=ORIENTED_EDGE('',*,*,#3993,.F.);
#5243=ORIENTED_EDGE('',*,*,#3450,.T.);
#5244=ORIENTED_EDGE('',*,*,#3994,.F.);
#5245=ORIENTED_EDGE('',*,*,#3885,.F.);
#5246=ORIENTED_EDGE('',*,*,#3995,.F.);
#5247=ORIENTED_EDGE('',*,*,#3446,.T.);
#5248=ORIENTED_EDGE('',*,*,#3996,.F.);
#5249=ORIENTED_EDGE('',*,*,#3888,.F.);
#5250=ORIENTED_EDGE('',*,*,#3997,.F.);
#5251=ORIENTED_EDGE('',*,*,#3442,.T.);
#5252=ORIENTED_EDGE('',*,*,#3998,.F.);
#5253=ORIENTED_EDGE('',*,*,#3633,.F.);
#5254=ORIENTED_EDGE('',*,*,#3999,.F.);
#5255=ORIENTED_EDGE('',*,*,#3435,.T.);
#5256=ORIENTED_EDGE('',*,*,#4000,.F.);
#5257=ORIENTED_EDGE('',*,*,#3891,.F.);
#5258=ORIENTED_EDGE('',*,*,#4001,.F.);
#5259=ORIENTED_EDGE('',*,*,#3590,.T.);
#5260=ORIENTED_EDGE('',*,*,#4002,.F.);
#5261=ORIENTED_EDGE('',*,*,#3894,.F.);
#5262=ORIENTED_EDGE('',*,*,#4003,.F.);
#5263=ORIENTED_EDGE('',*,*,#3586,.T.);
#5264=ORIENTED_EDGE('',*,*,#4004,.F.);
#5265=ORIENTED_EDGE('',*,*,#3897,.F.);
#5266=ORIENTED_EDGE('',*,*,#4005,.F.);
#5267=ORIENTED_EDGE('',*,*,#3582,.T.);
#5268=ORIENTED_EDGE('',*,*,#4006,.F.);
#5269=ORIENTED_EDGE('',*,*,#3900,.F.);
#5270=ORIENTED_EDGE('',*,*,#4007,.F.);
#5271=ORIENTED_EDGE('',*,*,#3578,.T.);
#5272=ORIENTED_EDGE('',*,*,#4008,.F.);
#5273=ORIENTED_EDGE('',*,*,#3903,.F.);
#5274=ORIENTED_EDGE('',*,*,#4009,.F.);
#5275=ORIENTED_EDGE('',*,*,#3574,.T.);
#5276=ORIENTED_EDGE('',*,*,#4010,.F.);
#5277=ORIENTED_EDGE('',*,*,#3906,.F.);
#5278=ORIENTED_EDGE('',*,*,#4011,.F.);
#5279=ORIENTED_EDGE('',*,*,#3570,.T.);
#5280=ORIENTED_EDGE('',*,*,#4012,.F.);
#5281=ORIENTED_EDGE('',*,*,#3909,.F.);
#5282=ORIENTED_EDGE('',*,*,#4013,.F.);
#5283=ORIENTED_EDGE('',*,*,#3566,.T.);
#5284=ORIENTED_EDGE('',*,*,#4014,.F.);
#5285=ORIENTED_EDGE('',*,*,#3912,.F.);
#5286=ORIENTED_EDGE('',*,*,#4015,.F.);
#5287=ORIENTED_EDGE('',*,*,#3562,.T.);
#5288=ORIENTED_EDGE('',*,*,#4016,.F.);
#5289=ORIENTED_EDGE('',*,*,#3915,.F.);
#5290=ORIENTED_EDGE('',*,*,#4017,.F.);
#5291=ORIENTED_EDGE('',*,*,#3558,.T.);
#5292=ORIENTED_EDGE('',*,*,#4018,.F.);
#5293=ORIENTED_EDGE('',*,*,#3918,.F.);
#5294=ORIENTED_EDGE('',*,*,#4019,.F.);
#5295=ORIENTED_EDGE('',*,*,#3554,.T.);
#5296=ORIENTED_EDGE('',*,*,#4020,.F.);
#5297=ORIENTED_EDGE('',*,*,#3921,.F.);
#5298=ORIENTED_EDGE('',*,*,#4021,.F.);
#5299=ORIENTED_EDGE('',*,*,#3550,.T.);
#5300=ORIENTED_EDGE('',*,*,#4022,.F.);
#5301=ORIENTED_EDGE('',*,*,#3924,.F.);
#5302=ORIENTED_EDGE('',*,*,#4023,.F.);
#5303=ORIENTED_EDGE('',*,*,#3546,.T.);
#5304=ORIENTED_EDGE('',*,*,#4024,.F.);
#5305=ORIENTED_EDGE('',*,*,#3542,.T.);
#5306=ORIENTED_EDGE('',*,*,#4025,.F.);
#5307=ORIENTED_EDGE('',*,*,#3926,.F.);
#5308=ORIENTED_EDGE('',*,*,#4026,.F.);
#5309=ORIENTED_EDGE('',*,*,#4027,.T.);
#5310=ORIENTED_EDGE('',*,*,#4028,.T.);
#5311=ORIENTED_EDGE('',*,*,#3535,.F.);
#5312=ORIENTED_EDGE('',*,*,#4029,.T.);
#5313=ORIENTED_EDGE('',*,*,#4030,.T.);
#5314=ORIENTED_EDGE('',*,*,#4031,.F.);
#5315=ORIENTED_EDGE('',*,*,#4027,.F.);
#5316=ORIENTED_EDGE('',*,*,#4032,.T.);
#5317=ORIENTED_EDGE('',*,*,#3537,.T.);
#5318=ORIENTED_EDGE('',*,*,#4033,.F.);
#5319=ORIENTED_EDGE('',*,*,#4030,.F.);
#5320=ORIENTED_EDGE('',*,*,#4034,.F.);
#5321=ORIENTED_EDGE('',*,*,#3421,.T.);
#5322=ORIENTED_EDGE('',*,*,#3431,.F.);
#5323=ORIENTED_EDGE('',*,*,#3423,.F.);
#5324=ORIENTED_EDGE('',*,*,#3404,.F.);
#5325=ORIENTED_EDGE('',*,*,#3538,.T.);
#5326=ORIENTED_EDGE('',*,*,#4034,.T.);
#5327=ORIENTED_EDGE('',*,*,#4032,.F.);
#5328=ORIENTED_EDGE('',*,*,#4029,.F.);
#5329=ORIENTED_EDGE('',*,*,#3925,.T.);
#5330=ORIENTED_EDGE('',*,*,#4024,.T.);
#5331=ORIENTED_EDGE('',*,*,#3545,.F.);
#5332=ORIENTED_EDGE('',*,*,#3781,.F.);
#5333=ORIENTED_EDGE('',*,*,#3539,.T.);
#5334=ORIENTED_EDGE('',*,*,#4026,.T.);
#5335=ORIENTED_EDGE('',*,*,#3928,.F.);
#5336=ORIENTED_EDGE('',*,*,#3784,.F.);
#5337=ORIENTED_EDGE('',*,*,#4031,.T.);
#5338=ORIENTED_EDGE('',*,*,#4033,.T.);
#5339=ORIENTED_EDGE('',*,*,#3536,.F.);
#5340=ORIENTED_EDGE('',*,*,#4028,.F.);
#5341=ORIENTED_EDGE('',*,*,#3543,.T.);
#5342=ORIENTED_EDGE('',*,*,#4023,.T.);
#5343=ORIENTED_EDGE('',*,*,#3923,.F.);
#5344=ORIENTED_EDGE('',*,*,#3779,.F.);
#5345=ORIENTED_EDGE('',*,*,#3922,.T.);
#5346=ORIENTED_EDGE('',*,*,#4022,.T.);
#5347=ORIENTED_EDGE('',*,*,#3549,.F.);
#5348=ORIENTED_EDGE('',*,*,#3778,.F.);
#5349=ORIENTED_EDGE('',*,*,#3547,.T.);
#5350=ORIENTED_EDGE('',*,*,#4021,.T.);
#5351=ORIENTED_EDGE('',*,*,#3920,.F.);
#5352=ORIENTED_EDGE('',*,*,#3776,.F.);
#5353=ORIENTED_EDGE('',*,*,#3919,.T.);
#5354=ORIENTED_EDGE('',*,*,#4020,.T.);
#5355=ORIENTED_EDGE('',*,*,#3553,.F.);
#5356=ORIENTED_EDGE('',*,*,#3775,.F.);
#5357=ORIENTED_EDGE('',*,*,#3551,.T.);
#5358=ORIENTED_EDGE('',*,*,#4019,.T.);
#5359=ORIENTED_EDGE('',*,*,#3917,.F.);
#5360=ORIENTED_EDGE('',*,*,#3773,.F.);
#5361=ORIENTED_EDGE('',*,*,#3916,.T.);
#5362=ORIENTED_EDGE('',*,*,#4018,.T.);
#5363=ORIENTED_EDGE('',*,*,#3557,.F.);
#5364=ORIENTED_EDGE('',*,*,#3772,.F.);
#5365=ORIENTED_EDGE('',*,*,#3555,.T.);
#5366=ORIENTED_EDGE('',*,*,#4017,.T.);
#5367=ORIENTED_EDGE('',*,*,#3914,.F.);
#5368=ORIENTED_EDGE('',*,*,#3770,.F.);
#5369=ORIENTED_EDGE('',*,*,#3913,.T.);
#5370=ORIENTED_EDGE('',*,*,#4016,.T.);
#5371=ORIENTED_EDGE('',*,*,#3561,.F.);
#5372=ORIENTED_EDGE('',*,*,#3769,.F.);
#5373=ORIENTED_EDGE('',*,*,#3559,.T.);
#5374=ORIENTED_EDGE('',*,*,#4015,.T.);
#5375=ORIENTED_EDGE('',*,*,#3911,.F.);
#5376=ORIENTED_EDGE('',*,*,#3767,.F.);
#5377=ORIENTED_EDGE('',*,*,#3910,.T.);
#5378=ORIENTED_EDGE('',*,*,#4014,.T.);
#5379=ORIENTED_EDGE('',*,*,#3565,.F.);
#5380=ORIENTED_EDGE('',*,*,#3766,.F.);
#5381=ORIENTED_EDGE('',*,*,#3563,.T.);
#5382=ORIENTED_EDGE('',*,*,#4013,.T.);
#5383=ORIENTED_EDGE('',*,*,#3908,.F.);
#5384=ORIENTED_EDGE('',*,*,#3764,.F.);
#5385=ORIENTED_EDGE('',*,*,#3907,.T.);
#5386=ORIENTED_EDGE('',*,*,#4012,.T.);
#5387=ORIENTED_EDGE('',*,*,#3569,.F.);
#5388=ORIENTED_EDGE('',*,*,#3763,.F.);
#5389=ORIENTED_EDGE('',*,*,#3567,.T.);
#5390=ORIENTED_EDGE('',*,*,#4011,.T.);
#5391=ORIENTED_EDGE('',*,*,#3905,.F.);
#5392=ORIENTED_EDGE('',*,*,#3761,.F.);
#5393=ORIENTED_EDGE('',*,*,#3904,.T.);
#5394=ORIENTED_EDGE('',*,*,#4010,.T.);
#5395=ORIENTED_EDGE('',*,*,#3573,.F.);
#5396=ORIENTED_EDGE('',*,*,#3760,.F.);
#5397=ORIENTED_EDGE('',*,*,#3571,.T.);
#5398=ORIENTED_EDGE('',*,*,#4009,.T.);
#5399=ORIENTED_EDGE('',*,*,#3902,.F.);
#5400=ORIENTED_EDGE('',*,*,#3758,.F.);
#5401=ORIENTED_EDGE('',*,*,#3901,.T.);
#5402=ORIENTED_EDGE('',*,*,#4008,.T.);
#5403=ORIENTED_EDGE('',*,*,#3577,.F.);
#5404=ORIENTED_EDGE('',*,*,#3757,.F.);
#5405=ORIENTED_EDGE('',*,*,#3575,.T.);
#5406=ORIENTED_EDGE('',*,*,#4007,.T.);
#5407=ORIENTED_EDGE('',*,*,#3899,.F.);
#5408=ORIENTED_EDGE('',*,*,#3755,.F.);
#5409=ORIENTED_EDGE('',*,*,#3898,.T.);
#5410=ORIENTED_EDGE('',*,*,#4006,.T.);
#5411=ORIENTED_EDGE('',*,*,#3581,.F.);
#5412=ORIENTED_EDGE('',*,*,#3754,.F.);
#5413=ORIENTED_EDGE('',*,*,#3579,.T.);
#5414=ORIENTED_EDGE('',*,*,#4005,.T.);
#5415=ORIENTED_EDGE('',*,*,#3896,.F.);
#5416=ORIENTED_EDGE('',*,*,#3752,.F.);
#5417=ORIENTED_EDGE('',*,*,#3895,.T.);
#5418=ORIENTED_EDGE('',*,*,#4004,.T.);
#5419=ORIENTED_EDGE('',*,*,#3585,.F.);
#5420=ORIENTED_EDGE('',*,*,#3751,.F.);
#5421=ORIENTED_EDGE('',*,*,#3583,.T.);
#5422=ORIENTED_EDGE('',*,*,#4003,.T.);
#5423=ORIENTED_EDGE('',*,*,#3893,.F.);
#5424=ORIENTED_EDGE('',*,*,#3749,.F.);
#5425=ORIENTED_EDGE('',*,*,#3892,.T.);
#5426=ORIENTED_EDGE('',*,*,#4002,.T.);
#5427=ORIENTED_EDGE('',*,*,#3589,.F.);
#5428=ORIENTED_EDGE('',*,*,#3748,.F.);
#5429=ORIENTED_EDGE('',*,*,#3587,.T.);
#5430=ORIENTED_EDGE('',*,*,#4001,.T.);
#5431=ORIENTED_EDGE('',*,*,#3890,.F.);
#5432=ORIENTED_EDGE('',*,*,#3746,.F.);
#5433=ORIENTED_EDGE('',*,*,#3634,.T.);
#5434=ORIENTED_EDGE('',*,*,#4000,.T.);
#5435=ORIENTED_EDGE('',*,*,#3438,.F.);
#5436=ORIENTED_EDGE('',*,*,#3745,.F.);
#5437=ORIENTED_EDGE('',*,*,#3436,.T.);
#5438=ORIENTED_EDGE('',*,*,#3999,.T.);
#5439=ORIENTED_EDGE('',*,*,#3636,.F.);
#5440=ORIENTED_EDGE('',*,*,#3744,.F.);
#5441=ORIENTED_EDGE('',*,*,#3889,.T.);
#5442=ORIENTED_EDGE('',*,*,#3998,.T.);
#5443=ORIENTED_EDGE('',*,*,#3441,.F.);
#5444=ORIENTED_EDGE('',*,*,#3743,.F.);
#5445=ORIENTED_EDGE('',*,*,#3439,.T.);
#5446=ORIENTED_EDGE('',*,*,#3997,.T.);
#5447=ORIENTED_EDGE('',*,*,#3887,.F.);
#5448=ORIENTED_EDGE('',*,*,#3741,.F.);
#5449=ORIENTED_EDGE('',*,*,#3886,.T.);
#5450=ORIENTED_EDGE('',*,*,#3996,.T.);
#5451=ORIENTED_EDGE('',*,*,#3445,.F.);
#5452=ORIENTED_EDGE('',*,*,#3740,.F.);
#5453=ORIENTED_EDGE('',*,*,#3443,.T.);
#5454=ORIENTED_EDGE('',*,*,#3995,.T.);
#5455=ORIENTED_EDGE('',*,*,#3884,.F.);
#5456=ORIENTED_EDGE('',*,*,#3738,.F.);
#5457=ORIENTED_EDGE('',*,*,#3883,.T.);
#5458=ORIENTED_EDGE('',*,*,#3994,.T.);
#5459=ORIENTED_EDGE('',*,*,#3449,.F.);
#5460=ORIENTED_EDGE('',*,*,#3737,.F.);
#5461=ORIENTED_EDGE('',*,*,#3447,.T.);
#5462=ORIENTED_EDGE('',*,*,#3993,.T.);
#5463=ORIENTED_EDGE('',*,*,#3881,.F.);
#5464=ORIENTED_EDGE('',*,*,#3735,.F.);
#5465=ORIENTED_EDGE('',*,*,#3787,.T.);
#5466=ORIENTED_EDGE('',*,*,#3930,.T.);
#5467=ORIENTED_EDGE('',*,*,#3533,.F.);
#5468=ORIENTED_EDGE('',*,*,#3644,.F.);
#5469=ORIENTED_EDGE('',*,*,#3591,.T.);
#5470=ORIENTED_EDGE('',*,*,#3992,.T.);
#5471=ORIENTED_EDGE('',*,*,#3880,.F.);
#5472=ORIENTED_EDGE('',*,*,#3734,.F.);
#5473=ORIENTED_EDGE('',*,*,#3927,.T.);
#5474=ORIENTED_EDGE('',*,*,#4025,.T.);
#5475=ORIENTED_EDGE('',*,*,#3541,.F.);
#5476=ORIENTED_EDGE('',*,*,#3783,.F.);
#5477=ORIENTED_EDGE('',*,*,#3595,.T.);
#5478=ORIENTED_EDGE('',*,*,#3990,.T.);
#5479=ORIENTED_EDGE('',*,*,#3877,.F.);
#5480=ORIENTED_EDGE('',*,*,#3731,.F.);
#5481=ORIENTED_EDGE('',*,*,#3879,.T.);
#5482=ORIENTED_EDGE('',*,*,#3991,.T.);
#5483=ORIENTED_EDGE('',*,*,#3593,.F.);
#5484=ORIENTED_EDGE('',*,*,#3733,.F.);
#5485=ORIENTED_EDGE('',*,*,#3599,.T.);
#5486=ORIENTED_EDGE('',*,*,#3988,.T.);
#5487=ORIENTED_EDGE('',*,*,#3874,.F.);
#5488=ORIENTED_EDGE('',*,*,#3728,.F.);
#5489=ORIENTED_EDGE('',*,*,#3876,.T.);
#5490=ORIENTED_EDGE('',*,*,#3989,.T.);
#5491=ORIENTED_EDGE('',*,*,#3597,.F.);
#5492=ORIENTED_EDGE('',*,*,#3730,.F.);
#5493=ORIENTED_EDGE('',*,*,#3603,.T.);
#5494=ORIENTED_EDGE('',*,*,#3986,.T.);
#5495=ORIENTED_EDGE('',*,*,#3871,.F.);
#5496=ORIENTED_EDGE('',*,*,#3725,.F.);
#5497=ORIENTED_EDGE('',*,*,#3873,.T.);
#5498=ORIENTED_EDGE('',*,*,#3987,.T.);
#5499=ORIENTED_EDGE('',*,*,#3601,.F.);
#5500=ORIENTED_EDGE('',*,*,#3727,.F.);
#5501=ORIENTED_EDGE('',*,*,#3607,.T.);
#5502=ORIENTED_EDGE('',*,*,#3984,.T.);
#5503=ORIENTED_EDGE('',*,*,#3868,.F.);
#5504=ORIENTED_EDGE('',*,*,#3722,.F.);
#5505=ORIENTED_EDGE('',*,*,#3870,.T.);
#5506=ORIENTED_EDGE('',*,*,#3985,.T.);
#5507=ORIENTED_EDGE('',*,*,#3605,.F.);
#5508=ORIENTED_EDGE('',*,*,#3724,.F.);
#5509=ORIENTED_EDGE('',*,*,#3611,.T.);
#5510=ORIENTED_EDGE('',*,*,#3982,.T.);
#5511=ORIENTED_EDGE('',*,*,#3865,.F.);
#5512=ORIENTED_EDGE('',*,*,#3719,.F.);
#5513=ORIENTED_EDGE('',*,*,#3867,.T.);
#5514=ORIENTED_EDGE('',*,*,#3983,.T.);
#5515=ORIENTED_EDGE('',*,*,#3609,.F.);
#5516=ORIENTED_EDGE('',*,*,#3721,.F.);
#5517=ORIENTED_EDGE('',*,*,#3615,.T.);
#5518=ORIENTED_EDGE('',*,*,#3980,.T.);
#5519=ORIENTED_EDGE('',*,*,#3862,.F.);
#5520=ORIENTED_EDGE('',*,*,#3716,.F.);
#5521=ORIENTED_EDGE('',*,*,#3864,.T.);
#5522=ORIENTED_EDGE('',*,*,#3981,.T.);
#5523=ORIENTED_EDGE('',*,*,#3613,.F.);
#5524=ORIENTED_EDGE('',*,*,#3718,.F.);
#5525=ORIENTED_EDGE('',*,*,#3619,.T.);
#5526=ORIENTED_EDGE('',*,*,#3978,.T.);
#5527=ORIENTED_EDGE('',*,*,#3859,.F.);
#5528=ORIENTED_EDGE('',*,*,#3713,.F.);
#5529=ORIENTED_EDGE('',*,*,#3861,.T.);
#5530=ORIENTED_EDGE('',*,*,#3979,.T.);
#5531=ORIENTED_EDGE('',*,*,#3617,.F.);
#5532=ORIENTED_EDGE('',*,*,#3715,.F.);
#5533=ORIENTED_EDGE('',*,*,#3623,.T.);
#5534=ORIENTED_EDGE('',*,*,#3976,.T.);
#5535=ORIENTED_EDGE('',*,*,#3856,.F.);
#5536=ORIENTED_EDGE('',*,*,#3710,.F.);
#5537=ORIENTED_EDGE('',*,*,#3858,.T.);
#5538=ORIENTED_EDGE('',*,*,#3977,.T.);
#5539=ORIENTED_EDGE('',*,*,#3621,.F.);
#5540=ORIENTED_EDGE('',*,*,#3712,.F.);
#5541=ORIENTED_EDGE('',*,*,#3627,.T.);
#5542=ORIENTED_EDGE('',*,*,#3974,.T.);
#5543=ORIENTED_EDGE('',*,*,#3853,.F.);
#5544=ORIENTED_EDGE('',*,*,#3707,.F.);
#5545=ORIENTED_EDGE('',*,*,#3855,.T.);
#5546=ORIENTED_EDGE('',*,*,#3975,.T.);
#5547=ORIENTED_EDGE('',*,*,#3625,.F.);
#5548=ORIENTED_EDGE('',*,*,#3709,.F.);
#5549=ORIENTED_EDGE('',*,*,#3433,.T.);
#5550=ORIENTED_EDGE('',*,*,#3972,.T.);
#5551=ORIENTED_EDGE('',*,*,#3850,.F.);
#5552=ORIENTED_EDGE('',*,*,#3637,.F.);
#5553=ORIENTED_EDGE('',*,*,#3852,.T.);
#5554=ORIENTED_EDGE('',*,*,#3973,.T.);
#5555=ORIENTED_EDGE('',*,*,#3629,.F.);
#5556=ORIENTED_EDGE('',*,*,#3706,.F.);
#5557=ORIENTED_EDGE('',*,*,#3451,.T.);
#5558=ORIENTED_EDGE('',*,*,#3970,.T.);
#5559=ORIENTED_EDGE('',*,*,#3847,.F.);
#5560=ORIENTED_EDGE('',*,*,#3704,.F.);
#5561=ORIENTED_EDGE('',*,*,#3849,.T.);
#5562=ORIENTED_EDGE('',*,*,#3971,.T.);
#5563=ORIENTED_EDGE('',*,*,#3428,.F.);
#5564=ORIENTED_EDGE('',*,*,#3639,.F.);
#5565=ORIENTED_EDGE('',*,*,#3455,.T.);
#5566=ORIENTED_EDGE('',*,*,#3968,.T.);
#5567=ORIENTED_EDGE('',*,*,#3844,.F.);
#5568=ORIENTED_EDGE('',*,*,#3701,.F.);
#5569=ORIENTED_EDGE('',*,*,#3846,.T.);
#5570=ORIENTED_EDGE('',*,*,#3969,.T.);
#5571=ORIENTED_EDGE('',*,*,#3453,.F.);
#5572=ORIENTED_EDGE('',*,*,#3703,.F.);
#5573=ORIENTED_EDGE('',*,*,#3459,.T.);
#5574=ORIENTED_EDGE('',*,*,#3966,.T.);
#5575=ORIENTED_EDGE('',*,*,#3841,.F.);
#5576=ORIENTED_EDGE('',*,*,#3698,.F.);
#5577=ORIENTED_EDGE('',*,*,#3843,.T.);
#5578=ORIENTED_EDGE('',*,*,#3967,.T.);
#5579=ORIENTED_EDGE('',*,*,#3457,.F.);
#5580=ORIENTED_EDGE('',*,*,#3700,.F.);
#5581=ORIENTED_EDGE('',*,*,#3463,.T.);
#5582=ORIENTED_EDGE('',*,*,#3964,.T.);
#5583=ORIENTED_EDGE('',*,*,#3838,.F.);
#5584=ORIENTED_EDGE('',*,*,#3695,.F.);
#5585=ORIENTED_EDGE('',*,*,#3840,.T.);
#5586=ORIENTED_EDGE('',*,*,#3965,.T.);
#5587=ORIENTED_EDGE('',*,*,#3461,.F.);
#5588=ORIENTED_EDGE('',*,*,#3697,.F.);
#5589=ORIENTED_EDGE('',*,*,#3467,.T.);
#5590=ORIENTED_EDGE('',*,*,#3962,.T.);
#5591=ORIENTED_EDGE('',*,*,#3835,.F.);
#5592=ORIENTED_EDGE('',*,*,#3692,.F.);
#5593=ORIENTED_EDGE('',*,*,#3837,.T.);
#5594=ORIENTED_EDGE('',*,*,#3963,.T.);
#5595=ORIENTED_EDGE('',*,*,#3465,.F.);
#5596=ORIENTED_EDGE('',*,*,#3694,.F.);
#5597=ORIENTED_EDGE('',*,*,#3471,.T.);
#5598=ORIENTED_EDGE('',*,*,#3960,.T.);
#5599=ORIENTED_EDGE('',*,*,#3832,.F.);
#5600=ORIENTED_EDGE('',*,*,#3689,.F.);
#5601=ORIENTED_EDGE('',*,*,#3834,.T.);
#5602=ORIENTED_EDGE('',*,*,#3961,.T.);
#5603=ORIENTED_EDGE('',*,*,#3469,.F.);
#5604=ORIENTED_EDGE('',*,*,#3691,.F.);
#5605=ORIENTED_EDGE('',*,*,#3475,.T.);
#5606=ORIENTED_EDGE('',*,*,#3958,.T.);
#5607=ORIENTED_EDGE('',*,*,#3829,.F.);
#5608=ORIENTED_EDGE('',*,*,#3686,.F.);
#5609=ORIENTED_EDGE('',*,*,#3831,.T.);
#5610=ORIENTED_EDGE('',*,*,#3959,.T.);
#5611=ORIENTED_EDGE('',*,*,#3473,.F.);
#5612=ORIENTED_EDGE('',*,*,#3688,.F.);
#5613=ORIENTED_EDGE('',*,*,#3479,.T.);
#5614=ORIENTED_EDGE('',*,*,#3956,.T.);
#5615=ORIENTED_EDGE('',*,*,#3826,.F.);
#5616=ORIENTED_EDGE('',*,*,#3683,.F.);
#5617=ORIENTED_EDGE('',*,*,#3828,.T.);
#5618=ORIENTED_EDGE('',*,*,#3957,.T.);
#5619=ORIENTED_EDGE('',*,*,#3477,.F.);
#5620=ORIENTED_EDGE('',*,*,#3685,.F.);
#5621=ORIENTED_EDGE('',*,*,#3483,.T.);
#5622=ORIENTED_EDGE('',*,*,#3954,.T.);
#5623=ORIENTED_EDGE('',*,*,#3823,.F.);
#5624=ORIENTED_EDGE('',*,*,#3680,.F.);
#5625=ORIENTED_EDGE('',*,*,#3825,.T.);
#5626=ORIENTED_EDGE('',*,*,#3955,.T.);
#5627=ORIENTED_EDGE('',*,*,#3481,.F.);
#5628=ORIENTED_EDGE('',*,*,#3682,.F.);
#5629=ORIENTED_EDGE('',*,*,#3487,.T.);
#5630=ORIENTED_EDGE('',*,*,#3952,.T.);
#5631=ORIENTED_EDGE('',*,*,#3820,.F.);
#5632=ORIENTED_EDGE('',*,*,#3677,.F.);
#5633=ORIENTED_EDGE('',*,*,#3822,.T.);
#5634=ORIENTED_EDGE('',*,*,#3953,.T.);
#5635=ORIENTED_EDGE('',*,*,#3485,.F.);
#5636=ORIENTED_EDGE('',*,*,#3679,.F.);
#5637=ORIENTED_EDGE('',*,*,#3491,.T.);
#5638=ORIENTED_EDGE('',*,*,#3950,.T.);
#5639=ORIENTED_EDGE('',*,*,#3817,.F.);
#5640=ORIENTED_EDGE('',*,*,#3674,.F.);
#5641=ORIENTED_EDGE('',*,*,#3819,.T.);
#5642=ORIENTED_EDGE('',*,*,#3951,.T.);
#5643=ORIENTED_EDGE('',*,*,#3489,.F.);
#5644=ORIENTED_EDGE('',*,*,#3676,.F.);
#5645=ORIENTED_EDGE('',*,*,#3495,.T.);
#5646=ORIENTED_EDGE('',*,*,#3948,.T.);
#5647=ORIENTED_EDGE('',*,*,#3814,.F.);
#5648=ORIENTED_EDGE('',*,*,#3671,.F.);
#5649=ORIENTED_EDGE('',*,*,#3816,.T.);
#5650=ORIENTED_EDGE('',*,*,#3949,.T.);
#5651=ORIENTED_EDGE('',*,*,#3493,.F.);
#5652=ORIENTED_EDGE('',*,*,#3673,.F.);
#5653=ORIENTED_EDGE('',*,*,#3499,.T.);
#5654=ORIENTED_EDGE('',*,*,#3946,.T.);
#5655=ORIENTED_EDGE('',*,*,#3811,.F.);
#5656=ORIENTED_EDGE('',*,*,#3668,.F.);
#5657=ORIENTED_EDGE('',*,*,#3813,.T.);
#5658=ORIENTED_EDGE('',*,*,#3947,.T.);
#5659=ORIENTED_EDGE('',*,*,#3497,.F.);
#5660=ORIENTED_EDGE('',*,*,#3670,.F.);
#5661=ORIENTED_EDGE('',*,*,#3503,.T.);
#5662=ORIENTED_EDGE('',*,*,#3944,.T.);
#5663=ORIENTED_EDGE('',*,*,#3808,.F.);
#5664=ORIENTED_EDGE('',*,*,#3665,.F.);
#5665=ORIENTED_EDGE('',*,*,#3810,.T.);
#5666=ORIENTED_EDGE('',*,*,#3945,.T.);
#5667=ORIENTED_EDGE('',*,*,#3501,.F.);
#5668=ORIENTED_EDGE('',*,*,#3667,.F.);
#5669=ORIENTED_EDGE('',*,*,#3507,.T.);
#5670=ORIENTED_EDGE('',*,*,#3942,.T.);
#5671=ORIENTED_EDGE('',*,*,#3805,.F.);
#5672=ORIENTED_EDGE('',*,*,#3662,.F.);
#5673=ORIENTED_EDGE('',*,*,#3807,.T.);
#5674=ORIENTED_EDGE('',*,*,#3943,.T.);
#5675=ORIENTED_EDGE('',*,*,#3505,.F.);
#5676=ORIENTED_EDGE('',*,*,#3664,.F.);
#5677=ORIENTED_EDGE('',*,*,#3511,.T.);
#5678=ORIENTED_EDGE('',*,*,#3940,.T.);
#5679=ORIENTED_EDGE('',*,*,#3802,.F.);
#5680=ORIENTED_EDGE('',*,*,#3659,.F.);
#5681=ORIENTED_EDGE('',*,*,#3804,.T.);
#5682=ORIENTED_EDGE('',*,*,#3941,.T.);
#5683=ORIENTED_EDGE('',*,*,#3509,.F.);
#5684=ORIENTED_EDGE('',*,*,#3661,.F.);
#5685=ORIENTED_EDGE('',*,*,#3515,.T.);
#5686=ORIENTED_EDGE('',*,*,#3938,.T.);
#5687=ORIENTED_EDGE('',*,*,#3799,.F.);
#5688=ORIENTED_EDGE('',*,*,#3656,.F.);
#5689=ORIENTED_EDGE('',*,*,#3801,.T.);
#5690=ORIENTED_EDGE('',*,*,#3939,.T.);
#5691=ORIENTED_EDGE('',*,*,#3513,.F.);
#5692=ORIENTED_EDGE('',*,*,#3658,.F.);
#5693=ORIENTED_EDGE('',*,*,#3519,.T.);
#5694=ORIENTED_EDGE('',*,*,#3936,.T.);
#5695=ORIENTED_EDGE('',*,*,#3796,.F.);
#5696=ORIENTED_EDGE('',*,*,#3653,.F.);
#5697=ORIENTED_EDGE('',*,*,#3798,.T.);
#5698=ORIENTED_EDGE('',*,*,#3937,.T.);
#5699=ORIENTED_EDGE('',*,*,#3517,.F.);
#5700=ORIENTED_EDGE('',*,*,#3655,.F.);
#5701=ORIENTED_EDGE('',*,*,#3523,.T.);
#5702=ORIENTED_EDGE('',*,*,#3934,.T.);
#5703=ORIENTED_EDGE('',*,*,#3793,.F.);
#5704=ORIENTED_EDGE('',*,*,#3650,.F.);
#5705=ORIENTED_EDGE('',*,*,#3795,.T.);
#5706=ORIENTED_EDGE('',*,*,#3935,.T.);
#5707=ORIENTED_EDGE('',*,*,#3521,.F.);
#5708=ORIENTED_EDGE('',*,*,#3652,.F.);
#5709=ORIENTED_EDGE('',*,*,#3527,.T.);
#5710=ORIENTED_EDGE('',*,*,#3932,.T.);
#5711=ORIENTED_EDGE('',*,*,#3790,.F.);
#5712=ORIENTED_EDGE('',*,*,#3647,.F.);
#5713=ORIENTED_EDGE('',*,*,#3792,.T.);
#5714=ORIENTED_EDGE('',*,*,#3933,.T.);
#5715=ORIENTED_EDGE('',*,*,#3525,.F.);
#5716=ORIENTED_EDGE('',*,*,#3649,.F.);
#5717=ORIENTED_EDGE('',*,*,#3531,.T.);
#5718=ORIENTED_EDGE('',*,*,#3929,.T.);
#5719=ORIENTED_EDGE('',*,*,#3785,.F.);
#5720=ORIENTED_EDGE('',*,*,#3642,.F.);
#5721=ORIENTED_EDGE('',*,*,#3789,.T.);
#5722=ORIENTED_EDGE('',*,*,#3931,.T.);
#5723=ORIENTED_EDGE('',*,*,#3529,.F.);
#5724=ORIENTED_EDGE('',*,*,#3646,.F.);
#5725=ORIENTED_EDGE('',*,*,#4035,.F.);
#5726=ORIENTED_EDGE('',*,*,#3409,.F.);
#5727=ORIENTED_EDGE('',*,*,#3641,.F.);
#5728=ORIENTED_EDGE('',*,*,#3418,.F.);
#5729=ORIENTED_EDGE('',*,*,#3414,.F.);
#5730=ORIENTED_EDGE('',*,*,#3415,.T.);
#5731=ORIENTED_EDGE('',*,*,#3412,.T.);
#5732=ORIENTED_EDGE('',*,*,#3632,.F.);
#5733=ORIENTED_EDGE('',*,*,#3411,.T.);
#5734=ORIENTED_EDGE('',*,*,#4036,.T.);
#5735=ORIENTED_EDGE('',*,*,#3420,.T.);
#5736=ORIENTED_EDGE('',*,*,#3640,.T.);
#5737=ORIENTED_EDGE('',*,*,#3410,.T.);
#5738=ORIENTED_EDGE('',*,*,#4035,.T.);
#5739=ORIENTED_EDGE('',*,*,#3417,.T.);
#5740=ORIENTED_EDGE('',*,*,#4036,.F.);
#5741=ORIENTED_EDGE('',*,*,#3402,.T.);
#5742=ORIENTED_EDGE('',*,*,#3397,.T.);
#5743=CYLINDRICAL_SURFACE('',#6317,2.);
#5744=CYLINDRICAL_SURFACE('',#6320,2.);
#5745=CYLINDRICAL_SURFACE('',#6323,2.);
#5746=CYLINDRICAL_SURFACE('',#6326,2.);
#5747=CYLINDRICAL_SURFACE('',#6329,2.5);
#5748=CYLINDRICAL_SURFACE('',#6333,2.5);
#5749=CYLINDRICAL_SURFACE('',#6341,17.5);
#5750=CYLINDRICAL_SURFACE('',#6344,20.5);
#5751=CYLINDRICAL_SURFACE('',#6350,27.5);
#5752=CYLINDRICAL_SURFACE('',#6371,20.2);
#5753=CYLINDRICAL_SURFACE('',#6376,20.);
#5754=CYLINDRICAL_SURFACE('',#6378,20.2);
#5755=CYLINDRICAL_SURFACE('',#6381,19.4);
#5756=CYLINDRICAL_SURFACE('',#6386,19.4);
#5757=CYLINDRICAL_SURFACE('',#6392,21.);
#5758=CYLINDRICAL_SURFACE('',#6398,21.);
#5759=CYLINDRICAL_SURFACE('',#6403,20.5);
#5760=CYLINDRICAL_SURFACE('',#6409,27.5);
#5761=CYLINDRICAL_SURFACE('',#6412,20.5);
#5762=CYLINDRICAL_SURFACE('',#6418,27.5);
#5763=CYLINDRICAL_SURFACE('',#6421,19.4);
#5764=CYLINDRICAL_SURFACE('',#6423,19.4);
#5765=CYLINDRICAL_SURFACE('',#6425,21.);
#5766=CYLINDRICAL_SURFACE('',#6427,21.);
#5767=CYLINDRICAL_SURFACE('',#6429,20.5);
#5768=CYLINDRICAL_SURFACE('',#6435,27.5);
#5769=CYLINDRICAL_SURFACE('',#6438,20.5);
#5770=CYLINDRICAL_SURFACE('',#6444,27.5);
#5771=CYLINDRICAL_SURFACE('',#6452,0.5);
#5772=CYLINDRICAL_SURFACE('',#6455,0.5);
#5773=CYLINDRICAL_SURFACE('',#6460,0.5);
#5774=CYLINDRICAL_SURFACE('',#6463,0.5);
#5775=CYLINDRICAL_SURFACE('',#6468,6.);
#5776=CYLINDRICAL_SURFACE('',#6484,2.5);
#5777=CYLINDRICAL_SURFACE('',#6488,2.5);
#5778=CYLINDRICAL_SURFACE('',#6503,0.65);
#5779=CYLINDRICAL_SURFACE('',#6505,0.65);
#5780=CYLINDRICAL_SURFACE('',#6511,1.);
#5781=CYLINDRICAL_SURFACE('',#6517,1.4635);
#5782=CYLINDRICAL_SURFACE('',#6523,0.4572);
#5783=CYLINDRICAL_SURFACE('',#6528,0.530859999999967);
#5784=CYLINDRICAL_SURFACE('',#6539,0.4826);
#5785=CYLINDRICAL_SURFACE('',#6541,0.80645);
#5786=CYLINDRICAL_SURFACE('',#6544,0.6604);
#5787=CYLINDRICAL_SURFACE('',#6547,0.98425);
#5788=CYLINDRICAL_SURFACE('',#6550,0.83185);
#5789=CYLINDRICAL_SURFACE('',#6658,0.9017);
#5790=CYLINDRICAL_SURFACE('',#6759,0.9017);
#5791=CYLINDRICAL_SURFACE('',#6761,0.9017);
#5792=CYLINDRICAL_SURFACE('',#6763,0.9017);
#5793=CYLINDRICAL_SURFACE('',#6765,0.9017);
#5794=CYLINDRICAL_SURFACE('',#6767,0.9017);
#5795=CYLINDRICAL_SURFACE('',#6769,0.9017);
#5796=CYLINDRICAL_SURFACE('',#6771,0.9017);
#5797=CYLINDRICAL_SURFACE('',#6773,0.9017);
#5798=CYLINDRICAL_SURFACE('',#6775,0.9017);
#5799=CYLINDRICAL_SURFACE('',#6777,0.9017);
#5800=CYLINDRICAL_SURFACE('',#6779,0.9017);
#5801=CYLINDRICAL_SURFACE('',#6781,0.9017);
#5802=CYLINDRICAL_SURFACE('',#6783,0.9017);
#5803=CYLINDRICAL_SURFACE('',#6785,0.9017);
#5804=CYLINDRICAL_SURFACE('',#6787,0.9017);
#5805=CYLINDRICAL_SURFACE('',#6789,0.9017);
#5806=CYLINDRICAL_SURFACE('',#6791,0.9017);
#5807=CYLINDRICAL_SURFACE('',#6793,0.9017);
#5808=CYLINDRICAL_SURFACE('',#6795,0.9017);
#5809=CYLINDRICAL_SURFACE('',#6797,0.9017);
#5810=CYLINDRICAL_SURFACE('',#6799,0.9017);
#5811=CYLINDRICAL_SURFACE('',#6801,0.9017);
#5812=CYLINDRICAL_SURFACE('',#6803,0.9017);
#5813=CYLINDRICAL_SURFACE('',#6805,0.9017);
#5814=CYLINDRICAL_SURFACE('',#6807,0.9017);
#5815=CYLINDRICAL_SURFACE('',#6809,0.9017);
#5816=CYLINDRICAL_SURFACE('',#6811,0.9017);
#5817=CYLINDRICAL_SURFACE('',#6813,0.9017);
#5818=CYLINDRICAL_SURFACE('',#6815,0.9017);
#5819=CYLINDRICAL_SURFACE('',#6817,0.9017);
#5820=CYLINDRICAL_SURFACE('',#6819,0.9017);
#5821=CYLINDRICAL_SURFACE('',#6821,0.9017);
#5822=CYLINDRICAL_SURFACE('',#6823,0.9017);
#5823=CYLINDRICAL_SURFACE('',#6825,0.9017);
#5824=CYLINDRICAL_SURFACE('',#6827,0.9017);
#5825=CYLINDRICAL_SURFACE('',#6829,0.9017);
#5826=CYLINDRICAL_SURFACE('',#6831,0.9017);
#5827=CYLINDRICAL_SURFACE('',#6833,0.9017);
#5828=CYLINDRICAL_SURFACE('',#6835,0.9017);
#5829=CYLINDRICAL_SURFACE('',#6837,0.9017);
#5830=CYLINDRICAL_SURFACE('',#6839,0.9017);
#5831=CYLINDRICAL_SURFACE('',#6841,0.9017);
#5832=CYLINDRICAL_SURFACE('',#6843,0.9017);
#5833=CYLINDRICAL_SURFACE('',#6845,0.9017);
#5834=CYLINDRICAL_SURFACE('',#6847,0.9017);
#5835=CYLINDRICAL_SURFACE('',#6849,0.9017);
#5836=CYLINDRICAL_SURFACE('',#6851,0.9017);
#5837=CYLINDRICAL_SURFACE('',#6853,0.9017);
#5838=CYLINDRICAL_SURFACE('',#6906,0.9017);
#5839=CYLINDRICAL_SURFACE('',#7014,0.9906);
#5840=ADVANCED_FACE('',(#622),#5743,.F.);
#5841=ADVANCED_FACE('',(#623),#5744,.F.);
#5842=ADVANCED_FACE('',(#624),#5745,.F.);
#5843=ADVANCED_FACE('',(#625),#5746,.F.);
#5844=ADVANCED_FACE('',(#626),#5747,.F.);
#5845=ADVANCED_FACE('',(#627),#408,.T.);
#5846=ADVANCED_FACE('',(#628),#5748,.F.);
#5847=ADVANCED_FACE('',(#629),#409,.T.);
#5848=ADVANCED_FACE('',(#630,#314,#315,#316,#317),#410,.F.);
#5849=ADVANCED_FACE('',(#631),#256,.T.);
#5850=ADVANCED_FACE('',(#632),#5749,.T.);
#5851=ADVANCED_FACE('',(#633),#5750,.F.);
#5852=ADVANCED_FACE('',(#634,#318),#411,.T.);
#5853=ADVANCED_FACE('',(#635,#319),#412,.F.);
#5854=ADVANCED_FACE('',(#636),#5751,.T.);
#5855=ADVANCED_FACE('',(#637,#320,#321,#322,#323,#324,#325),#413,.F.);
#5856=ADVANCED_FACE('',(#638),#204,.T.);
#5857=ADVANCED_FACE('',(#639,#326),#414,.T.);
#5858=ADVANCED_FACE('',(#640),#205,.T.);
#5859=ADVANCED_FACE('',(#641,#327),#415,.F.);
#5860=ADVANCED_FACE('',(#642),#206,.T.);
#5861=ADVANCED_FACE('',(#643,#328),#416,.F.);
#5862=ADVANCED_FACE('',(#644,#329),#417,.T.);
#5863=ADVANCED_FACE('',(#645),#5752,.T.);
#5864=ADVANCED_FACE('',(#646,#330),#418,.F.);
#5865=ADVANCED_FACE('',(#647),#5753,.F.);
#5866=ADVANCED_FACE('',(#648),#5754,.T.);
#5867=ADVANCED_FACE('',(#649,#331),#419,.T.);
#5868=ADVANCED_FACE('',(#650),#5755,.F.);
#5869=ADVANCED_FACE('',(#651),#5756,.F.);
#5870=ADVANCED_FACE('',(#652),#5757,.T.);
#5871=ADVANCED_FACE('',(#653),#5758,.T.);
#5872=ADVANCED_FACE('',(#654),#5759,.F.);
#5873=ADVANCED_FACE('',(#655,#332),#420,.F.);
#5874=ADVANCED_FACE('',(#656),#257,.T.);
#5875=ADVANCED_FACE('',(#657),#5760,.T.);
#5876=ADVANCED_FACE('',(#658,#333),#421,.T.);
#5877=ADVANCED_FACE('',(#659),#5761,.F.);
#5878=ADVANCED_FACE('',(#660,#334),#422,.T.);
#5879=ADVANCED_FACE('',(#661),#258,.T.);
#5880=ADVANCED_FACE('',(#662),#5762,.T.);
#5881=ADVANCED_FACE('',(#663,#335),#423,.F.);
#5882=ADVANCED_FACE('',(#664),#5763,.F.);
#5883=ADVANCED_FACE('',(#665),#5764,.F.);
#5884=ADVANCED_FACE('',(#666),#5765,.T.);
#5885=ADVANCED_FACE('',(#667),#5766,.T.);
#5886=ADVANCED_FACE('',(#668),#5767,.F.);
#5887=ADVANCED_FACE('',(#669,#336),#424,.F.);
#5888=ADVANCED_FACE('',(#670),#259,.T.);
#5889=ADVANCED_FACE('',(#671),#5768,.T.);
#5890=ADVANCED_FACE('',(#672,#337),#425,.T.);
#5891=ADVANCED_FACE('',(#673),#5769,.F.);
#5892=ADVANCED_FACE('',(#674,#338),#426,.T.);
#5893=ADVANCED_FACE('',(#675),#260,.T.);
#5894=ADVANCED_FACE('',(#676),#5770,.T.);
#5895=ADVANCED_FACE('',(#677,#339),#427,.F.);
#5896=ADVANCED_FACE('',(#678),#186,.F.);
#5897=ADVANCED_FACE('',(#679),#187,.F.);
#5898=ADVANCED_FACE('',(#680),#5771,.T.);
#5899=ADVANCED_FACE('',(#681),#5772,.T.);
#5900=ADVANCED_FACE('',(#682,#340),#428,.T.);
#5901=ADVANCED_FACE('',(#683),#429,.F.);
#5902=ADVANCED_FACE('',(#684),#5773,.T.);
#5903=ADVANCED_FACE('',(#685),#5774,.T.);
#5904=ADVANCED_FACE('',(#686,#341),#430,.T.);
#5905=ADVANCED_FACE('',(#687),#431,.F.);
#5906=ADVANCED_FACE('',(#688),#5775,.T.);
#5907=ADVANCED_FACE('',(#689,#342,#343),#432,.T.);
#5908=ADVANCED_FACE('',(#690,#344,#345),#433,.F.);
#5909=ADVANCED_FACE('',(#691),#434,.F.);
#5910=ADVANCED_FACE('',(#692),#435,.F.);
#5911=ADVANCED_FACE('',(#693),#436,.F.);
#5912=ADVANCED_FACE('',(#694),#437,.F.);
#5913=ADVANCED_FACE('',(#695),#438,.F.);
#5914=ADVANCED_FACE('',(#696),#439,.F.);
#5915=ADVANCED_FACE('',(#697),#440,.F.);
#5916=ADVANCED_FACE('',(#698),#441,.F.);
#5917=ADVANCED_FACE('',(#699),#442,.T.);
#5918=ADVANCED_FACE('',(#700),#443,.T.);
#5919=ADVANCED_FACE('',(#701),#5776,.F.);
#5920=ADVANCED_FACE('',(#702),#444,.T.);
#5921=ADVANCED_FACE('',(#703),#5777,.F.);
#5922=ADVANCED_FACE('',(#704),#445,.T.);
#5923=ADVANCED_FACE('',(#705),#446,.F.);
#5924=ADVANCED_FACE('',(#706),#447,.F.);
#5925=ADVANCED_FACE('',(#707,#346),#448,.T.);
#5926=ADVANCED_FACE('',(#708),#449,.F.);
#5927=ADVANCED_FACE('',(#709),#450,.F.);
#5928=ADVANCED_FACE('',(#710,#347),#451,.T.);
#5929=ADVANCED_FACE('',(#711,#348),#452,.F.);
#5930=ADVANCED_FACE('',(#712),#453,.F.);
#5931=ADVANCED_FACE('',(#713,#349),#454,.F.);
#5932=ADVANCED_FACE('',(#714),#5778,.F.);
#5933=ADVANCED_FACE('',(#715),#5779,.F.);
#5934=ADVANCED_FACE('',(#716),#455,.T.);
#5935=ADVANCED_FACE('',(#717),#456,.T.);
#5936=ADVANCED_FACE('',(#718,#350,#351),#457,.T.);
#5937=ADVANCED_FACE('',(#719),#5780,.T.);
#5938=ADVANCED_FACE('',(#720),#458,.T.);
#5939=ADVANCED_FACE('',(#721),#459,.F.);
#5940=ADVANCED_FACE('',(#722),#5781,.T.);
#5941=ADVANCED_FACE('',(#723),#460,.T.);
#5942=ADVANCED_FACE('',(#724),#461,.F.);
#5943=ADVANCED_FACE('',(#725),#73,.T.);
#5944=ADVANCED_FACE('',(#726),#5782,.F.);
#5945=ADVANCED_FACE('',(#727,#352),#462,.F.);
#5946=ADVANCED_FACE('',(#728),#74,.T.);
#5947=ADVANCED_FACE('',(#729,#353),#463,.T.);
#5948=ADVANCED_FACE('',(#730),#5783,.T.);
#5949=ADVANCED_FACE('',(#731),#71,.T.);
#5950=ADVANCED_FACE('',(#732),#261,.F.);
#5951=ADVANCED_FACE('',(#733),#262,.F.);
#5952=ADVANCED_FACE('',(#734),#5784,.F.);
#5953=ADVANCED_FACE('',(#735),#5785,.T.);
#5954=ADVANCED_FACE('',(#736),#5786,.T.);
#5955=ADVANCED_FACE('',(#737),#5787,.T.);
#5956=ADVANCED_FACE('',(#738,#354,#355,#356,#357,#358,#359,#360,#361,#362,
#363,#364,#365,#366,#367,#368,#369,#370,#371,#372,#373,#374,#375,#376,#377,
#378,#379,#380,#381,#382,#383,#384,#385,#386,#387,#388,#389,#390,#391,#392,
#393,#394,#395,#396,#397,#398,#399,#400,#401,#402),#5788,.T.);
#5957=ADVANCED_FACE('',(#739),#263,.T.);
#5958=ADVANCED_FACE('',(#740),#5789,.T.);
#5959=ADVANCED_FACE('',(#741),#264,.T.);
#5960=ADVANCED_FACE('',(#742),#464,.T.);
#5961=ADVANCED_FACE('',(#743),#265,.T.);
#5962=ADVANCED_FACE('',(#744),#266,.T.);
#5963=ADVANCED_FACE('',(#745),#267,.T.);
#5964=ADVANCED_FACE('',(#746),#268,.T.);
#5965=ADVANCED_FACE('',(#747),#269,.T.);
#5966=ADVANCED_FACE('',(#748),#270,.T.);
#5967=ADVANCED_FACE('',(#749),#271,.T.);
#5968=ADVANCED_FACE('',(#750),#272,.T.);
#5969=ADVANCED_FACE('',(#751),#273,.T.);
#5970=ADVANCED_FACE('',(#752),#274,.T.);
#5971=ADVANCED_FACE('',(#753),#275,.T.);
#5972=ADVANCED_FACE('',(#754),#276,.T.);
#5973=ADVANCED_FACE('',(#755),#277,.T.);
#5974=ADVANCED_FACE('',(#756),#278,.T.);
#5975=ADVANCED_FACE('',(#757),#279,.T.);
#5976=ADVANCED_FACE('',(#758),#280,.T.);
#5977=ADVANCED_FACE('',(#759),#281,.T.);
#5978=ADVANCED_FACE('',(#760),#282,.T.);
#5979=ADVANCED_FACE('',(#761),#283,.T.);
#5980=ADVANCED_FACE('',(#762),#284,.T.);
#5981=ADVANCED_FACE('',(#763),#285,.T.);
#5982=ADVANCED_FACE('',(#764),#286,.T.);
#5983=ADVANCED_FACE('',(#765),#287,.T.);
#5984=ADVANCED_FACE('',(#766),#288,.T.);
#5985=ADVANCED_FACE('',(#767),#289,.T.);
#5986=ADVANCED_FACE('',(#768),#290,.T.);
#5987=ADVANCED_FACE('',(#769),#291,.T.);
#5988=ADVANCED_FACE('',(#770),#292,.T.);
#5989=ADVANCED_FACE('',(#771),#293,.T.);
#5990=ADVANCED_FACE('',(#772),#294,.T.);
#5991=ADVANCED_FACE('',(#773),#295,.T.);
#5992=ADVANCED_FACE('',(#774),#296,.T.);
#5993=ADVANCED_FACE('',(#775),#297,.T.);
#5994=ADVANCED_FACE('',(#776),#298,.T.);
#5995=ADVANCED_FACE('',(#777),#299,.T.);
#5996=ADVANCED_FACE('',(#778),#300,.T.);
#5997=ADVANCED_FACE('',(#779),#301,.T.);
#5998=ADVANCED_FACE('',(#780),#302,.T.);
#5999=ADVANCED_FACE('',(#781),#303,.T.);
#6000=ADVANCED_FACE('',(#782),#304,.T.);
#6001=ADVANCED_FACE('',(#783),#305,.T.);
#6002=ADVANCED_FACE('',(#784),#306,.T.);
#6003=ADVANCED_FACE('',(#785),#307,.T.);
#6004=ADVANCED_FACE('',(#786),#308,.T.);
#6005=ADVANCED_FACE('',(#787),#309,.T.);
#6006=ADVANCED_FACE('',(#788),#310,.T.);
#6007=ADVANCED_FACE('',(#789),#311,.T.);
#6008=ADVANCED_FACE('',(#790),#312,.T.);
#6009=ADVANCED_FACE('',(#791),#5790,.T.);
#6010=ADVANCED_FACE('',(#792),#5791,.T.);
#6011=ADVANCED_FACE('',(#793),#5792,.T.);
#6012=ADVANCED_FACE('',(#794),#5793,.T.);
#6013=ADVANCED_FACE('',(#795),#5794,.T.);
#6014=ADVANCED_FACE('',(#796),#5795,.T.);
#6015=ADVANCED_FACE('',(#797),#5796,.T.);
#6016=ADVANCED_FACE('',(#798),#5797,.T.);
#6017=ADVANCED_FACE('',(#799),#5798,.T.);
#6018=ADVANCED_FACE('',(#800),#5799,.T.);
#6019=ADVANCED_FACE('',(#801),#5800,.T.);
#6020=ADVANCED_FACE('',(#802),#5801,.T.);
#6021=ADVANCED_FACE('',(#803),#5802,.T.);
#6022=ADVANCED_FACE('',(#804),#5803,.T.);
#6023=ADVANCED_FACE('',(#805),#5804,.T.);
#6024=ADVANCED_FACE('',(#806),#5805,.T.);
#6025=ADVANCED_FACE('',(#807),#5806,.T.);
#6026=ADVANCED_FACE('',(#808),#5807,.T.);
#6027=ADVANCED_FACE('',(#809),#5808,.T.);
#6028=ADVANCED_FACE('',(#810),#5809,.T.);
#6029=ADVANCED_FACE('',(#811),#5810,.T.);
#6030=ADVANCED_FACE('',(#812),#5811,.T.);
#6031=ADVANCED_FACE('',(#813),#5812,.T.);
#6032=ADVANCED_FACE('',(#814),#5813,.T.);
#6033=ADVANCED_FACE('',(#815),#5814,.T.);
#6034=ADVANCED_FACE('',(#816),#5815,.T.);
#6035=ADVANCED_FACE('',(#817),#5816,.T.);
#6036=ADVANCED_FACE('',(#818),#5817,.T.);
#6037=ADVANCED_FACE('',(#819),#5818,.T.);
#6038=ADVANCED_FACE('',(#820),#5819,.T.);
#6039=ADVANCED_FACE('',(#821),#5820,.T.);
#6040=ADVANCED_FACE('',(#822),#5821,.T.);
#6041=ADVANCED_FACE('',(#823),#5822,.T.);
#6042=ADVANCED_FACE('',(#824),#5823,.T.);
#6043=ADVANCED_FACE('',(#825),#5824,.T.);
#6044=ADVANCED_FACE('',(#826),#5825,.T.);
#6045=ADVANCED_FACE('',(#827),#5826,.T.);
#6046=ADVANCED_FACE('',(#828),#5827,.T.);
#6047=ADVANCED_FACE('',(#829),#5828,.T.);
#6048=ADVANCED_FACE('',(#830),#5829,.T.);
#6049=ADVANCED_FACE('',(#831),#5830,.T.);
#6050=ADVANCED_FACE('',(#832),#5831,.T.);
#6051=ADVANCED_FACE('',(#833),#5832,.T.);
#6052=ADVANCED_FACE('',(#834),#5833,.T.);
#6053=ADVANCED_FACE('',(#835),#5834,.T.);
#6054=ADVANCED_FACE('',(#836),#5835,.T.);
#6055=ADVANCED_FACE('',(#837),#5836,.T.);
#6056=ADVANCED_FACE('',(#838),#5837,.T.);
#6057=ADVANCED_FACE('',(#839),#465,.F.);
#6058=ADVANCED_FACE('',(#840),#466,.F.);
#6059=ADVANCED_FACE('',(#841),#467,.F.);
#6060=ADVANCED_FACE('',(#842),#468,.F.);
#6061=ADVANCED_FACE('',(#843),#469,.F.);
#6062=ADVANCED_FACE('',(#844),#470,.F.);
#6063=ADVANCED_FACE('',(#845),#471,.F.);
#6064=ADVANCED_FACE('',(#846),#472,.F.);
#6065=ADVANCED_FACE('',(#847),#473,.F.);
#6066=ADVANCED_FACE('',(#848),#474,.F.);
#6067=ADVANCED_FACE('',(#849),#475,.F.);
#6068=ADVANCED_FACE('',(#850),#476,.F.);
#6069=ADVANCED_FACE('',(#851),#477,.F.);
#6070=ADVANCED_FACE('',(#852),#478,.F.);
#6071=ADVANCED_FACE('',(#853),#479,.F.);
#6072=ADVANCED_FACE('',(#854),#480,.F.);
#6073=ADVANCED_FACE('',(#855),#481,.F.);
#6074=ADVANCED_FACE('',(#856),#482,.F.);
#6075=ADVANCED_FACE('',(#857),#483,.F.);
#6076=ADVANCED_FACE('',(#858),#484,.F.);
#6077=ADVANCED_FACE('',(#859),#485,.F.);
#6078=ADVANCED_FACE('',(#860),#486,.F.);
#6079=ADVANCED_FACE('',(#861),#487,.F.);
#6080=ADVANCED_FACE('',(#862),#488,.F.);
#6081=ADVANCED_FACE('',(#863),#489,.F.);
#6082=ADVANCED_FACE('',(#864),#490,.F.);
#6083=ADVANCED_FACE('',(#865),#491,.F.);
#6084=ADVANCED_FACE('',(#866),#492,.F.);
#6085=ADVANCED_FACE('',(#867),#493,.F.);
#6086=ADVANCED_FACE('',(#868),#494,.F.);
#6087=ADVANCED_FACE('',(#869),#495,.F.);
#6088=ADVANCED_FACE('',(#870),#496,.F.);
#6089=ADVANCED_FACE('',(#871),#497,.F.);
#6090=ADVANCED_FACE('',(#872),#498,.F.);
#6091=ADVANCED_FACE('',(#873),#499,.F.);
#6092=ADVANCED_FACE('',(#874),#500,.F.);
#6093=ADVANCED_FACE('',(#875),#501,.F.);
#6094=ADVANCED_FACE('',(#876),#502,.F.);
#6095=ADVANCED_FACE('',(#877),#503,.F.);
#6096=ADVANCED_FACE('',(#878),#504,.F.);
#6097=ADVANCED_FACE('',(#879),#505,.F.);
#6098=ADVANCED_FACE('',(#880),#506,.F.);
#6099=ADVANCED_FACE('',(#881),#507,.F.);
#6100=ADVANCED_FACE('',(#882),#508,.F.);
#6101=ADVANCED_FACE('',(#883),#509,.F.);
#6102=ADVANCED_FACE('',(#884),#510,.F.);
#6103=ADVANCED_FACE('',(#885),#511,.F.);
#6104=ADVANCED_FACE('',(#886),#512,.F.);
#6105=ADVANCED_FACE('',(#887),#513,.F.);
#6106=ADVANCED_FACE('',(#888),#313,.T.);
#6107=ADVANCED_FACE('',(#889),#5838,.T.);
#6108=ADVANCED_FACE('',(#890),#514,.F.);
#6109=ADVANCED_FACE('',(#891,#403),#515,.F.);
#6110=ADVANCED_FACE('',(#892,#404),#516,.F.);
#6111=ADVANCED_FACE('',(#893),#517,.F.);
#6112=ADVANCED_FACE('',(#894),#518,.F.);
#6113=ADVANCED_FACE('',(#895),#519,.F.);
#6114=ADVANCED_FACE('',(#896),#520,.F.);
#6115=ADVANCED_FACE('',(#897),#521,.F.);
#6116=ADVANCED_FACE('',(#898),#522,.F.);
#6117=ADVANCED_FACE('',(#899),#523,.F.);
#6118=ADVANCED_FACE('',(#900),#524,.F.);
#6119=ADVANCED_FACE('',(#901),#525,.F.);
#6120=ADVANCED_FACE('',(#902),#526,.F.);
#6121=ADVANCED_FACE('',(#903),#527,.F.);
#6122=ADVANCED_FACE('',(#904),#528,.F.);
#6123=ADVANCED_FACE('',(#905),#529,.F.);
#6124=ADVANCED_FACE('',(#906),#530,.F.);
#6125=ADVANCED_FACE('',(#907),#531,.F.);
#6126=ADVANCED_FACE('',(#908),#532,.F.);
#6127=ADVANCED_FACE('',(#909),#533,.F.);
#6128=ADVANCED_FACE('',(#910),#534,.F.);
#6129=ADVANCED_FACE('',(#911),#535,.F.);
#6130=ADVANCED_FACE('',(#912),#536,.F.);
#6131=ADVANCED_FACE('',(#913),#537,.F.);
#6132=ADVANCED_FACE('',(#914),#538,.F.);
#6133=ADVANCED_FACE('',(#915),#539,.F.);
#6134=ADVANCED_FACE('',(#916),#540,.F.);
#6135=ADVANCED_FACE('',(#917),#541,.F.);
#6136=ADVANCED_FACE('',(#918),#542,.F.);
#6137=ADVANCED_FACE('',(#919),#543,.F.);
#6138=ADVANCED_FACE('',(#920),#544,.F.);
#6139=ADVANCED_FACE('',(#921),#545,.F.);
#6140=ADVANCED_FACE('',(#922),#546,.F.);
#6141=ADVANCED_FACE('',(#923),#547,.F.);
#6142=ADVANCED_FACE('',(#924),#548,.F.);
#6143=ADVANCED_FACE('',(#925),#549,.F.);
#6144=ADVANCED_FACE('',(#926),#550,.F.);
#6145=ADVANCED_FACE('',(#927),#551,.F.);
#6146=ADVANCED_FACE('',(#928),#552,.F.);
#6147=ADVANCED_FACE('',(#929),#553,.F.);
#6148=ADVANCED_FACE('',(#930),#554,.F.);
#6149=ADVANCED_FACE('',(#931),#555,.F.);
#6150=ADVANCED_FACE('',(#932),#556,.F.);
#6151=ADVANCED_FACE('',(#933),#557,.F.);
#6152=ADVANCED_FACE('',(#934),#558,.F.);
#6153=ADVANCED_FACE('',(#935),#559,.F.);
#6154=ADVANCED_FACE('',(#936),#560,.F.);
#6155=ADVANCED_FACE('',(#937),#561,.F.);
#6156=ADVANCED_FACE('',(#938),#562,.F.);
#6157=ADVANCED_FACE('',(#939),#563,.F.);
#6158=ADVANCED_FACE('',(#940),#564,.F.);
#6159=ADVANCED_FACE('',(#941),#565,.F.);
#6160=ADVANCED_FACE('',(#942),#566,.F.);
#6161=ADVANCED_FACE('',(#943),#567,.F.);
#6162=ADVANCED_FACE('',(#944),#568,.F.);
#6163=ADVANCED_FACE('',(#945),#569,.F.);
#6164=ADVANCED_FACE('',(#946),#570,.F.);
#6165=ADVANCED_FACE('',(#947),#571,.F.);
#6166=ADVANCED_FACE('',(#948),#572,.F.);
#6167=ADVANCED_FACE('',(#949),#573,.F.);
#6168=ADVANCED_FACE('',(#950),#574,.F.);
#6169=ADVANCED_FACE('',(#951),#575,.F.);
#6170=ADVANCED_FACE('',(#952),#576,.F.);
#6171=ADVANCED_FACE('',(#953),#577,.F.);
#6172=ADVANCED_FACE('',(#954),#578,.F.);
#6173=ADVANCED_FACE('',(#955),#579,.F.);
#6174=ADVANCED_FACE('',(#956),#580,.F.);
#6175=ADVANCED_FACE('',(#957),#581,.F.);
#6176=ADVANCED_FACE('',(#958),#582,.F.);
#6177=ADVANCED_FACE('',(#959),#583,.F.);
#6178=ADVANCED_FACE('',(#960),#584,.F.);
#6179=ADVANCED_FACE('',(#961),#585,.F.);
#6180=ADVANCED_FACE('',(#962),#586,.F.);
#6181=ADVANCED_FACE('',(#963),#587,.F.);
#6182=ADVANCED_FACE('',(#964),#588,.F.);
#6183=ADVANCED_FACE('',(#965),#589,.F.);
#6184=ADVANCED_FACE('',(#966),#590,.F.);
#6185=ADVANCED_FACE('',(#967),#591,.F.);
#6186=ADVANCED_FACE('',(#968),#592,.F.);
#6187=ADVANCED_FACE('',(#969),#593,.F.);
#6188=ADVANCED_FACE('',(#970),#594,.F.);
#6189=ADVANCED_FACE('',(#971),#595,.F.);
#6190=ADVANCED_FACE('',(#972),#596,.F.);
#6191=ADVANCED_FACE('',(#973),#597,.F.);
#6192=ADVANCED_FACE('',(#974),#598,.F.);
#6193=ADVANCED_FACE('',(#975),#599,.F.);
#6194=ADVANCED_FACE('',(#976),#600,.F.);
#6195=ADVANCED_FACE('',(#977),#601,.F.);
#6196=ADVANCED_FACE('',(#978),#602,.F.);
#6197=ADVANCED_FACE('',(#979),#603,.F.);
#6198=ADVANCED_FACE('',(#980),#604,.F.);
#6199=ADVANCED_FACE('',(#981),#605,.F.);
#6200=ADVANCED_FACE('',(#982),#606,.F.);
#6201=ADVANCED_FACE('',(#983),#607,.F.);
#6202=ADVANCED_FACE('',(#984),#608,.F.);
#6203=ADVANCED_FACE('',(#985),#609,.F.);
#6204=ADVANCED_FACE('',(#986),#610,.F.);
#6205=ADVANCED_FACE('',(#987),#611,.F.);
#6206=ADVANCED_FACE('',(#988),#612,.F.);
#6207=ADVANCED_FACE('',(#989),#613,.F.);
#6208=ADVANCED_FACE('',(#990),#614,.F.);
#6209=ADVANCED_FACE('',(#991),#615,.F.);
#6210=ADVANCED_FACE('',(#992),#616,.F.);
#6211=ADVANCED_FACE('',(#993),#617,.F.);
#6212=ADVANCED_FACE('',(#994,#405),#618,.F.);
#6213=ADVANCED_FACE('',(#995,#406),#619,.F.);
#6214=ADVANCED_FACE('',(#996),#5839,.F.);
#6215=ADVANCED_FACE('',(#997),#620,.T.);
#6216=ADVANCED_FACE('',(#998,#407),#621,.T.);
#6217=CLOSED_SHELL('',(#5840,#5841,#5842,#5843,#5844,#5845,#5846,#5847,
#5848,#5849,#5850,#5851,#5852,#5853,#5854,#5855));
#6218=CLOSED_SHELL('',(#5856,#5857,#5858,#5859,#5860,#5861,#5862,#5863,
#5864,#5865,#5866,#5867));
#6219=CLOSED_SHELL('',(#5868,#5869,#5870,#5871,#5872,#5873,#5874,#5875,
#5876,#5877,#5878,#5879,#5880,#5881,#5882,#5883,#5884,#5885,#5886,#5887,
#5888,#5889,#5890,#5891,#5892,#5893,#5894,#5895));
#6220=CLOSED_SHELL('',(#5896,#5897,#5898,#5899,#5900,#5901,#5902,#5903,
#5904,#5905,#5906,#5907,#5908));
#6221=CLOSED_SHELL('',(#5909,#5910,#5911,#5912,#5913,#5914,#5915,#5916,
#5917,#5918,#5919,#5920,#5921,#5922,#5923,#5924,#5925,#5926,#5927,#5928,
#5929,#5930,#5931,#5932,#5933,#5934,#5935,#5936));
#6222=CLOSED_SHELL('',(#5937,#5938,#5939));
#6223=CLOSED_SHELL('',(#5940,#5941,#5942));
#6224=CLOSED_SHELL('',(#5943,#5944,#5945,#5946,#5947));
#6225=CLOSED_SHELL('',(#5948,#5949,#5950,#5951,#5952,#5953,#5954,#5955,
#5956,#5957,#5958,#5959,#5960,#5961,#5962,#5963,#5964,#5965,#5966,#5967,
#5968,#5969,#5970,#5971,#5972,#5973,#5974,#5975,#5976,#5977,#5978,#5979,
#5980,#5981,#5982,#5983,#5984,#5985,#5986,#5987,#5988,#5989,#5990,#5991,
#5992,#5993,#5994,#5995,#5996,#5997,#5998,#5999,#6000,#6001,#6002,#6003,
#6004,#6005,#6006,#6007,#6008,#6009,#6010,#6011,#6012,#6013,#6014,#6015,
#6016,#6017,#6018,#6019,#6020,#6021,#6022,#6023,#6024,#6025,#6026,#6027,
#6028,#6029,#6030,#6031,#6032,#6033,#6034,#6035,#6036,#6037,#6038,#6039,
#6040,#6041,#6042,#6043,#6044,#6045,#6046,#6047,#6048,#6049,#6050,#6051,
#6052,#6053,#6054,#6055,#6056,#6057,#6058,#6059,#6060,#6061,#6062,#6063,
#6064,#6065,#6066,#6067,#6068,#6069,#6070,#6071,#6072,#6073,#6074,#6075,
#6076,#6077,#6078,#6079,#6080,#6081,#6082,#6083,#6084,#6085,#6086,#6087,
#6088,#6089,#6090,#6091,#6092,#6093,#6094,#6095,#6096,#6097,#6098,#6099,
#6100,#6101,#6102,#6103,#6104,#6105,#6106,#6107,#6108,#6109,#6110,#6111,
#6112,#6113,#6114,#6115,#6116,#6117,#6118,#6119,#6120,#6121,#6122,#6123,
#6124,#6125,#6126,#6127,#6128,#6129,#6130,#6131,#6132,#6133,#6134,#6135,
#6136,#6137,#6138,#6139,#6140,#6141,#6142,#6143,#6144,#6145,#6146,#6147,
#6148,#6149,#6150,#6151,#6152,#6153,#6154,#6155,#6156,#6157,#6158,#6159,
#6160,#6161,#6162,#6163,#6164,#6165,#6166,#6167,#6168,#6169,#6170,#6171,
#6172,#6173,#6174,#6175,#6176,#6177,#6178,#6179,#6180,#6181,#6182,#6183,
#6184,#6185,#6186,#6187,#6188,#6189,#6190,#6191,#6192,#6193,#6194,#6195,
#6196,#6197,#6198,#6199,#6200,#6201,#6202,#6203,#6204,#6205,#6206,#6207,
#6208,#6209,#6210,#6211,#6212,#6213,#6214,#6215,#6216));
#6226=DERIVED_UNIT_ELEMENT(#6242,1.);
#6227=DERIVED_UNIT_ELEMENT(#14096,-3.);
#6228=DERIVED_UNIT_ELEMENT(#6242,1.);
#6229=DERIVED_UNIT_ELEMENT(#14096,-3.);
#6230=DERIVED_UNIT_ELEMENT(#6242,1.);
#6231=DERIVED_UNIT_ELEMENT(#14096,-3.);
#6232=DERIVED_UNIT_ELEMENT(#6242,1.);
#6233=DERIVED_UNIT_ELEMENT(#14096,-3.);
#6234=DERIVED_UNIT_ELEMENT(#6242,1.);
#6235=DERIVED_UNIT_ELEMENT(#14096,-3.);
#6236=DERIVED_UNIT_ELEMENT(#6242,1.);
#6237=DERIVED_UNIT_ELEMENT(#14096,-3.);
#6238=DERIVED_UNIT_ELEMENT(#6242,1.);
#6239=DERIVED_UNIT_ELEMENT(#14096,-3.);
#6240=DERIVED_UNIT_ELEMENT(#6242,1.);
#6241=DERIVED_UNIT_ELEMENT(#14096,-3.);
#6242=(
MASS_UNIT()
NAMED_UNIT(*)
SI_UNIT(.KILO.,.GRAM.)
);
#6243=DERIVED_UNIT((#6226,#6227));
#6244=DERIVED_UNIT((#6228,#6229));
#6245=DERIVED_UNIT((#6230,#6231));
#6246=DERIVED_UNIT((#6232,#6233));
#6247=DERIVED_UNIT((#6234,#6235));
#6248=DERIVED_UNIT((#6236,#6237));
#6249=DERIVED_UNIT((#6238,#6239));
#6250=DERIVED_UNIT((#6240,#6241));
#6251=MEASURE_REPRESENTATION_ITEM('density measure',
POSITIVE_RATIO_MEASURE(7850.),#6243);
#6252=MEASURE_REPRESENTATION_ITEM('density measure',
POSITIVE_RATIO_MEASURE(7850.),#6244);
#6253=MEASURE_REPRESENTATION_ITEM('density measure',
POSITIVE_RATIO_MEASURE(7850.),#6245);
#6254=MEASURE_REPRESENTATION_ITEM('density measure',
POSITIVE_RATIO_MEASURE(7850.),#6246);
#6255=MEASURE_REPRESENTATION_ITEM('density measure',
POSITIVE_RATIO_MEASURE(7850.),#6247);
#6256=MEASURE_REPRESENTATION_ITEM('density measure',
POSITIVE_RATIO_MEASURE(7850.),#6248);
#6257=MEASURE_REPRESENTATION_ITEM('density measure',
POSITIVE_RATIO_MEASURE(7850.),#6249);
#6258=MEASURE_REPRESENTATION_ITEM('density measure',
POSITIVE_RATIO_MEASURE(7850.),#6250);
#6259=PROPERTY_DEFINITION_REPRESENTATION(#6299,#6275);
#6260=PROPERTY_DEFINITION_REPRESENTATION(#6300,#6276);
#6261=PROPERTY_DEFINITION_REPRESENTATION(#6301,#6277);
#6262=PROPERTY_DEFINITION_REPRESENTATION(#6302,#6278);
#6263=PROPERTY_DEFINITION_REPRESENTATION(#6303,#6279);
#6264=PROPERTY_DEFINITION_REPRESENTATION(#6304,#6280);
#6265=PROPERTY_DEFINITION_REPRESENTATION(#6305,#6281);
#6266=PROPERTY_DEFINITION_REPRESENTATION(#6306,#6282);
#6267=PROPERTY_DEFINITION_REPRESENTATION(#6307,#6283);
#6268=PROPERTY_DEFINITION_REPRESENTATION(#6308,#6284);
#6269=PROPERTY_DEFINITION_REPRESENTATION(#6309,#6285);
#6270=PROPERTY_DEFINITION_REPRESENTATION(#6310,#6286);
#6271=PROPERTY_DEFINITION_REPRESENTATION(#6311,#6287);
#6272=PROPERTY_DEFINITION_REPRESENTATION(#6312,#6288);
#6273=PROPERTY_DEFINITION_REPRESENTATION(#6313,#6289);
#6274=PROPERTY_DEFINITION_REPRESENTATION(#6314,#6290);
#6275=REPRESENTATION('material name',(#6291),#14086);
#6276=REPRESENTATION('density',(#6251),#14086);
#6277=REPRESENTATION('material name',(#6292),#14087);
#6278=REPRESENTATION('density',(#6252),#14087);
#6279=REPRESENTATION('material name',(#6293),#14088);
#6280=REPRESENTATION('density',(#6253),#14088);
#6281=REPRESENTATION('material name',(#6294),#14089);
#6282=REPRESENTATION('density',(#6254),#14089);
#6283=REPRESENTATION('material name',(#6295),#14090);
#6284=REPRESENTATION('density',(#6255),#14090);
#6285=REPRESENTATION('material name',(#6296),#14091);
#6286=REPRESENTATION('density',(#6256),#14091);
#6287=REPRESENTATION('material name',(#6297),#14092);
#6288=REPRESENTATION('density',(#6257),#14092);
#6289=REPRESENTATION('material name',(#6298),#14093);
#6290=REPRESENTATION('density',(#6258),#14093);
#6291=DESCRIPTIVE_REPRESENTATION_ITEM('Steel','Steel');
#6292=DESCRIPTIVE_REPRESENTATION_ITEM('Steel','Steel');
#6293=DESCRIPTIVE_REPRESENTATION_ITEM('Steel','Steel');
#6294=DESCRIPTIVE_REPRESENTATION_ITEM('Steel','Steel');
#6295=DESCRIPTIVE_REPRESENTATION_ITEM('Steel','Steel');
#6296=DESCRIPTIVE_REPRESENTATION_ITEM('Steel','Steel');
#6297=DESCRIPTIVE_REPRESENTATION_ITEM('Steel','Steel');
#6298=DESCRIPTIVE_REPRESENTATION_ITEM('Steel','Steel');
#6299=PROPERTY_DEFINITION('material property','material name',#14143);
#6300=PROPERTY_DEFINITION('material property','density of part',#14143);
#6301=PROPERTY_DEFINITION('material property','material name',#14144);
#6302=PROPERTY_DEFINITION('material property','density of part',#14144);
#6303=PROPERTY_DEFINITION('material property','material name',#14145);
#6304=PROPERTY_DEFINITION('material property','density of part',#14145);
#6305=PROPERTY_DEFINITION('material property','material name',#14146);
#6306=PROPERTY_DEFINITION('material property','density of part',#14146);
#6307=PROPERTY_DEFINITION('material property','material name',#14147);
#6308=PROPERTY_DEFINITION('material property','density of part',#14147);
#6309=PROPERTY_DEFINITION('material property','material name',#14148);
#6310=PROPERTY_DEFINITION('material property','density of part',#14148);
#6311=PROPERTY_DEFINITION('material property','material name',#14149);
#6312=PROPERTY_DEFINITION('material property','density of part',#14149);
#6313=PROPERTY_DEFINITION('material property','material name',#14150);
#6314=PROPERTY_DEFINITION('material property','density of part',#14150);
#6315=AXIS2_PLACEMENT_3D('',#8889,#7032,#7033);
#6316=AXIS2_PLACEMENT_3D('',#8890,#7034,#7035);
#6317=AXIS2_PLACEMENT_3D('',#8891,#7036,#7037);
#6318=AXIS2_PLACEMENT_3D('',#8893,#7038,#7039);
#6319=AXIS2_PLACEMENT_3D('',#8896,#7041,#7042);
#6320=AXIS2_PLACEMENT_3D('',#8897,#7043,#7044);
#6321=AXIS2_PLACEMENT_3D('',#8899,#7045,#7046);
#6322=AXIS2_PLACEMENT_3D('',#8902,#7048,#7049);
#6323=AXIS2_PLACEMENT_3D('',#8903,#7050,#7051);
#6324=AXIS2_PLACEMENT_3D('',#8905,#7052,#7053);
#6325=AXIS2_PLACEMENT_3D('',#8908,#7055,#7056);
#6326=AXIS2_PLACEMENT_3D('',#8909,#7057,#7058);
#6327=AXIS2_PLACEMENT_3D('',#8911,#7059,#7060);
#6328=AXIS2_PLACEMENT_3D('',#8914,#7062,#7063);
#6329=AXIS2_PLACEMENT_3D('',#8915,#7064,#7065);
#6330=AXIS2_PLACEMENT_3D('',#8917,#7066,#7067);
#6331=AXIS2_PLACEMENT_3D('',#8920,#7069,#7070);
#6332=AXIS2_PLACEMENT_3D('',#8921,#7071,#7072);
#6333=AXIS2_PLACEMENT_3D('',#8922,#7073,#7074);
#6334=AXIS2_PLACEMENT_3D('',#8924,#7075,#7076);
#6335=AXIS2_PLACEMENT_3D('',#8927,#7078,#7079);
#6336=AXIS2_PLACEMENT_3D('',#8928,#7080,#7081);
#6337=AXIS2_PLACEMENT_3D('',#8929,#7082,#7083);
#6338=AXIS2_PLACEMENT_3D('',#8931,#7084,#7085);
#6339=AXIS2_PLACEMENT_3D('',#8932,#7086,#7087);
#6340=AXIS2_PLACEMENT_3D('',#8935,#7089,#7090);
#6341=AXIS2_PLACEMENT_3D('',#8936,#7091,#7092);
#6342=AXIS2_PLACEMENT_3D('',#8938,#7093,#7094);
#6343=AXIS2_PLACEMENT_3D('',#8941,#7096,#7097);
#6344=AXIS2_PLACEMENT_3D('',#8942,#7098,#7099);
#6345=AXIS2_PLACEMENT_3D('',#8944,#7100,#7101);
#6346=AXIS2_PLACEMENT_3D('',#8947,#7103,#7104);
#6347=AXIS2_PLACEMENT_3D('',#8948,#7105,#7106);
#6348=AXIS2_PLACEMENT_3D('',#8949,#7107,#7108);
#6349=AXIS2_PLACEMENT_3D('',#8951,#7109,#7110);
#6350=AXIS2_PLACEMENT_3D('',#8952,#7111,#7112);
#6351=AXIS2_PLACEMENT_3D('',#8954,#7114,#7115);
#6352=AXIS2_PLACEMENT_3D('',#8955,#7116,#7117);
#6353=AXIS2_PLACEMENT_3D('',#8956,#7118,#7119);
#6354=AXIS2_PLACEMENT_3D('',#8958,#7120,#7121);
#6355=AXIS2_PLACEMENT_3D('',#8960,#7122,#7123);
#6356=AXIS2_PLACEMENT_3D('',#8961,#7124,#7125);
#6357=AXIS2_PLACEMENT_3D('',#8962,#7126,#7127);
#6358=AXIS2_PLACEMENT_3D('',#8964,#7128,#7129);
#6359=AXIS2_PLACEMENT_3D('',#8965,#7130,#7131);
#6360=AXIS2_PLACEMENT_3D('',#8967,#7132,#7133);
#6361=AXIS2_PLACEMENT_3D('',#8968,#7134,#7135);
#6362=AXIS2_PLACEMENT_3D('',#8969,#7136,#7137);
#6363=AXIS2_PLACEMENT_3D('',#8971,#7138,#7139);
#6364=AXIS2_PLACEMENT_3D('',#8972,#7140,#7141);
#6365=AXIS2_PLACEMENT_3D('',#8974,#7142,#7143);
#6366=AXIS2_PLACEMENT_3D('',#8975,#7144,#7145);
#6367=AXIS2_PLACEMENT_3D('',#8976,#7146,#7147);
#6368=AXIS2_PLACEMENT_3D('',#8978,#7148,#7149);
#6369=AXIS2_PLACEMENT_3D('',#8979,#7150,#7151);
#6370=AXIS2_PLACEMENT_3D('',#8981,#7152,#7153);
#6371=AXIS2_PLACEMENT_3D('',#8982,#7154,#7155);
#6372=AXIS2_PLACEMENT_3D('',#8984,#7156,#7157);
#6373=AXIS2_PLACEMENT_3D('',#8986,#7159,#7160);
#6374=AXIS2_PLACEMENT_3D('',#8988,#7161,#7162);
#6375=AXIS2_PLACEMENT_3D('',#8990,#7163,#7164);
#6376=AXIS2_PLACEMENT_3D('',#8991,#7165,#7166);
#6377=AXIS2_PLACEMENT_3D('',#8993,#7167,#7168);
#6378=AXIS2_PLACEMENT_3D('',#8995,#7170,#7171);
#6379=AXIS2_PLACEMENT_3D('',#8997,#7173,#7174);
#6380=AXIS2_PLACEMENT_3D('',#8998,#7175,#7176);
#6381=AXIS2_PLACEMENT_3D('',#8999,#7177,#7178);
#6382=AXIS2_PLACEMENT_3D('',#9002,#7179,#7180);
#6383=AXIS2_PLACEMENT_3D('',#9004,#7181,#7182);
#6384=AXIS2_PLACEMENT_3D('',#9007,#7184,#7185);
#6385=AXIS2_PLACEMENT_3D('',#9008,#7186,#7187);
#6386=AXIS2_PLACEMENT_3D('',#9009,#7188,#7189);
#6387=AXIS2_PLACEMENT_3D('',#9011,#7190,#7191);
#6388=AXIS2_PLACEMENT_3D('',#9014,#7193,#7194);
#6389=AXIS2_PLACEMENT_3D('',#9016,#7195,#7196);
#6390=AXIS2_PLACEMENT_3D('',#9017,#7197,#7198);
#6391=AXIS2_PLACEMENT_3D('',#9018,#7199,#7200);
#6392=AXIS2_PLACEMENT_3D('',#9019,#7201,#7202);
#6393=AXIS2_PLACEMENT_3D('',#9022,#7203,#7204);
#6394=AXIS2_PLACEMENT_3D('',#9024,#7205,#7206);
#6395=AXIS2_PLACEMENT_3D('',#9027,#7208,#7209);
#6396=AXIS2_PLACEMENT_3D('',#9029,#7210,#7211);
#6397=AXIS2_PLACEMENT_3D('',#9030,#7212,#7213);
#6398=AXIS2_PLACEMENT_3D('',#9031,#7214,#7215);
#6399=AXIS2_PLACEMENT_3D('',#9033,#7216,#7217);
#6400=AXIS2_PLACEMENT_3D('',#9036,#7219,#7220);
#6401=AXIS2_PLACEMENT_3D('',#9037,#7221,#7222);
#6402=AXIS2_PLACEMENT_3D('',#9038,#7223,#7224);
#6403=AXIS2_PLACEMENT_3D('',#9039,#7225,#7226);
#6404=AXIS2_PLACEMENT_3D('',#9041,#7227,#7228);
#6405=AXIS2_PLACEMENT_3D('',#9044,#7230,#7231);
#6406=AXIS2_PLACEMENT_3D('',#9045,#7232,#7233);
#6407=AXIS2_PLACEMENT_3D('',#9046,#7234,#7235);
#6408=AXIS2_PLACEMENT_3D('',#9049,#7237,#7238);
#6409=AXIS2_PLACEMENT_3D('',#9050,#7239,#7240);
#6410=AXIS2_PLACEMENT_3D('',#9053,#7242,#7243);
#6411=AXIS2_PLACEMENT_3D('',#9054,#7244,#7245);
#6412=AXIS2_PLACEMENT_3D('',#9055,#7246,#7247);
#6413=AXIS2_PLACEMENT_3D('',#9057,#7248,#7249);
#6414=AXIS2_PLACEMENT_3D('',#9060,#7251,#7252);
#6415=AXIS2_PLACEMENT_3D('',#9061,#7253,#7254);
#6416=AXIS2_PLACEMENT_3D('',#9062,#7255,#7256);
#6417=AXIS2_PLACEMENT_3D('',#9065,#7258,#7259);
#6418=AXIS2_PLACEMENT_3D('',#9066,#7260,#7261);
#6419=AXIS2_PLACEMENT_3D('',#9069,#7263,#7264);
#6420=AXIS2_PLACEMENT_3D('',#9070,#7265,#7266);
#6421=AXIS2_PLACEMENT_3D('',#9071,#7267,#7268);
#6422=AXIS2_PLACEMENT_3D('',#9074,#7270,#7271);
#6423=AXIS2_PLACEMENT_3D('',#9075,#7272,#7273);
#6424=AXIS2_PLACEMENT_3D('',#9077,#7274,#7275);
#6425=AXIS2_PLACEMENT_3D('',#9079,#7277,#7278);
#6426=AXIS2_PLACEMENT_3D('',#9082,#7280,#7281);
#6427=AXIS2_PLACEMENT_3D('',#9083,#7282,#7283);
#6428=AXIS2_PLACEMENT_3D('',#9085,#7284,#7285);
#6429=AXIS2_PLACEMENT_3D('',#9087,#7287,#7288);
#6430=AXIS2_PLACEMENT_3D('',#9089,#7289,#7290);
#6431=AXIS2_PLACEMENT_3D('',#9092,#7292,#7293);
#6432=AXIS2_PLACEMENT_3D('',#9093,#7294,#7295);
#6433=AXIS2_PLACEMENT_3D('',#9094,#7296,#7297);
#6434=AXIS2_PLACEMENT_3D('',#9097,#7299,#7300);
#6435=AXIS2_PLACEMENT_3D('',#9098,#7301,#7302);
#6436=AXIS2_PLACEMENT_3D('',#9101,#7304,#7305);
#6437=AXIS2_PLACEMENT_3D('',#9102,#7306,#7307);
#6438=AXIS2_PLACEMENT_3D('',#9103,#7308,#7309);
#6439=AXIS2_PLACEMENT_3D('',#9105,#7310,#7311);
#6440=AXIS2_PLACEMENT_3D('',#9108,#7313,#7314);
#6441=AXIS2_PLACEMENT_3D('',#9109,#7315,#7316);
#6442=AXIS2_PLACEMENT_3D('',#9110,#7317,#7318);
#6443=AXIS2_PLACEMENT_3D('',#9113,#7320,#7321);
#6444=AXIS2_PLACEMENT_3D('',#9114,#7322,#7323);
#6445=AXIS2_PLACEMENT_3D('',#9117,#7325,#7326);
#6446=AXIS2_PLACEMENT_3D('',#9118,#7327,#7328);
#6447=AXIS2_PLACEMENT_3D('',#9119,#7329,#7330);
#6448=AXIS2_PLACEMENT_3D('',#9139,#7331,#7332);
#6449=AXIS2_PLACEMENT_3D('',#9144,#7333,#7334);
#6450=AXIS2_PLACEMENT_3D('',#9145,#7335,#7336);
#6451=AXIS2_PLACEMENT_3D('',#9167,#7337,#7338);
#6452=AXIS2_PLACEMENT_3D('',#9168,#7339,#7340);
#6453=AXIS2_PLACEMENT_3D('',#9170,#7341,#7342);
#6454=AXIS2_PLACEMENT_3D('',#9173,#7344,#7345);
#6455=AXIS2_PLACEMENT_3D('',#9174,#7346,#7347);
#6456=AXIS2_PLACEMENT_3D('',#9176,#7348,#7349);
#6457=AXIS2_PLACEMENT_3D('',#9179,#7351,#7352);
#6458=AXIS2_PLACEMENT_3D('',#9180,#7353,#7354);
#6459=AXIS2_PLACEMENT_3D('',#9181,#7355,#7356);
#6460=AXIS2_PLACEMENT_3D('',#9182,#7357,#7358);
#6461=AXIS2_PLACEMENT_3D('',#9184,#7359,#7360);
#6462=AXIS2_PLACEMENT_3D('',#9187,#7362,#7363);
#6463=AXIS2_PLACEMENT_3D('',#9188,#7364,#7365);
#6464=AXIS2_PLACEMENT_3D('',#9190,#7366,#7367);
#6465=AXIS2_PLACEMENT_3D('',#9193,#7369,#7370);
#6466=AXIS2_PLACEMENT_3D('',#9194,#7371,#7372);
#6467=AXIS2_PLACEMENT_3D('',#9195,#7373,#7374);
#6468=AXIS2_PLACEMENT_3D('',#9196,#7375,#7376);
#6469=AXIS2_PLACEMENT_3D('',#9198,#7377,#7378);
#6470=AXIS2_PLACEMENT_3D('',#9201,#7380,#7381);
#6471=AXIS2_PLACEMENT_3D('',#9202,#7382,#7383);
#6472=AXIS2_PLACEMENT_3D('',#9203,#7384,#7385);
#6473=AXIS2_PLACEMENT_3D('',#9204,#7386,#7387);
#6474=AXIS2_PLACEMENT_3D('',#9205,#7388,#7389);
#6475=AXIS2_PLACEMENT_3D('',#9214,#7394,#7395);
#6476=AXIS2_PLACEMENT_3D('',#9223,#7400,#7401);
#6477=AXIS2_PLACEMENT_3D('',#9226,#7404,#7405);
#6478=AXIS2_PLACEMENT_3D('',#9228,#7407,#7408);
#6479=AXIS2_PLACEMENT_3D('',#9237,#7413,#7414);
#6480=AXIS2_PLACEMENT_3D('',#9246,#7419,#7420);
#6481=AXIS2_PLACEMENT_3D('',#9249,#7423,#7424);
#6482=AXIS2_PLACEMENT_3D('',#9251,#7426,#7427);
#6483=AXIS2_PLACEMENT_3D('',#9277,#7441,#7442);
#6484=AXIS2_PLACEMENT_3D('',#9303,#7456,#7457);
#6485=AXIS2_PLACEMENT_3D('',#9305,#7458,#7459);
#6486=AXIS2_PLACEMENT_3D('',#9308,#7461,#7462);
#6487=AXIS2_PLACEMENT_3D('',#9309,#7463,#7464);
#6488=AXIS2_PLACEMENT_3D('',#9310,#7465,#7466);
#6489=AXIS2_PLACEMENT_3D('',#9312,#7467,#7468);
#6490=AXIS2_PLACEMENT_3D('',#9315,#7470,#7471);
#6491=AXIS2_PLACEMENT_3D('',#9316,#7472,#7473);
#6492=AXIS2_PLACEMENT_3D('',#9317,#7474,#7475);
#6493=AXIS2_PLACEMENT_3D('',#9320,#7478,#7479);
#6494=AXIS2_PLACEMENT_3D('',#9323,#7482,#7483);
#6495=AXIS2_PLACEMENT_3D('',#9325,#7484,#7485);
#6496=AXIS2_PLACEMENT_3D('',#9326,#7486,#7487);
#6497=AXIS2_PLACEMENT_3D('',#9329,#7490,#7491);
#6498=AXIS2_PLACEMENT_3D('',#9332,#7494,#7495);
#6499=AXIS2_PLACEMENT_3D('',#9334,#7496,#7497);
#6500=AXIS2_PLACEMENT_3D('',#9335,#7498,#7499);
#6501=AXIS2_PLACEMENT_3D('',#9337,#7501,#7502);
#6502=AXIS2_PLACEMENT_3D('',#9338,#7503,#7504);
#6503=AXIS2_PLACEMENT_3D('',#9340,#7506,#7507);
#6504=AXIS2_PLACEMENT_3D('',#9343,#7509,#7510);
#6505=AXIS2_PLACEMENT_3D('',#9344,#7511,#7512);
#6506=AXIS2_PLACEMENT_3D('',#9347,#7514,#7515);
#6507=AXIS2_PLACEMENT_3D('',#9348,#7516,#7517);
#6508=AXIS2_PLACEMENT_3D('',#9350,#7519,#7520);
#6509=AXIS2_PLACEMENT_3D('',#9352,#7522,#7523);
#6510=AXIS2_PLACEMENT_3D('',#9353,#7524,#7525);
#6511=AXIS2_PLACEMENT_3D('',#9354,#7526,#7527);
#6512=AXIS2_PLACEMENT_3D('',#9356,#7528,#7529);
#6513=AXIS2_PLACEMENT_3D('',#9359,#7531,#7532);
#6514=AXIS2_PLACEMENT_3D('',#9360,#7533,#7534);
#6515=AXIS2_PLACEMENT_3D('',#9361,#7535,#7536);
#6516=AXIS2_PLACEMENT_3D('',#9362,#7537,#7538);
#6517=AXIS2_PLACEMENT_3D('',#9363,#7539,#7540);
#6518=AXIS2_PLACEMENT_3D('',#9365,#7541,#7542);
#6519=AXIS2_PLACEMENT_3D('',#9368,#7544,#7545);
#6520=AXIS2_PLACEMENT_3D('',#9369,#7546,#7547);
#6521=AXIS2_PLACEMENT_3D('',#9370,#7548,#7549);
#6522=AXIS2_PLACEMENT_3D('',#9371,#7550,#7551);
#6523=AXIS2_PLACEMENT_3D('',#10878,#7552,#7553);
#6524=AXIS2_PLACEMENT_3D('',#10880,#7554,#7555);
#6525=AXIS2_PLACEMENT_3D('',#10883,#7557,#7558);
#6526=AXIS2_PLACEMENT_3D('',#10884,#7559,#7560);
#6527=AXIS2_PLACEMENT_3D('',#12377,#7561,#7562);
#6528=AXIS2_PLACEMENT_3D('',#12378,#7563,#7564);
#6529=AXIS2_PLACEMENT_3D('',#12380,#7565,#7566);
#6530=AXIS2_PLACEMENT_3D('',#12384,#7568,#7569);
#6531=AXIS2_PLACEMENT_3D('',#12385,#7570,#7571);
#6532=AXIS2_PLACEMENT_3D('',#12386,#7572,#7573);
#6533=AXIS2_PLACEMENT_3D('',#12388,#7574,#7575);
#6534=AXIS2_PLACEMENT_3D('',#12389,#7576,#7577);
#6535=AXIS2_PLACEMENT_3D('',#12391,#7578,#7579);
#6536=AXIS2_PLACEMENT_3D('',#12394,#7581,#7582);
#6537=AXIS2_PLACEMENT_3D('',#12395,#7583,#7584);
#6538=AXIS2_PLACEMENT_3D('',#12399,#7586,#7587);
#6539=AXIS2_PLACEMENT_3D('',#12400,#7588,#7589);
#6540=AXIS2_PLACEMENT_3D('',#12406,#7592,#7593);
#6541=AXIS2_PLACEMENT_3D('',#12435,#7595,#7596);
#6542=AXIS2_PLACEMENT_3D('',#12437,#7597,#7598);
#6543=AXIS2_PLACEMENT_3D('',#12440,#7600,#7601);
#6544=AXIS2_PLACEMENT_3D('',#12441,#7602,#7603);
#6545=AXIS2_PLACEMENT_3D('',#12443,#7604,#7605);
#6546=AXIS2_PLACEMENT_3D('',#12449,#7608,#7609);
#6547=AXIS2_PLACEMENT_3D('',#12474,#7611,#7612);
#6548=AXIS2_PLACEMENT_3D('',#12476,#7613,#7614);
#6549=AXIS2_PLACEMENT_3D('',#12479,#7616,#7617);
#6550=AXIS2_PLACEMENT_3D('',#12480,#7618,#7619);
#6551=AXIS2_PLACEMENT_3D('',#12483,#7620,#7621);
#6552=AXIS2_PLACEMENT_3D('',#12484,#7622,#7623);
#6553=AXIS2_PLACEMENT_3D('',#12488,#7625,#7626);
#6554=AXIS2_PLACEMENT_3D('',#12492,#7628,#7629);
#6555=AXIS2_PLACEMENT_3D('',#12495,#7631,#7632);
#6556=AXIS2_PLACEMENT_3D('',#12497,#7633,#7634);
#6557=AXIS2_PLACEMENT_3D('',#12500,#7636,#7637);
#6558=AXIS2_PLACEMENT_3D('',#12503,#7638,#7639);
#6559=AXIS2_PLACEMENT_3D('',#12507,#7641,#7642);
#6560=AXIS2_PLACEMENT_3D('',#12513,#7645,#7646);
#6561=AXIS2_PLACEMENT_3D('',#12516,#7648,#7649);
#6562=AXIS2_PLACEMENT_3D('',#12521,#7651,#7652);
#6563=AXIS2_PLACEMENT_3D('',#12524,#7654,#7655);
#6564=AXIS2_PLACEMENT_3D('',#12529,#7657,#7658);
#6565=AXIS2_PLACEMENT_3D('',#12532,#7660,#7661);
#6566=AXIS2_PLACEMENT_3D('',#12537,#7663,#7664);
#6567=AXIS2_PLACEMENT_3D('',#12540,#7666,#7667);
#6568=AXIS2_PLACEMENT_3D('',#12545,#7669,#7670);
#6569=AXIS2_PLACEMENT_3D('',#12548,#7672,#7673);
#6570=AXIS2_PLACEMENT_3D('',#12553,#7675,#7676);
#6571=AXIS2_PLACEMENT_3D('',#12556,#7678,#7679);
#6572=AXIS2_PLACEMENT_3D('',#12561,#7681,#7682);
#6573=AXIS2_PLACEMENT_3D('',#12564,#7684,#7685);
#6574=AXIS2_PLACEMENT_3D('',#12569,#7687,#7688);
#6575=AXIS2_PLACEMENT_3D('',#12572,#7690,#7691);
#6576=AXIS2_PLACEMENT_3D('',#12577,#7693,#7694);
#6577=AXIS2_PLACEMENT_3D('',#12580,#7696,#7697);
#6578=AXIS2_PLACEMENT_3D('',#12585,#7699,#7700);
#6579=AXIS2_PLACEMENT_3D('',#12588,#7702,#7703);
#6580=AXIS2_PLACEMENT_3D('',#12593,#7705,#7706);
#6581=AXIS2_PLACEMENT_3D('',#12596,#7708,#7709);
#6582=AXIS2_PLACEMENT_3D('',#12601,#7711,#7712);
#6583=AXIS2_PLACEMENT_3D('',#12604,#7714,#7715);
#6584=AXIS2_PLACEMENT_3D('',#12609,#7717,#7718);
#6585=AXIS2_PLACEMENT_3D('',#12612,#7720,#7721);
#6586=AXIS2_PLACEMENT_3D('',#12617,#7723,#7724);
#6587=AXIS2_PLACEMENT_3D('',#12620,#7726,#7727);
#6588=AXIS2_PLACEMENT_3D('',#12625,#7729,#7730);
#6589=AXIS2_PLACEMENT_3D('',#12628,#7732,#7733);
#6590=AXIS2_PLACEMENT_3D('',#12633,#7735,#7736);
#6591=AXIS2_PLACEMENT_3D('',#12636,#7738,#7739);
#6592=AXIS2_PLACEMENT_3D('',#12641,#7741,#7742);
#6593=AXIS2_PLACEMENT_3D('',#12644,#7744,#7745);
#6594=AXIS2_PLACEMENT_3D('',#12649,#7747,#7748);
#6595=AXIS2_PLACEMENT_3D('',#12652,#7750,#7751);
#6596=AXIS2_PLACEMENT_3D('',#12657,#7753,#7754);
#6597=AXIS2_PLACEMENT_3D('',#12660,#7756,#7757);
#6598=AXIS2_PLACEMENT_3D('',#12665,#7759,#7760);
#6599=AXIS2_PLACEMENT_3D('',#12668,#7762,#7763);
#6600=AXIS2_PLACEMENT_3D('',#12673,#7765,#7766);
#6601=AXIS2_PLACEMENT_3D('',#12676,#7768,#7769);
#6602=AXIS2_PLACEMENT_3D('',#12681,#7771,#7772);
#6603=AXIS2_PLACEMENT_3D('',#12684,#7774,#7775);
#6604=AXIS2_PLACEMENT_3D('',#12689,#7777,#7778);
#6605=AXIS2_PLACEMENT_3D('',#12692,#7780,#7781);
#6606=AXIS2_PLACEMENT_3D('',#12697,#7783,#7784);
#6607=AXIS2_PLACEMENT_3D('',#12700,#7786,#7787);
#6608=AXIS2_PLACEMENT_3D('',#12703,#7788,#7789);
#6609=AXIS2_PLACEMENT_3D('',#12707,#7791,#7792);
#6610=AXIS2_PLACEMENT_3D('',#12713,#7795,#7796);
#6611=AXIS2_PLACEMENT_3D('',#12716,#7798,#7799);
#6612=AXIS2_PLACEMENT_3D('',#12721,#7801,#7802);
#6613=AXIS2_PLACEMENT_3D('',#12724,#7804,#7805);
#6614=AXIS2_PLACEMENT_3D('',#12729,#7807,#7808);
#6615=AXIS2_PLACEMENT_3D('',#12732,#7810,#7811);
#6616=AXIS2_PLACEMENT_3D('',#12737,#7813,#7814);
#6617=AXIS2_PLACEMENT_3D('',#12740,#7816,#7817);
#6618=AXIS2_PLACEMENT_3D('',#12745,#7819,#7820);
#6619=AXIS2_PLACEMENT_3D('',#12748,#7822,#7823);
#6620=AXIS2_PLACEMENT_3D('',#12753,#7825,#7826);
#6621=AXIS2_PLACEMENT_3D('',#12756,#7828,#7829);
#6622=AXIS2_PLACEMENT_3D('',#12761,#7831,#7832);
#6623=AXIS2_PLACEMENT_3D('',#12764,#7834,#7835);
#6624=AXIS2_PLACEMENT_3D('',#12769,#7837,#7838);
#6625=AXIS2_PLACEMENT_3D('',#12772,#7840,#7841);
#6626=AXIS2_PLACEMENT_3D('',#12777,#7843,#7844);
#6627=AXIS2_PLACEMENT_3D('',#12780,#7846,#7847);
#6628=AXIS2_PLACEMENT_3D('',#12785,#7849,#7850);
#6629=AXIS2_PLACEMENT_3D('',#12788,#7852,#7853);
#6630=AXIS2_PLACEMENT_3D('',#12793,#7855,#7856);
#6631=AXIS2_PLACEMENT_3D('',#12796,#7858,#7859);
#6632=AXIS2_PLACEMENT_3D('',#12801,#7861,#7862);
#6633=AXIS2_PLACEMENT_3D('',#12804,#7864,#7865);
#6634=AXIS2_PLACEMENT_3D('',#12809,#7867,#7868);
#6635=AXIS2_PLACEMENT_3D('',#12812,#7870,#7871);
#6636=AXIS2_PLACEMENT_3D('',#12817,#7873,#7874);
#6637=AXIS2_PLACEMENT_3D('',#12820,#7876,#7877);
#6638=AXIS2_PLACEMENT_3D('',#12825,#7879,#7880);
#6639=AXIS2_PLACEMENT_3D('',#12828,#7882,#7883);
#6640=AXIS2_PLACEMENT_3D('',#12833,#7885,#7886);
#6641=AXIS2_PLACEMENT_3D('',#12836,#7888,#7889);
#6642=AXIS2_PLACEMENT_3D('',#12841,#7891,#7892);
#6643=AXIS2_PLACEMENT_3D('',#12844,#7894,#7895);
#6644=AXIS2_PLACEMENT_3D('',#12849,#7897,#7898);
#6645=AXIS2_PLACEMENT_3D('',#12852,#7900,#7901);
#6646=AXIS2_PLACEMENT_3D('',#12857,#7903,#7904);
#6647=AXIS2_PLACEMENT_3D('',#12860,#7906,#7907);
#6648=AXIS2_PLACEMENT_3D('',#12865,#7909,#7910);
#6649=AXIS2_PLACEMENT_3D('',#12868,#7912,#7913);
#6650=AXIS2_PLACEMENT_3D('',#12873,#7915,#7916);
#6651=AXIS2_PLACEMENT_3D('',#12876,#7918,#7919);
#6652=AXIS2_PLACEMENT_3D('',#12881,#7921,#7922);
#6653=AXIS2_PLACEMENT_3D('',#12884,#7924,#7925);
#6654=AXIS2_PLACEMENT_3D('',#12889,#7927,#7928);
#6655=AXIS2_PLACEMENT_3D('',#12892,#7930,#7931);
#6656=AXIS2_PLACEMENT_3D('',#12893,#7932,#7933);
#6657=AXIS2_PLACEMENT_3D('',#12896,#7935,#7936);
#6658=AXIS2_PLACEMENT_3D('',#12897,#7937,#7938);
#6659=AXIS2_PLACEMENT_3D('',#12900,#7939,#7940);
#6660=AXIS2_PLACEMENT_3D('',#12904,#7942,#7943);
#6661=AXIS2_PLACEMENT_3D('',#12906,#7945,#7946);
#6662=AXIS2_PLACEMENT_3D('',#12913,#7947,#7948);
#6663=AXIS2_PLACEMENT_3D('',#12918,#7949,#7950);
#6664=AXIS2_PLACEMENT_3D('',#12921,#7953,#7954);
#6665=AXIS2_PLACEMENT_3D('',#12928,#7955,#7956);
#6666=AXIS2_PLACEMENT_3D('',#12933,#7957,#7958);
#6667=AXIS2_PLACEMENT_3D('',#12936,#7959,#7960);
#6668=AXIS2_PLACEMENT_3D('',#12945,#7961,#7962);
#6669=AXIS2_PLACEMENT_3D('',#12948,#7963,#7964);
#6670=AXIS2_PLACEMENT_3D('',#12957,#7965,#7966);
#6671=AXIS2_PLACEMENT_3D('',#12960,#7967,#7968);
#6672=AXIS2_PLACEMENT_3D('',#12969,#7969,#7970);
#6673=AXIS2_PLACEMENT_3D('',#12972,#7971,#7972);
#6674=AXIS2_PLACEMENT_3D('',#12981,#7973,#7974);
#6675=AXIS2_PLACEMENT_3D('',#12984,#7975,#7976);
#6676=AXIS2_PLACEMENT_3D('',#12993,#7977,#7978);
#6677=AXIS2_PLACEMENT_3D('',#12996,#7979,#7980);
#6678=AXIS2_PLACEMENT_3D('',#13005,#7981,#7982);
#6679=AXIS2_PLACEMENT_3D('',#13008,#7983,#7984);
#6680=AXIS2_PLACEMENT_3D('',#13017,#7985,#7986);
#6681=AXIS2_PLACEMENT_3D('',#13020,#7987,#7988);
#6682=AXIS2_PLACEMENT_3D('',#13029,#7989,#7990);
#6683=AXIS2_PLACEMENT_3D('',#13032,#7991,#7992);
#6684=AXIS2_PLACEMENT_3D('',#13041,#7993,#7994);
#6685=AXIS2_PLACEMENT_3D('',#13044,#7995,#7996);
#6686=AXIS2_PLACEMENT_3D('',#13053,#7997,#7998);
#6687=AXIS2_PLACEMENT_3D('',#13056,#7999,#8000);
#6688=AXIS2_PLACEMENT_3D('',#13065,#8001,#8002);
#6689=AXIS2_PLACEMENT_3D('',#13068,#8003,#8004);
#6690=AXIS2_PLACEMENT_3D('',#13077,#8005,#8006);
#6691=AXIS2_PLACEMENT_3D('',#13080,#8007,#8008);
#6692=AXIS2_PLACEMENT_3D('',#13089,#8009,#8010);
#6693=AXIS2_PLACEMENT_3D('',#13092,#8011,#8012);
#6694=AXIS2_PLACEMENT_3D('',#13101,#8013,#8014);
#6695=AXIS2_PLACEMENT_3D('',#13104,#8015,#8016);
#6696=AXIS2_PLACEMENT_3D('',#13113,#8017,#8018);
#6697=AXIS2_PLACEMENT_3D('',#13116,#8019,#8020);
#6698=AXIS2_PLACEMENT_3D('',#13125,#8021,#8022);
#6699=AXIS2_PLACEMENT_3D('',#13128,#8023,#8024);
#6700=AXIS2_PLACEMENT_3D('',#13137,#8025,#8026);
#6701=AXIS2_PLACEMENT_3D('',#13140,#8027,#8028);
#6702=AXIS2_PLACEMENT_3D('',#13149,#8029,#8030);
#6703=AXIS2_PLACEMENT_3D('',#13152,#8031,#8032);
#6704=AXIS2_PLACEMENT_3D('',#13161,#8033,#8034);
#6705=AXIS2_PLACEMENT_3D('',#13164,#8035,#8036);
#6706=AXIS2_PLACEMENT_3D('',#13173,#8037,#8038);
#6707=AXIS2_PLACEMENT_3D('',#13176,#8039,#8040);
#6708=AXIS2_PLACEMENT_3D('',#13185,#8041,#8042);
#6709=AXIS2_PLACEMENT_3D('',#13188,#8043,#8044);
#6710=AXIS2_PLACEMENT_3D('',#13197,#8045,#8046);
#6711=AXIS2_PLACEMENT_3D('',#13200,#8047,#8048);
#6712=AXIS2_PLACEMENT_3D('',#13209,#8049,#8050);
#6713=AXIS2_PLACEMENT_3D('',#13212,#8051,#8052);
#6714=AXIS2_PLACEMENT_3D('',#13221,#8053,#8054);
#6715=AXIS2_PLACEMENT_3D('',#13224,#8055,#8056);
#6716=AXIS2_PLACEMENT_3D('',#13233,#8057,#8058);
#6717=AXIS2_PLACEMENT_3D('',#13236,#8059,#8060);
#6718=AXIS2_PLACEMENT_3D('',#13245,#8061,#8062);
#6719=AXIS2_PLACEMENT_3D('',#13248,#8063,#8064);
#6720=AXIS2_PLACEMENT_3D('',#13257,#8065,#8066);
#6721=AXIS2_PLACEMENT_3D('',#13260,#8067,#8068);
#6722=AXIS2_PLACEMENT_3D('',#13269,#8069,#8070);
#6723=AXIS2_PLACEMENT_3D('',#13272,#8071,#8072);
#6724=AXIS2_PLACEMENT_3D('',#13281,#8073,#8074);
#6725=AXIS2_PLACEMENT_3D('',#13284,#8075,#8076);
#6726=AXIS2_PLACEMENT_3D('',#13293,#8077,#8078);
#6727=AXIS2_PLACEMENT_3D('',#13300,#8079,#8080);
#6728=AXIS2_PLACEMENT_3D('',#13305,#8081,#8082);
#6729=AXIS2_PLACEMENT_3D('',#13312,#8083,#8084);
#6730=AXIS2_PLACEMENT_3D('',#13317,#8085,#8086);
#6731=AXIS2_PLACEMENT_3D('',#13324,#8087,#8088);
#6732=AXIS2_PLACEMENT_3D('',#13329,#8089,#8090);
#6733=AXIS2_PLACEMENT_3D('',#13338,#8091,#8092);
#6734=AXIS2_PLACEMENT_3D('',#13345,#8093,#8094);
#6735=AXIS2_PLACEMENT_3D('',#13350,#8095,#8096);
#6736=AXIS2_PLACEMENT_3D('',#13357,#8097,#8098);
#6737=AXIS2_PLACEMENT_3D('',#13362,#8099,#8100);
#6738=AXIS2_PLACEMENT_3D('',#13369,#8101,#8102);
#6739=AXIS2_PLACEMENT_3D('',#13374,#8103,#8104);
#6740=AXIS2_PLACEMENT_3D('',#13381,#8105,#8106);
#6741=AXIS2_PLACEMENT_3D('',#13386,#8107,#8108);
#6742=AXIS2_PLACEMENT_3D('',#13393,#8109,#8110);
#6743=AXIS2_PLACEMENT_3D('',#13398,#8111,#8112);
#6744=AXIS2_PLACEMENT_3D('',#13405,#8113,#8114);
#6745=AXIS2_PLACEMENT_3D('',#13410,#8115,#8116);
#6746=AXIS2_PLACEMENT_3D('',#13417,#8117,#8118);
#6747=AXIS2_PLACEMENT_3D('',#13422,#8119,#8120);
#6748=AXIS2_PLACEMENT_3D('',#13429,#8121,#8122);
#6749=AXIS2_PLACEMENT_3D('',#13434,#8123,#8124);
#6750=AXIS2_PLACEMENT_3D('',#13441,#8125,#8126);
#6751=AXIS2_PLACEMENT_3D('',#13446,#8127,#8128);
#6752=AXIS2_PLACEMENT_3D('',#13453,#8129,#8130);
#6753=AXIS2_PLACEMENT_3D('',#13458,#8131,#8132);
#6754=AXIS2_PLACEMENT_3D('',#13465,#8133,#8134);
#6755=AXIS2_PLACEMENT_3D('',#13470,#8135,#8136);
#6756=AXIS2_PLACEMENT_3D('',#13477,#8137,#8138);
#6757=AXIS2_PLACEMENT_3D('',#13482,#8139,#8140);
#6758=AXIS2_PLACEMENT_3D('',#13485,#8141,#8142);
#6759=AXIS2_PLACEMENT_3D('',#13494,#8143,#8144);
#6760=AXIS2_PLACEMENT_3D('',#13498,#8146,#8147);
#6761=AXIS2_PLACEMENT_3D('',#13500,#8149,#8150);
#6762=AXIS2_PLACEMENT_3D('',#13503,#8151,#8152);
#6763=AXIS2_PLACEMENT_3D('',#13506,#8155,#8156);
#6764=AXIS2_PLACEMENT_3D('',#13509,#8157,#8158);
#6765=AXIS2_PLACEMENT_3D('',#13512,#8161,#8162);
#6766=AXIS2_PLACEMENT_3D('',#13515,#8163,#8164);
#6767=AXIS2_PLACEMENT_3D('',#13518,#8167,#8168);
#6768=AXIS2_PLACEMENT_3D('',#13521,#8169,#8170);
#6769=AXIS2_PLACEMENT_3D('',#13524,#8173,#8174);
#6770=AXIS2_PLACEMENT_3D('',#13527,#8175,#8176);
#6771=AXIS2_PLACEMENT_3D('',#13530,#8179,#8180);
#6772=AXIS2_PLACEMENT_3D('',#13533,#8181,#8182);
#6773=AXIS2_PLACEMENT_3D('',#13536,#8185,#8186);
#6774=AXIS2_PLACEMENT_3D('',#13539,#8187,#8188);
#6775=AXIS2_PLACEMENT_3D('',#13542,#8191,#8192);
#6776=AXIS2_PLACEMENT_3D('',#13545,#8193,#8194);
#6777=AXIS2_PLACEMENT_3D('',#13548,#8197,#8198);
#6778=AXIS2_PLACEMENT_3D('',#13551,#8199,#8200);
#6779=AXIS2_PLACEMENT_3D('',#13554,#8203,#8204);
#6780=AXIS2_PLACEMENT_3D('',#13557,#8205,#8206);
#6781=AXIS2_PLACEMENT_3D('',#13560,#8209,#8210);
#6782=AXIS2_PLACEMENT_3D('',#13563,#8211,#8212);
#6783=AXIS2_PLACEMENT_3D('',#13566,#8215,#8216);
#6784=AXIS2_PLACEMENT_3D('',#13569,#8217,#8218);
#6785=AXIS2_PLACEMENT_3D('',#13572,#8221,#8222);
#6786=AXIS2_PLACEMENT_3D('',#13575,#8223,#8224);
#6787=AXIS2_PLACEMENT_3D('',#13578,#8227,#8228);
#6788=AXIS2_PLACEMENT_3D('',#13581,#8229,#8230);
#6789=AXIS2_PLACEMENT_3D('',#13584,#8233,#8234);
#6790=AXIS2_PLACEMENT_3D('',#13587,#8235,#8236);
#6791=AXIS2_PLACEMENT_3D('',#13590,#8239,#8240);
#6792=AXIS2_PLACEMENT_3D('',#13593,#8241,#8242);
#6793=AXIS2_PLACEMENT_3D('',#13596,#8245,#8246);
#6794=AXIS2_PLACEMENT_3D('',#13599,#8247,#8248);
#6795=AXIS2_PLACEMENT_3D('',#13602,#8251,#8252);
#6796=AXIS2_PLACEMENT_3D('',#13605,#8253,#8254);
#6797=AXIS2_PLACEMENT_3D('',#13608,#8257,#8258);
#6798=AXIS2_PLACEMENT_3D('',#13611,#8259,#8260);
#6799=AXIS2_PLACEMENT_3D('',#13614,#8263,#8264);
#6800=AXIS2_PLACEMENT_3D('',#13617,#8265,#8266);
#6801=AXIS2_PLACEMENT_3D('',#13620,#8269,#8270);
#6802=AXIS2_PLACEMENT_3D('',#13623,#8271,#8272);
#6803=AXIS2_PLACEMENT_3D('',#13626,#8275,#8276);
#6804=AXIS2_PLACEMENT_3D('',#13629,#8277,#8278);
#6805=AXIS2_PLACEMENT_3D('',#13632,#8281,#8282);
#6806=AXIS2_PLACEMENT_3D('',#13635,#8283,#8284);
#6807=AXIS2_PLACEMENT_3D('',#13638,#8287,#8288);
#6808=AXIS2_PLACEMENT_3D('',#13641,#8289,#8290);
#6809=AXIS2_PLACEMENT_3D('',#13644,#8293,#8294);
#6810=AXIS2_PLACEMENT_3D('',#13647,#8295,#8296);
#6811=AXIS2_PLACEMENT_3D('',#13650,#8299,#8300);
#6812=AXIS2_PLACEMENT_3D('',#13653,#8301,#8302);
#6813=AXIS2_PLACEMENT_3D('',#13656,#8305,#8306);
#6814=AXIS2_PLACEMENT_3D('',#13659,#8307,#8308);
#6815=AXIS2_PLACEMENT_3D('',#13662,#8311,#8312);
#6816=AXIS2_PLACEMENT_3D('',#13665,#8313,#8314);
#6817=AXIS2_PLACEMENT_3D('',#13668,#8317,#8318);
#6818=AXIS2_PLACEMENT_3D('',#13671,#8319,#8320);
#6819=AXIS2_PLACEMENT_3D('',#13674,#8323,#8324);
#6820=AXIS2_PLACEMENT_3D('',#13677,#8325,#8326);
#6821=AXIS2_PLACEMENT_3D('',#13680,#8329,#8330);
#6822=AXIS2_PLACEMENT_3D('',#13683,#8331,#8332);
#6823=AXIS2_PLACEMENT_3D('',#13686,#8335,#8336);
#6824=AXIS2_PLACEMENT_3D('',#13690,#8338,#8339);
#6825=AXIS2_PLACEMENT_3D('',#13692,#8341,#8342);
#6826=AXIS2_PLACEMENT_3D('',#13696,#8344,#8345);
#6827=AXIS2_PLACEMENT_3D('',#13698,#8347,#8348);
#6828=AXIS2_PLACEMENT_3D('',#13702,#8350,#8351);
#6829=AXIS2_PLACEMENT_3D('',#13704,#8353,#8354);
#6830=AXIS2_PLACEMENT_3D('',#13708,#8356,#8357);
#6831=AXIS2_PLACEMENT_3D('',#13710,#8359,#8360);
#6832=AXIS2_PLACEMENT_3D('',#13714,#8362,#8363);
#6833=AXIS2_PLACEMENT_3D('',#13716,#8365,#8366);
#6834=AXIS2_PLACEMENT_3D('',#13720,#8368,#8369);
#6835=AXIS2_PLACEMENT_3D('',#13722,#8371,#8372);
#6836=AXIS2_PLACEMENT_3D('',#13726,#8374,#8375);
#6837=AXIS2_PLACEMENT_3D('',#13728,#8377,#8378);
#6838=AXIS2_PLACEMENT_3D('',#13732,#8380,#8381);
#6839=AXIS2_PLACEMENT_3D('',#13734,#8383,#8384);
#6840=AXIS2_PLACEMENT_3D('',#13738,#8386,#8387);
#6841=AXIS2_PLACEMENT_3D('',#13740,#8389,#8390);
#6842=AXIS2_PLACEMENT_3D('',#13744,#8392,#8393);
#6843=AXIS2_PLACEMENT_3D('',#13746,#8395,#8396);
#6844=AXIS2_PLACEMENT_3D('',#13750,#8398,#8399);
#6845=AXIS2_PLACEMENT_3D('',#13752,#8401,#8402);
#6846=AXIS2_PLACEMENT_3D('',#13756,#8404,#8405);
#6847=AXIS2_PLACEMENT_3D('',#13758,#8407,#8408);
#6848=AXIS2_PLACEMENT_3D('',#13762,#8410,#8411);
#6849=AXIS2_PLACEMENT_3D('',#13764,#8413,#8414);
#6850=AXIS2_PLACEMENT_3D('',#13768,#8416,#8417);
#6851=AXIS2_PLACEMENT_3D('',#13770,#8419,#8420);
#6852=AXIS2_PLACEMENT_3D('',#13774,#8422,#8423);
#6853=AXIS2_PLACEMENT_3D('',#13776,#8425,#8426);
#6854=AXIS2_PLACEMENT_3D('',#13779,#8427,#8428);
#6855=AXIS2_PLACEMENT_3D('',#13782,#8431,#8432);
#6856=AXIS2_PLACEMENT_3D('',#13785,#8435,#8436);
#6857=AXIS2_PLACEMENT_3D('',#13788,#8439,#8440);
#6858=AXIS2_PLACEMENT_3D('',#13791,#8443,#8444);
#6859=AXIS2_PLACEMENT_3D('',#13794,#8447,#8448);
#6860=AXIS2_PLACEMENT_3D('',#13797,#8451,#8452);
#6861=AXIS2_PLACEMENT_3D('',#13800,#8455,#8456);
#6862=AXIS2_PLACEMENT_3D('',#13803,#8459,#8460);
#6863=AXIS2_PLACEMENT_3D('',#13806,#8463,#8464);
#6864=AXIS2_PLACEMENT_3D('',#13809,#8467,#8468);
#6865=AXIS2_PLACEMENT_3D('',#13812,#8471,#8472);
#6866=AXIS2_PLACEMENT_3D('',#13815,#8475,#8476);
#6867=AXIS2_PLACEMENT_3D('',#13818,#8479,#8480);
#6868=AXIS2_PLACEMENT_3D('',#13821,#8483,#8484);
#6869=AXIS2_PLACEMENT_3D('',#13824,#8487,#8488);
#6870=AXIS2_PLACEMENT_3D('',#13827,#8491,#8492);
#6871=AXIS2_PLACEMENT_3D('',#13830,#8495,#8496);
#6872=AXIS2_PLACEMENT_3D('',#13833,#8499,#8500);
#6873=AXIS2_PLACEMENT_3D('',#13836,#8503,#8504);
#6874=AXIS2_PLACEMENT_3D('',#13839,#8507,#8508);
#6875=AXIS2_PLACEMENT_3D('',#13842,#8511,#8512);
#6876=AXIS2_PLACEMENT_3D('',#13845,#8515,#8516);
#6877=AXIS2_PLACEMENT_3D('',#13848,#8519,#8520);
#6878=AXIS2_PLACEMENT_3D('',#13851,#8523,#8524);
#6879=AXIS2_PLACEMENT_3D('',#13854,#8527,#8528);
#6880=AXIS2_PLACEMENT_3D('',#13857,#8531,#8532);
#6881=AXIS2_PLACEMENT_3D('',#13860,#8535,#8536);
#6882=AXIS2_PLACEMENT_3D('',#13863,#8539,#8540);
#6883=AXIS2_PLACEMENT_3D('',#13866,#8543,#8544);
#6884=AXIS2_PLACEMENT_3D('',#13869,#8547,#8548);
#6885=AXIS2_PLACEMENT_3D('',#13872,#8551,#8552);
#6886=AXIS2_PLACEMENT_3D('',#13875,#8555,#8556);
#6887=AXIS2_PLACEMENT_3D('',#13878,#8559,#8560);
#6888=AXIS2_PLACEMENT_3D('',#13881,#8563,#8564);
#6889=AXIS2_PLACEMENT_3D('',#13884,#8567,#8568);
#6890=AXIS2_PLACEMENT_3D('',#13887,#8571,#8572);
#6891=AXIS2_PLACEMENT_3D('',#13890,#8575,#8576);
#6892=AXIS2_PLACEMENT_3D('',#13893,#8579,#8580);
#6893=AXIS2_PLACEMENT_3D('',#13896,#8583,#8584);
#6894=AXIS2_PLACEMENT_3D('',#13899,#8587,#8588);
#6895=AXIS2_PLACEMENT_3D('',#13902,#8591,#8592);
#6896=AXIS2_PLACEMENT_3D('',#13905,#8595,#8596);
#6897=AXIS2_PLACEMENT_3D('',#13908,#8599,#8600);
#6898=AXIS2_PLACEMENT_3D('',#13911,#8603,#8604);
#6899=AXIS2_PLACEMENT_3D('',#13914,#8607,#8608);
#6900=AXIS2_PLACEMENT_3D('',#13917,#8611,#8612);
#6901=AXIS2_PLACEMENT_3D('',#13920,#8615,#8616);
#6902=AXIS2_PLACEMENT_3D('',#13923,#8619,#8620);
#6903=AXIS2_PLACEMENT_3D('',#13926,#8623,#8624);
#6904=AXIS2_PLACEMENT_3D('',#13929,#8627,#8628);
#6905=AXIS2_PLACEMENT_3D('',#13932,#8629,#8630);
#6906=AXIS2_PLACEMENT_3D('',#13941,#8631,#8632);
#6907=AXIS2_PLACEMENT_3D('',#13944,#8633,#8634);
#6908=AXIS2_PLACEMENT_3D('',#13947,#8637,#8638);
#6909=AXIS2_PLACEMENT_3D('',#13950,#8641,#8642);
#6910=AXIS2_PLACEMENT_3D('',#13951,#8643,#8644);
#6911=AXIS2_PLACEMENT_3D('',#13952,#8645,#8646);
#6912=AXIS2_PLACEMENT_3D('',#13953,#8647,#8648);
#6913=AXIS2_PLACEMENT_3D('',#13954,#8649,#8650);
#6914=AXIS2_PLACEMENT_3D('',#13955,#8651,#8652);
#6915=AXIS2_PLACEMENT_3D('',#13956,#8653,#8654);
#6916=AXIS2_PLACEMENT_3D('',#13957,#8655,#8656);
#6917=AXIS2_PLACEMENT_3D('',#13958,#8657,#8658);
#6918=AXIS2_PLACEMENT_3D('',#13959,#8659,#8660);
#6919=AXIS2_PLACEMENT_3D('',#13960,#8661,#8662);
#6920=AXIS2_PLACEMENT_3D('',#13961,#8663,#8664);
#6921=AXIS2_PLACEMENT_3D('',#13962,#8665,#8666);
#6922=AXIS2_PLACEMENT_3D('',#13963,#8667,#8668);
#6923=AXIS2_PLACEMENT_3D('',#13964,#8669,#8670);
#6924=AXIS2_PLACEMENT_3D('',#13965,#8671,#8672);
#6925=AXIS2_PLACEMENT_3D('',#13966,#8673,#8674);
#6926=AXIS2_PLACEMENT_3D('',#13967,#8675,#8676);
#6927=AXIS2_PLACEMENT_3D('',#13968,#8677,#8678);
#6928=AXIS2_PLACEMENT_3D('',#13969,#8679,#8680);
#6929=AXIS2_PLACEMENT_3D('',#13970,#8681,#8682);
#6930=AXIS2_PLACEMENT_3D('',#13971,#8683,#8684);
#6931=AXIS2_PLACEMENT_3D('',#13972,#8685,#8686);
#6932=AXIS2_PLACEMENT_3D('',#13973,#8687,#8688);
#6933=AXIS2_PLACEMENT_3D('',#13974,#8689,#8690);
#6934=AXIS2_PLACEMENT_3D('',#13975,#8691,#8692);
#6935=AXIS2_PLACEMENT_3D('',#13976,#8693,#8694);
#6936=AXIS2_PLACEMENT_3D('',#13977,#8695,#8696);
#6937=AXIS2_PLACEMENT_3D('',#13978,#8697,#8698);
#6938=AXIS2_PLACEMENT_3D('',#13979,#8699,#8700);
#6939=AXIS2_PLACEMENT_3D('',#13980,#8701,#8702);
#6940=AXIS2_PLACEMENT_3D('',#13981,#8703,#8704);
#6941=AXIS2_PLACEMENT_3D('',#13982,#8705,#8706);
#6942=AXIS2_PLACEMENT_3D('',#13983,#8707,#8708);
#6943=AXIS2_PLACEMENT_3D('',#13984,#8709,#8710);
#6944=AXIS2_PLACEMENT_3D('',#13985,#8711,#8712);
#6945=AXIS2_PLACEMENT_3D('',#13986,#8713,#8714);
#6946=AXIS2_PLACEMENT_3D('',#13987,#8715,#8716);
#6947=AXIS2_PLACEMENT_3D('',#13988,#8717,#8718);
#6948=AXIS2_PLACEMENT_3D('',#13989,#8719,#8720);
#6949=AXIS2_PLACEMENT_3D('',#13990,#8721,#8722);
#6950=AXIS2_PLACEMENT_3D('',#13991,#8723,#8724);
#6951=AXIS2_PLACEMENT_3D('',#13992,#8725,#8726);
#6952=AXIS2_PLACEMENT_3D('',#13993,#8727,#8728);
#6953=AXIS2_PLACEMENT_3D('',#13994,#8729,#8730);
#6954=AXIS2_PLACEMENT_3D('',#13995,#8731,#8732);
#6955=AXIS2_PLACEMENT_3D('',#13996,#8733,#8734);
#6956=AXIS2_PLACEMENT_3D('',#13997,#8735,#8736);
#6957=AXIS2_PLACEMENT_3D('',#13998,#8737,#8738);
#6958=AXIS2_PLACEMENT_3D('',#13999,#8739,#8740);
#6959=AXIS2_PLACEMENT_3D('',#14000,#8741,#8742);
#6960=AXIS2_PLACEMENT_3D('',#14001,#8743,#8744);
#6961=AXIS2_PLACEMENT_3D('',#14002,#8745,#8746);
#6962=AXIS2_PLACEMENT_3D('',#14003,#8747,#8748);
#6963=AXIS2_PLACEMENT_3D('',#14004,#8749,#8750);
#6964=AXIS2_PLACEMENT_3D('',#14005,#8751,#8752);
#6965=AXIS2_PLACEMENT_3D('',#14006,#8753,#8754);
#6966=AXIS2_PLACEMENT_3D('',#14007,#8755,#8756);
#6967=AXIS2_PLACEMENT_3D('',#14008,#8757,#8758);
#6968=AXIS2_PLACEMENT_3D('',#14009,#8759,#8760);
#6969=AXIS2_PLACEMENT_3D('',#14010,#8761,#8762);
#6970=AXIS2_PLACEMENT_3D('',#14011,#8763,#8764);
#6971=AXIS2_PLACEMENT_3D('',#14012,#8765,#8766);
#6972=AXIS2_PLACEMENT_3D('',#14013,#8767,#8768);
#6973=AXIS2_PLACEMENT_3D('',#14014,#8769,#8770);
#6974=AXIS2_PLACEMENT_3D('',#14015,#8771,#8772);
#6975=AXIS2_PLACEMENT_3D('',#14016,#8773,#8774);
#6976=AXIS2_PLACEMENT_3D('',#14017,#8775,#8776);
#6977=AXIS2_PLACEMENT_3D('',#14018,#8777,#8778);
#6978=AXIS2_PLACEMENT_3D('',#14019,#8779,#8780);
#6979=AXIS2_PLACEMENT_3D('',#14020,#8781,#8782);
#6980=AXIS2_PLACEMENT_3D('',#14021,#8783,#8784);
#6981=AXIS2_PLACEMENT_3D('',#14022,#8785,#8786);
#6982=AXIS2_PLACEMENT_3D('',#14023,#8787,#8788);
#6983=AXIS2_PLACEMENT_3D('',#14024,#8789,#8790);
#6984=AXIS2_PLACEMENT_3D('',#14025,#8791,#8792);
#6985=AXIS2_PLACEMENT_3D('',#14026,#8793,#8794);
#6986=AXIS2_PLACEMENT_3D('',#14027,#8795,#8796);
#6987=AXIS2_PLACEMENT_3D('',#14028,#8797,#8798);
#6988=AXIS2_PLACEMENT_3D('',#14029,#8799,#8800);
#6989=AXIS2_PLACEMENT_3D('',#14030,#8801,#8802);
#6990=AXIS2_PLACEMENT_3D('',#14031,#8803,#8804);
#6991=AXIS2_PLACEMENT_3D('',#14032,#8805,#8806);
#6992=AXIS2_PLACEMENT_3D('',#14033,#8807,#8808);
#6993=AXIS2_PLACEMENT_3D('',#14034,#8809,#8810);
#6994=AXIS2_PLACEMENT_3D('',#14035,#8811,#8812);
#6995=AXIS2_PLACEMENT_3D('',#14036,#8813,#8814);
#6996=AXIS2_PLACEMENT_3D('',#14037,#8815,#8816);
#6997=AXIS2_PLACEMENT_3D('',#14038,#8817,#8818);
#6998=AXIS2_PLACEMENT_3D('',#14039,#8819,#8820);
#6999=AXIS2_PLACEMENT_3D('',#14040,#8821,#8822);
#7000=AXIS2_PLACEMENT_3D('',#14041,#8823,#8824);
#7001=AXIS2_PLACEMENT_3D('',#14042,#8825,#8826);
#7002=AXIS2_PLACEMENT_3D('',#14043,#8827,#8828);
#7003=AXIS2_PLACEMENT_3D('',#14044,#8829,#8830);
#7004=AXIS2_PLACEMENT_3D('',#14045,#8831,#8832);
#7005=AXIS2_PLACEMENT_3D('',#14046,#8833,#8834);
#7006=AXIS2_PLACEMENT_3D('',#14047,#8835,#8836);
#7007=AXIS2_PLACEMENT_3D('',#14048,#8837,#8838);
#7008=AXIS2_PLACEMENT_3D('',#14049,#8839,#8840);
#7009=AXIS2_PLACEMENT_3D('',#14050,#8841,#8842);
#7010=AXIS2_PLACEMENT_3D('',#14051,#8843,#8844);
#7011=AXIS2_PLACEMENT_3D('',#14052,#8845,#8846);
#7012=AXIS2_PLACEMENT_3D('',#14054,#8848,#8849);
#7013=AXIS2_PLACEMENT_3D('',#14055,#8850,#8851);
#7014=AXIS2_PLACEMENT_3D('',#14056,#8852,#8853);
#7015=AXIS2_PLACEMENT_3D('',#14058,#8855,#8856);
#7016=AXIS2_PLACEMENT_3D('',#14059,#8857,#8858);
#7017=AXIS2_PLACEMENT_3D('',#14060,#8859,#8860);
#7018=AXIS2_PLACEMENT_3D('',#14061,#8861,#8862);
#7019=AXIS2_PLACEMENT_3D('',#14062,#8863,#8864);
#7020=AXIS2_PLACEMENT_3D('',#14063,#8865,#8866);
#7021=AXIS2_PLACEMENT_3D('',#14064,#8867,#8868);
#7022=AXIS2_PLACEMENT_3D('',#14065,#8869,#8870);
#7023=AXIS2_PLACEMENT_3D('',#14066,#8871,#8872);
#7024=AXIS2_PLACEMENT_3D('',#14067,#8873,#8874);
#7025=AXIS2_PLACEMENT_3D('',#14068,#8875,#8876);
#7026=AXIS2_PLACEMENT_3D('',#14069,#8877,#8878);
#7027=AXIS2_PLACEMENT_3D('',#14070,#8879,#8880);
#7028=AXIS2_PLACEMENT_3D('',#14071,#8881,#8882);
#7029=AXIS2_PLACEMENT_3D('',#14072,#8883,#8884);
#7030=AXIS2_PLACEMENT_3D('',#14073,#8885,#8886);
#7031=AXIS2_PLACEMENT_3D('',#14074,#8887,#8888);
#7032=DIRECTION('axis',(0.,0.,1.));
#7033=DIRECTION('refdir',(1.,0.,0.));
#7034=DIRECTION('axis',(0.,0.,1.));
#7035=DIRECTION('refdir',(1.,0.,0.));
#7036=DIRECTION('center_axis',(0.,0.,1.));
#7037=DIRECTION('ref_axis',(1.,0.,0.));
#7038=DIRECTION('center_axis',(0.,0.,1.));
#7039=DIRECTION('ref_axis',(1.,0.,0.));
#7040=DIRECTION('',(0.,0.,1.));
#7041=DIRECTION('center_axis',(0.,0.,-1.));
#7042=DIRECTION('ref_axis',(1.,0.,0.));
#7043=DIRECTION('center_axis',(0.,0.,1.));
#7044=DIRECTION('ref_axis',(1.,0.,0.));
#7045=DIRECTION('center_axis',(0.,0.,1.));
#7046=DIRECTION('ref_axis',(1.,0.,0.));
#7047=DIRECTION('',(0.,0.,1.));
#7048=DIRECTION('center_axis',(0.,0.,-1.));
#7049=DIRECTION('ref_axis',(1.,0.,0.));
#7050=DIRECTION('center_axis',(0.,0.,1.));
#7051=DIRECTION('ref_axis',(1.,0.,0.));
#7052=DIRECTION('center_axis',(0.,0.,1.));
#7053=DIRECTION('ref_axis',(1.,0.,0.));
#7054=DIRECTION('',(0.,0.,1.));
#7055=DIRECTION('center_axis',(0.,0.,-1.));
#7056=DIRECTION('ref_axis',(1.,0.,0.));
#7057=DIRECTION('center_axis',(0.,0.,1.));
#7058=DIRECTION('ref_axis',(1.,0.,0.));
#7059=DIRECTION('center_axis',(0.,0.,1.));
#7060=DIRECTION('ref_axis',(1.,0.,0.));
#7061=DIRECTION('',(0.,0.,1.));
#7062=DIRECTION('center_axis',(0.,0.,-1.));
#7063=DIRECTION('ref_axis',(1.,0.,0.));
#7064=DIRECTION('center_axis',(0.,0.,1.));
#7065=DIRECTION('ref_axis',(1.,0.,0.));
#7066=DIRECTION('center_axis',(0.,0.,1.));
#7067=DIRECTION('ref_axis',(1.,0.,0.));
#7068=DIRECTION('',(0.,0.,1.));
#7069=DIRECTION('center_axis',(0.,0.,1.));
#7070=DIRECTION('ref_axis',(1.,0.,0.));
#7071=DIRECTION('center_axis',(0.,0.,-1.));
#7072=DIRECTION('ref_axis',(1.,0.,0.));
#7073=DIRECTION('center_axis',(0.,0.,1.));
#7074=DIRECTION('ref_axis',(1.,0.,0.));
#7075=DIRECTION('center_axis',(0.,0.,1.));
#7076=DIRECTION('ref_axis',(1.,0.,0.));
#7077=DIRECTION('',(0.,0.,1.));
#7078=DIRECTION('center_axis',(0.,0.,1.));
#7079=DIRECTION('ref_axis',(1.,0.,0.));
#7080=DIRECTION('center_axis',(0.,0.,-1.));
#7081=DIRECTION('ref_axis',(1.,0.,0.));
#7082=DIRECTION('center_axis',(0.,0.,-1.));
#7083=DIRECTION('ref_axis',(-1.,0.,0.));
#7084=DIRECTION('center_axis',(0.,0.,-1.));
#7085=DIRECTION('ref_axis',(1.,0.,0.));
#7086=DIRECTION('center_axis',(0.,0.,-1.));
#7087=DIRECTION('ref_axis',(1.,0.,0.));
#7088=DIRECTION('',(-0.963992618206074,-1.18055047428774E-16,-0.265928998125813));
#7089=DIRECTION('center_axis',(0.,0.,1.));
#7090=DIRECTION('ref_axis',(1.,0.,0.));
#7091=DIRECTION('center_axis',(0.,0.,1.));
#7092=DIRECTION('ref_axis',(1.,0.,0.));
#7093=DIRECTION('center_axis',(0.,0.,-1.));
#7094=DIRECTION('ref_axis',(1.,0.,0.));
#7095=DIRECTION('',(0.,0.,1.));
#7096=DIRECTION('center_axis',(0.,0.,-1.));
#7097=DIRECTION('ref_axis',(1.,0.,0.));
#7098=DIRECTION('center_axis',(0.,0.,1.));
#7099=DIRECTION('ref_axis',(1.,0.,0.));
#7100=DIRECTION('center_axis',(0.,0.,1.));
#7101=DIRECTION('ref_axis',(1.,0.,0.));
#7102=DIRECTION('',(0.,0.,1.));
#7103=DIRECTION('center_axis',(0.,0.,1.));
#7104=DIRECTION('ref_axis',(1.,0.,0.));
#7105=DIRECTION('center_axis',(0.,0.,-1.));
#7106=DIRECTION('ref_axis',(1.,0.,0.));
#7107=DIRECTION('center_axis',(0.,0.,1.));
#7108=DIRECTION('ref_axis',(1.,0.,0.));
#7109=DIRECTION('center_axis',(0.,0.,1.));
#7110=DIRECTION('ref_axis',(1.,0.,0.));
#7111=DIRECTION('center_axis',(0.,0.,1.));
#7112=DIRECTION('ref_axis',(1.,0.,0.));
#7113=DIRECTION('',(0.,0.,-1.));
#7114=DIRECTION('center_axis',(0.,0.,1.));
#7115=DIRECTION('ref_axis',(1.,0.,0.));
#7116=DIRECTION('axis',(0.,0.,1.));
#7117=DIRECTION('refdir',(1.,0.,0.));
#7118=DIRECTION('center_axis',(0.,0.,1.));
#7119=DIRECTION('ref_axis',(1.,0.,0.));
#7120=DIRECTION('center_axis',(0.,0.,-1.));
#7121=DIRECTION('ref_axis',(-1.,0.,0.));
#7122=DIRECTION('center_axis',(-1.22464679914735E-16,-1.,0.));
#7123=DIRECTION('ref_axis',(-1.,1.22464679914735E-16,0.));
#7124=DIRECTION('center_axis',(0.,0.,1.));
#7125=DIRECTION('ref_axis',(1.,0.,0.));
#7126=DIRECTION('center_axis',(0.,0.,1.));
#7127=DIRECTION('ref_axis',(1.,0.,0.));
#7128=DIRECTION('center_axis',(0.,0.,-1.));
#7129=DIRECTION('ref_axis',(1.,0.,0.));
#7130=DIRECTION('center_axis',(0.,0.,-1.));
#7131=DIRECTION('ref_axis',(-1.,0.,0.));
#7132=DIRECTION('center_axis',(0.,0.,1.));
#7133=DIRECTION('ref_axis',(1.,0.,0.));
#7134=DIRECTION('center_axis',(-1.22464679914735E-16,-1.,0.));
#7135=DIRECTION('ref_axis',(1.,-1.22464679914735E-16,0.));
#7136=DIRECTION('center_axis',(0.,0.,1.));
#7137=DIRECTION('ref_axis',(1.,0.,0.));
#7138=DIRECTION('center_axis',(0.,0.,-1.));
#7139=DIRECTION('ref_axis',(1.,0.,0.));
#7140=DIRECTION('center_axis',(0.,0.,-1.));
#7141=DIRECTION('ref_axis',(1.,0.,0.));
#7142=DIRECTION('center_axis',(0.,0.,-1.));
#7143=DIRECTION('ref_axis',(-1.,0.,0.));
#7144=DIRECTION('center_axis',(-1.22464679914735E-16,1.,0.));
#7145=DIRECTION('ref_axis',(-1.,-1.22464679914735E-16,0.));
#7146=DIRECTION('center_axis',(0.,0.,1.));
#7147=DIRECTION('ref_axis',(-1.,0.,0.));
#7148=DIRECTION('center_axis',(0.,0.,1.));
#7149=DIRECTION('ref_axis',(-1.,0.,0.));
#7150=DIRECTION('center_axis',(0.,0.,1.));
#7151=DIRECTION('ref_axis',(-1.,0.,0.));
#7152=DIRECTION('center_axis',(0.,0.,1.));
#7153=DIRECTION('ref_axis',(-1.,0.,0.));
#7154=DIRECTION('center_axis',(0.,0.,1.));
#7155=DIRECTION('ref_axis',(1.,0.,0.));
#7156=DIRECTION('center_axis',(0.,0.,1.));
#7157=DIRECTION('ref_axis',(1.,0.,0.));
#7158=DIRECTION('',(0.,0.,-1.));
#7159=DIRECTION('center_axis',(0.,0.,1.));
#7160=DIRECTION('ref_axis',(1.,0.,0.));
#7161=DIRECTION('center_axis',(0.,0.,-1.));
#7162=DIRECTION('ref_axis',(1.,0.,0.));
#7163=DIRECTION('center_axis',(0.,0.,1.));
#7164=DIRECTION('ref_axis',(1.,0.,0.));
#7165=DIRECTION('center_axis',(0.,0.,1.));
#7166=DIRECTION('ref_axis',(1.,0.,0.));
#7167=DIRECTION('center_axis',(0.,0.,-1.));
#7168=DIRECTION('ref_axis',(1.,0.,0.));
#7169=DIRECTION('',(0.,0.,-1.));
#7170=DIRECTION('center_axis',(0.,0.,1.));
#7171=DIRECTION('ref_axis',(1.,0.,0.));
#7172=DIRECTION('',(0.,0.,-1.));
#7173=DIRECTION('center_axis',(0.,0.,1.));
#7174=DIRECTION('ref_axis',(1.,0.,0.));
#7175=DIRECTION('axis',(0.,0.,1.));
#7176=DIRECTION('refdir',(1.,0.,0.));
#7177=DIRECTION('center_axis',(1.,0.,2.22044604925031E-16));
#7178=DIRECTION('ref_axis',(2.22044604925031E-16,0.,-1.));
#7179=DIRECTION('center_axis',(-0.707106781186548,0.,-0.707106781186547));
#7180=DIRECTION('ref_axis',(0.707106781186547,0.,-0.707106781186548));
#7181=DIRECTION('center_axis',(-0.707106781186548,0.,0.707106781186547));
#7182=DIRECTION('ref_axis',(0.707106781186547,0.,0.707106781186548));
#7183=DIRECTION('',(1.,0.,2.22044604925031E-16));
#7184=DIRECTION('center_axis',(1.,0.,2.22044604925031E-16));
#7185=DIRECTION('ref_axis',(2.22044604925031E-16,0.,-1.));
#7186=DIRECTION('center_axis',(-0.707106781186548,0.,0.707106781186547));
#7187=DIRECTION('ref_axis',(0.707106781186547,0.,0.707106781186548));
#7188=DIRECTION('center_axis',(1.,0.,2.22044604925031E-16));
#7189=DIRECTION('ref_axis',(2.22044604925031E-16,0.,-1.));
#7190=DIRECTION('center_axis',(1.,0.,2.22044604925031E-16));
#7191=DIRECTION('ref_axis',(2.22044604925031E-16,0.,-1.));
#7192=DIRECTION('',(1.,0.,2.22044604925031E-16));
#7193=DIRECTION('center_axis',(0.707106781186548,0.,0.707106781186547));
#7194=DIRECTION('ref_axis',(0.707106781186547,0.,-0.707106781186548));
#7195=DIRECTION('center_axis',(0.707106781186548,0.,-0.707106781186547));
#7196=DIRECTION('ref_axis',(0.707106781186547,0.,0.707106781186548));
#7197=DIRECTION('center_axis',(0.707106781186548,0.,-0.707106781186547));
#7198=DIRECTION('ref_axis',(0.707106781186547,0.,0.707106781186548));
#7199=DIRECTION('center_axis',(0.707106781186548,0.,0.707106781186547));
#7200=DIRECTION('ref_axis',(0.707106781186547,0.,-0.707106781186548));
#7201=DIRECTION('center_axis',(1.,0.,2.22044604925031E-16));
#7202=DIRECTION('ref_axis',(2.22044604925031E-16,0.,-1.));
#7203=DIRECTION('center_axis',(0.707106781186548,0.,-0.707106781186547));
#7204=DIRECTION('ref_axis',(-0.707106781186547,0.,-0.707106781186548));
#7205=DIRECTION('center_axis',(0.707106781186548,0.,0.707106781186547));
#7206=DIRECTION('ref_axis',(0.707106781186548,0.,-0.707106781186548));
#7207=DIRECTION('',(-1.,0.,-2.22044604925031E-16));
#7208=DIRECTION('center_axis',(-1.,0.,-2.22044604925031E-16));
#7209=DIRECTION('ref_axis',(2.22044604925031E-16,0.,-1.));
#7210=DIRECTION('center_axis',(0.707106781186548,0.,0.707106781186547));
#7211=DIRECTION('ref_axis',(0.707106781186548,0.,-0.707106781186548));
#7212=DIRECTION('center_axis',(0.707106781186548,0.,-0.707106781186547));
#7213=DIRECTION('ref_axis',(-0.707106781186547,0.,-0.707106781186548));
#7214=DIRECTION('center_axis',(1.,0.,2.22044604925031E-16));
#7215=DIRECTION('ref_axis',(2.22044604925031E-16,0.,-1.));
#7216=DIRECTION('center_axis',(-1.,0.,-2.22044604925031E-16));
#7217=DIRECTION('ref_axis',(2.22044604925031E-16,0.,-1.));
#7218=DIRECTION('',(-1.,0.,-2.22044604925031E-16));
#7219=DIRECTION('center_axis',(-0.707106781186548,0.,0.707106781186547));
#7220=DIRECTION('ref_axis',(-0.707106781186547,0.,-0.707106781186548));
#7221=DIRECTION('center_axis',(-0.707106781186548,0.,-0.707106781186547));
#7222=DIRECTION('ref_axis',(0.707106781186548,0.,-0.707106781186548));
#7223=DIRECTION('center_axis',(-0.707106781186548,0.,0.707106781186547));
#7224=DIRECTION('ref_axis',(-0.707106781186547,0.,-0.707106781186548));
#7225=DIRECTION('center_axis',(1.,0.,2.22044604925031E-16));
#7226=DIRECTION('ref_axis',(2.22044604925031E-16,0.,-1.));
#7227=DIRECTION('center_axis',(1.,0.,2.22044604925031E-16));
#7228=DIRECTION('ref_axis',(2.22044604925031E-16,0.,-1.));
#7229=DIRECTION('',(-1.,0.,-2.22044604925031E-16));
#7230=DIRECTION('center_axis',(1.,0.,2.22044604925031E-16));
#7231=DIRECTION('ref_axis',(2.22044604925031E-16,0.,-1.));
#7232=DIRECTION('center_axis',(-1.,0.,-2.22044604925031E-16));
#7233=DIRECTION('ref_axis',(2.22044604925031E-16,0.,-1.));
#7234=DIRECTION('center_axis',(1.,0.,2.22044604925031E-16));
#7235=DIRECTION('ref_axis',(2.22044604925031E-16,0.,-1.));
#7236=DIRECTION('',(0.280566991812824,-1.17545818160782E-16,0.959834445675452));
#7237=DIRECTION('center_axis',(1.,0.,2.22044604925031E-16));
#7238=DIRECTION('ref_axis',(2.22044604925031E-16,0.,-1.));
#7239=DIRECTION('center_axis',(1.,0.,2.22044604925031E-16));
#7240=DIRECTION('ref_axis',(2.22044604925031E-16,0.,-1.));
#7241=DIRECTION('',(1.,0.,2.22044604925031E-16));
#7242=DIRECTION('center_axis',(1.,0.,2.22044604925031E-16));
#7243=DIRECTION('ref_axis',(2.22044604925031E-16,0.,-1.));
#7244=DIRECTION('center_axis',(1.,0.,2.22044604925031E-16));
#7245=DIRECTION('ref_axis',(2.22044604925031E-16,0.,-1.));
#7246=DIRECTION('center_axis',(1.,0.,2.22044604925031E-16));
#7247=DIRECTION('ref_axis',(2.22044604925031E-16,0.,-1.));
#7248=DIRECTION('center_axis',(1.,0.,2.22044604925031E-16));
#7249=DIRECTION('ref_axis',(2.22044604925031E-16,0.,-1.));
#7250=DIRECTION('',(1.,0.,2.22044604925031E-16));
#7251=DIRECTION('center_axis',(1.,0.,2.22044604925031E-16));
#7252=DIRECTION('ref_axis',(2.22044604925031E-16,0.,-1.));
#7253=DIRECTION('center_axis',(-1.,0.,-2.22044604925031E-16));
#7254=DIRECTION('ref_axis',(2.22044604925031E-16,0.,-1.));
#7255=DIRECTION('center_axis',(-1.,0.,-2.22044604925031E-16));
#7256=DIRECTION('ref_axis',(2.22044604925031E-16,0.,-1.));
#7257=DIRECTION('',(-0.280566991812825,-1.17545818160782E-16,0.959834445675452));
#7258=DIRECTION('center_axis',(1.,0.,2.22044604925031E-16));
#7259=DIRECTION('ref_axis',(2.22044604925031E-16,0.,-1.));
#7260=DIRECTION('center_axis',(1.,0.,2.22044604925031E-16));
#7261=DIRECTION('ref_axis',(2.22044604925031E-16,0.,-1.));
#7262=DIRECTION('',(-1.,0.,-2.22044604925031E-16));
#7263=DIRECTION('center_axis',(1.,0.,2.22044604925031E-16));
#7264=DIRECTION('ref_axis',(2.22044604925031E-16,0.,-1.));
#7265=DIRECTION('center_axis',(1.,0.,2.22044604925031E-16));
#7266=DIRECTION('ref_axis',(2.22044604925031E-16,0.,-1.));
#7267=DIRECTION('center_axis',(0.,0.,1.));
#7268=DIRECTION('ref_axis',(1.,0.,0.));
#7269=DIRECTION('',(0.,0.,1.));
#7270=DIRECTION('center_axis',(0.,0.,1.));
#7271=DIRECTION('ref_axis',(1.,0.,0.));
#7272=DIRECTION('center_axis',(0.,0.,1.));
#7273=DIRECTION('ref_axis',(1.,0.,0.));
#7274=DIRECTION('center_axis',(0.,0.,1.));
#7275=DIRECTION('ref_axis',(1.,0.,0.));
#7276=DIRECTION('',(0.,0.,1.));
#7277=DIRECTION('center_axis',(0.,0.,1.));
#7278=DIRECTION('ref_axis',(1.,0.,0.));
#7279=DIRECTION('',(0.,0.,-1.));
#7280=DIRECTION('center_axis',(0.,0.,-1.));
#7281=DIRECTION('ref_axis',(1.,0.,0.));
#7282=DIRECTION('center_axis',(0.,0.,1.));
#7283=DIRECTION('ref_axis',(1.,0.,0.));
#7284=DIRECTION('center_axis',(0.,0.,-1.));
#7285=DIRECTION('ref_axis',(1.,0.,0.));
#7286=DIRECTION('',(0.,0.,-1.));
#7287=DIRECTION('center_axis',(0.,0.,1.));
#7288=DIRECTION('ref_axis',(1.,0.,0.));
#7289=DIRECTION('center_axis',(0.,0.,1.));
#7290=DIRECTION('ref_axis',(1.,0.,0.));
#7291=DIRECTION('',(0.,0.,-1.));
#7292=DIRECTION('center_axis',(0.,0.,1.));
#7293=DIRECTION('ref_axis',(1.,0.,0.));
#7294=DIRECTION('center_axis',(0.,0.,-1.));
#7295=DIRECTION('ref_axis',(1.,0.,0.));
#7296=DIRECTION('center_axis',(0.,0.,1.));
#7297=DIRECTION('ref_axis',(1.,0.,0.));
#7298=DIRECTION('',(-0.959834445675452,-1.17545818160782E-16,0.280566991812825));
#7299=DIRECTION('center_axis',(0.,0.,1.));
#7300=DIRECTION('ref_axis',(1.,0.,0.));
#7301=DIRECTION('center_axis',(0.,0.,1.));
#7302=DIRECTION('ref_axis',(1.,0.,0.));
#7303=DIRECTION('',(0.,0.,1.));
#7304=DIRECTION('center_axis',(0.,0.,1.));
#7305=DIRECTION('ref_axis',(1.,0.,0.));
#7306=DIRECTION('center_axis',(0.,0.,1.));
#7307=DIRECTION('ref_axis',(1.,0.,0.));
#7308=DIRECTION('center_axis',(0.,0.,1.));
#7309=DIRECTION('ref_axis',(1.,0.,0.));
#7310=DIRECTION('center_axis',(0.,0.,1.));
#7311=DIRECTION('ref_axis',(1.,0.,0.));
#7312=DIRECTION('',(0.,0.,1.));
#7313=DIRECTION('center_axis',(0.,0.,1.));
#7314=DIRECTION('ref_axis',(1.,0.,0.));
#7315=DIRECTION('center_axis',(0.,0.,-1.));
#7316=DIRECTION('ref_axis',(1.,0.,0.));
#7317=DIRECTION('center_axis',(0.,0.,-1.));
#7318=DIRECTION('ref_axis',(1.,0.,0.));
#7319=DIRECTION('',(-0.959834445675452,-1.17545818160782E-16,-0.280566991812825));
#7320=DIRECTION('center_axis',(0.,0.,1.));
#7321=DIRECTION('ref_axis',(1.,0.,0.));
#7322=DIRECTION('center_axis',(0.,0.,1.));
#7323=DIRECTION('ref_axis',(1.,0.,0.));
#7324=DIRECTION('',(0.,0.,-1.));
#7325=DIRECTION('center_axis',(0.,0.,1.));
#7326=DIRECTION('ref_axis',(1.,0.,0.));
#7327=DIRECTION('center_axis',(0.,0.,1.));
#7328=DIRECTION('ref_axis',(1.,0.,0.));
#7329=DIRECTION('axis',(0.,0.,1.));
#7330=DIRECTION('refdir',(1.,0.,0.));
#7331=DIRECTION('center_axis',(0.,0.,-1.));
#7332=DIRECTION('ref_axis',(0.,-1.,0.));
#7333=DIRECTION('center_axis',(1.,0.,0.));
#7334=DIRECTION('ref_axis',(0.,-1.,0.));
#7335=DIRECTION('center_axis',(1.,0.,0.));
#7336=DIRECTION('ref_axis',(0.,-1.,0.));
#7337=DIRECTION('center_axis',(0.,0.,-1.));
#7338=DIRECTION('ref_axis',(1.,0.,0.));
#7339=DIRECTION('center_axis',(0.,0.,-1.));
#7340=DIRECTION('ref_axis',(1.,0.,0.));
#7341=DIRECTION('center_axis',(0.,0.,-1.));
#7342=DIRECTION('ref_axis',(1.,0.,0.));
#7343=DIRECTION('',(0.,0.,1.));
#7344=DIRECTION('center_axis',(0.,0.,1.));
#7345=DIRECTION('ref_axis',(-1.,0.,0.));
#7346=DIRECTION('center_axis',(0.,0.,-1.));
#7347=DIRECTION('ref_axis',(1.,0.,0.));
#7348=DIRECTION('center_axis',(0.,0.,-1.));
#7349=DIRECTION('ref_axis',(-1.,0.,0.));
#7350=DIRECTION('',(0.,0.,1.));
#7351=DIRECTION('center_axis',(0.,0.,1.));
#7352=DIRECTION('ref_axis',(1.,0.,0.));
#7353=DIRECTION('center_axis',(0.,0.,1.));
#7354=DIRECTION('ref_axis',(1.,0.,0.));
#7355=DIRECTION('center_axis',(0.,0.,1.));
#7356=DIRECTION('ref_axis',(1.,0.,0.));
#7357=DIRECTION('center_axis',(0.,0.,-1.));
#7358=DIRECTION('ref_axis',(1.,0.,0.));
#7359=DIRECTION('center_axis',(0.,0.,-1.));
#7360=DIRECTION('ref_axis',(1.,0.,0.));
#7361=DIRECTION('',(0.,0.,1.));
#7362=DIRECTION('center_axis',(0.,0.,1.));
#7363=DIRECTION('ref_axis',(-1.,0.,0.));
#7364=DIRECTION('center_axis',(0.,0.,-1.));
#7365=DIRECTION('ref_axis',(1.,0.,0.));
#7366=DIRECTION('center_axis',(0.,0.,-1.));
#7367=DIRECTION('ref_axis',(-1.,0.,0.));
#7368=DIRECTION('',(0.,0.,1.));
#7369=DIRECTION('center_axis',(0.,0.,1.));
#7370=DIRECTION('ref_axis',(1.,0.,0.));
#7371=DIRECTION('center_axis',(0.,0.,1.));
#7372=DIRECTION('ref_axis',(1.,0.,0.));
#7373=DIRECTION('center_axis',(0.,0.,1.));
#7374=DIRECTION('ref_axis',(1.,0.,0.));
#7375=DIRECTION('center_axis',(0.,0.,1.));
#7376=DIRECTION('ref_axis',(1.,0.,0.));
#7377=DIRECTION('center_axis',(0.,0.,1.));
#7378=DIRECTION('ref_axis',(1.,0.,0.));
#7379=DIRECTION('',(0.,0.,-1.));
#7380=DIRECTION('center_axis',(0.,0.,1.));
#7381=DIRECTION('ref_axis',(1.,0.,0.));
#7382=DIRECTION('center_axis',(0.,0.,1.));
#7383=DIRECTION('ref_axis',(1.,0.,0.));
#7384=DIRECTION('center_axis',(0.,0.,1.));
#7385=DIRECTION('ref_axis',(1.,0.,0.));
#7386=DIRECTION('axis',(0.,0.,1.));
#7387=DIRECTION('refdir',(1.,0.,0.));
#7388=DIRECTION('center_axis',(-1.,6.53072367426564E-16,0.));
#7389=DIRECTION('ref_axis',(6.53072367426564E-16,1.,0.));
#7390=DIRECTION('',(6.53072367426564E-16,1.,0.));
#7391=DIRECTION('',(0.,0.,1.));
#7392=DIRECTION('',(6.53072367426564E-16,1.,0.));
#7393=DIRECTION('',(0.,0.,-1.));
#7394=DIRECTION('center_axis',(1.,0.,0.));
#7395=DIRECTION('ref_axis',(0.,-1.,0.));
#7396=DIRECTION('',(0.,-1.,0.));
#7397=DIRECTION('',(0.,0.,-1.));
#7398=DIRECTION('',(0.,-1.,0.));
#7399=DIRECTION('',(0.,0.,-1.));
#7400=DIRECTION('center_axis',(1.46081976924363E-16,1.,0.));
#7401=DIRECTION('ref_axis',(1.,-1.46081976924363E-16,0.));
#7402=DIRECTION('',(1.,-1.46081976924363E-16,0.));
#7403=DIRECTION('',(1.,-1.46081976924363E-16,0.));
#7404=DIRECTION('center_axis',(0.,0.,-1.));
#7405=DIRECTION('ref_axis',(-1.,0.,0.));
#7406=DIRECTION('',(-1.,-7.40148683083438E-17,0.));
#7407=DIRECTION('center_axis',(1.,0.,0.));
#7408=DIRECTION('ref_axis',(0.,-1.,0.));
#7409=DIRECTION('',(0.,-1.,0.));
#7410=DIRECTION('',(0.,0.,1.));
#7411=DIRECTION('',(0.,-1.,0.));
#7412=DIRECTION('',(0.,0.,-1.));
#7413=DIRECTION('center_axis',(-1.,6.53072367426564E-16,0.));
#7414=DIRECTION('ref_axis',(6.53072367426564E-16,1.,0.));
#7415=DIRECTION('',(6.53072367426564E-16,1.,0.));
#7416=DIRECTION('',(0.,0.,-1.));
#7417=DIRECTION('',(6.53072367426564E-16,1.,0.));
#7418=DIRECTION('',(0.,0.,-1.));
#7419=DIRECTION('center_axis',(-2.92163953848725E-16,-1.,0.));
#7420=DIRECTION('ref_axis',(-1.,2.92163953848725E-16,0.));
#7421=DIRECTION('',(-1.,2.92163953848725E-16,0.));
#7422=DIRECTION('',(-1.,2.92163953848725E-16,0.));
#7423=DIRECTION('center_axis',(0.,0.,-1.));
#7424=DIRECTION('ref_axis',(-1.,0.,0.));
#7425=DIRECTION('',(1.,-1.48029736616688E-16,0.));
#7426=DIRECTION('center_axis',(7.40148683083438E-17,-1.,0.));
#7427=DIRECTION('ref_axis',(1.,7.40148683083438E-17,0.));
#7428=DIRECTION('',(1.,7.40148683083438E-17,0.));
#7429=DIRECTION('',(0.,0.,1.));
#7430=DIRECTION('',(-1.,-7.40148683083438E-17,0.));
#7431=DIRECTION('',(0.,0.,1.));
#7432=DIRECTION('',(1.,7.40148683083438E-17,0.));
#7433=DIRECTION('',(0.,0.,-1.));
#7434=DIRECTION('',(-1.,-7.40148683083438E-17,0.));
#7435=DIRECTION('',(0.,0.,1.));
#7436=DIRECTION('',(1.,7.40148683083438E-17,0.));
#7437=DIRECTION('',(0.,0.,-1.));
#7438=DIRECTION('',(-1.,-7.40148683083438E-17,0.));
#7439=DIRECTION('',(0.,0.,1.));
#7440=DIRECTION('',(1.,7.40148683083438E-17,0.));
#7441=DIRECTION('center_axis',(1.48029736616688E-16,1.,0.));
#7442=DIRECTION('ref_axis',(-1.,1.48029736616688E-16,0.));
#7443=DIRECTION('',(-1.,1.48029736616688E-16,0.));
#7444=DIRECTION('',(0.,0.,1.));
#7445=DIRECTION('',(1.,-1.48029736616688E-16,0.));
#7446=DIRECTION('',(0.,0.,1.));
#7447=DIRECTION('',(-1.,1.48029736616688E-16,0.));
#7448=DIRECTION('',(0.,0.,-1.));
#7449=DIRECTION('',(1.,-1.48029736616688E-16,0.));
#7450=DIRECTION('',(0.,0.,1.));
#7451=DIRECTION('',(-1.,1.48029736616688E-16,0.));
#7452=DIRECTION('',(0.,0.,-1.));
#7453=DIRECTION('',(1.,-1.48029736616688E-16,0.));
#7454=DIRECTION('',(0.,0.,1.));
#7455=DIRECTION('',(-1.,1.48029736616688E-16,0.));
#7456=DIRECTION('center_axis',(0.,0.,1.));
#7457=DIRECTION('ref_axis',(1.,0.,0.));
#7458=DIRECTION('center_axis',(0.,0.,1.));
#7459=DIRECTION('ref_axis',(1.,0.,0.));
#7460=DIRECTION('',(0.,0.,1.));
#7461=DIRECTION('center_axis',(0.,0.,1.));
#7462=DIRECTION('ref_axis',(1.,0.,0.));
#7463=DIRECTION('center_axis',(0.,0.,-1.));
#7464=DIRECTION('ref_axis',(1.,0.,0.));
#7465=DIRECTION('center_axis',(0.,0.,1.));
#7466=DIRECTION('ref_axis',(1.,0.,0.));
#7467=DIRECTION('center_axis',(0.,0.,1.));
#7468=DIRECTION('ref_axis',(1.,0.,0.));
#7469=DIRECTION('',(0.,0.,1.));
#7470=DIRECTION('center_axis',(0.,0.,1.));
#7471=DIRECTION('ref_axis',(1.,0.,0.));
#7472=DIRECTION('center_axis',(0.,0.,-1.));
#7473=DIRECTION('ref_axis',(1.,0.,0.));
#7474=DIRECTION('center_axis',(-1.,1.5020664450811E-15,0.));
#7475=DIRECTION('ref_axis',(-1.5020664450811E-15,-1.,0.));
#7476=DIRECTION('',(-1.5020664450811E-15,-1.,0.));
#7477=DIRECTION('',(-1.5020664450811E-15,-1.,0.));
#7478=DIRECTION('center_axis',(1.,-8.70763156568754E-17,0.));
#7479=DIRECTION('ref_axis',(8.70763156568754E-17,1.,0.));
#7480=DIRECTION('',(8.70763156568754E-17,1.,0.));
#7481=DIRECTION('',(8.70763156568754E-17,1.,0.));
#7482=DIRECTION('center_axis',(0.,0.,-1.));
#7483=DIRECTION('ref_axis',(1.,0.,0.));
#7484=DIRECTION('center_axis',(0.,0.,-1.));
#7485=DIRECTION('ref_axis',(1.,0.,0.));
#7486=DIRECTION('center_axis',(1.,1.82860262879438E-15,0.));
#7487=DIRECTION('ref_axis',(-1.82860262879438E-15,1.,0.));
#7488=DIRECTION('',(-1.82860262879438E-15,1.,0.));
#7489=DIRECTION('',(-1.82860262879438E-15,1.,0.));
#7490=DIRECTION('center_axis',(-1.,-4.35381578284377E-16,0.));
#7491=DIRECTION('ref_axis',(4.35381578284377E-16,-1.,0.));
#7492=DIRECTION('',(4.35381578284377E-16,-1.,0.));
#7493=DIRECTION('',(4.35381578284377E-16,-1.,0.));
#7494=DIRECTION('center_axis',(0.,0.,-1.));
#7495=DIRECTION('ref_axis',(1.,0.,0.));
#7496=DIRECTION('center_axis',(0.,0.,-1.));
#7497=DIRECTION('ref_axis',(1.,0.,0.));
#7498=DIRECTION('center_axis',(0.,0.,1.));
#7499=DIRECTION('ref_axis',(1.,0.,0.));
#7500=DIRECTION('',(-1.39322105051E-15,1.,0.));
#7501=DIRECTION('center_axis',(0.,0.,1.));
#7502=DIRECTION('ref_axis',(1.,0.,0.));
#7503=DIRECTION('center_axis',(0.,0.,1.));
#7504=DIRECTION('ref_axis',(1.,0.,0.));
#7505=DIRECTION('',(-5.2245789394125E-16,-1.,0.));
#7506=DIRECTION('center_axis',(0.,0.,1.));
#7507=DIRECTION('ref_axis',(1.,0.,0.));
#7508=DIRECTION('',(0.,0.,1.));
#7509=DIRECTION('center_axis',(0.,0.,-1.));
#7510=DIRECTION('ref_axis',(1.,0.,0.));
#7511=DIRECTION('center_axis',(0.,0.,1.));
#7512=DIRECTION('ref_axis',(1.,0.,0.));
#7513=DIRECTION('',(0.,0.,1.));
#7514=DIRECTION('center_axis',(0.,0.,-1.));
#7515=DIRECTION('ref_axis',(1.,0.,0.));
#7516=DIRECTION('center_axis',(1.,-5.2245789394125E-16,0.));
#7517=DIRECTION('ref_axis',(5.2245789394125E-16,1.,0.));
#7518=DIRECTION('',(5.2245789394125E-16,1.,0.));
#7519=DIRECTION('center_axis',(-1.,-1.39322105051E-15,0.));
#7520=DIRECTION('ref_axis',(1.39322105051E-15,-1.,0.));
#7521=DIRECTION('',(1.39322105051E-15,-1.,0.));
#7522=DIRECTION('center_axis',(0.,0.,1.));
#7523=DIRECTION('ref_axis',(1.,0.,0.));
#7524=DIRECTION('axis',(0.,0.,1.));
#7525=DIRECTION('refdir',(1.,0.,0.));
#7526=DIRECTION('center_axis',(0.,0.,1.));
#7527=DIRECTION('ref_axis',(1.,0.,0.));
#7528=DIRECTION('center_axis',(0.,0.,1.));
#7529=DIRECTION('ref_axis',(1.,0.,0.));
#7530=DIRECTION('',(0.,0.,-1.));
#7531=DIRECTION('center_axis',(0.,0.,1.));
#7532=DIRECTION('ref_axis',(1.,0.,0.));
#7533=DIRECTION('center_axis',(0.,0.,1.));
#7534=DIRECTION('ref_axis',(1.,0.,0.));
#7535=DIRECTION('center_axis',(0.,0.,1.));
#7536=DIRECTION('ref_axis',(1.,0.,0.));
#7537=DIRECTION('axis',(0.,0.,1.));
#7538=DIRECTION('refdir',(1.,0.,0.));
#7539=DIRECTION('center_axis',(1.,0.,2.26576127474522E-16));
#7540=DIRECTION('ref_axis',(0.,1.,0.));
#7541=DIRECTION('center_axis',(-1.,0.,-2.22044604925031E-16));
#7542=DIRECTION('ref_axis',(0.,1.,0.));
#7543=DIRECTION('',(-1.,0.,-2.26576127474522E-16));
#7544=DIRECTION('center_axis',(-1.,0.,-2.22044604925031E-16));
#7545=DIRECTION('ref_axis',(0.,1.,0.));
#7546=DIRECTION('center_axis',(1.,0.,2.22044604925031E-16));
#7547=DIRECTION('ref_axis',(0.,1.,0.));
#7548=DIRECTION('center_axis',(1.,0.,2.22044604925031E-16));
#7549=DIRECTION('ref_axis',(0.,1.,0.));
#7550=DIRECTION('axis',(0.,0.,1.));
#7551=DIRECTION('refdir',(1.,0.,0.));
#7552=DIRECTION('center_axis',(-1.,1.09930414048371E-32,2.75056340480897E-32));
#7553=DIRECTION('ref_axis',(2.75056340480897E-32,0.689236855696299,0.724536097616868));
#7554=DIRECTION('center_axis',(1.,0.,0.));
#7555=DIRECTION('ref_axis',(0.,0.,-1.));
#7556=DIRECTION('',(-1.,1.09930414048371E-32,2.75056340480897E-32));
#7557=DIRECTION('center_axis',(1.,0.,0.));
#7558=DIRECTION('ref_axis',(0.,0.,-1.));
#7559=DIRECTION('center_axis',(1.,0.,0.));
#7560=DIRECTION('ref_axis',(0.,0.,-1.));
#7561=DIRECTION('center_axis',(1.,0.,0.));
#7562=DIRECTION('ref_axis',(0.,0.,-1.));
#7563=DIRECTION('center_axis',(-1.,1.09930414048371E-32,2.75056340480897E-32));
#7564=DIRECTION('ref_axis',(2.75056340480897E-32,0.689236855696299,0.724536097616868));
#7565=DIRECTION('center_axis',(-1.,0.,0.));
#7566=DIRECTION('ref_axis',(0.,0.,-1.));
#7567=DIRECTION('',(1.,-1.09930414048371E-32,-2.75056340480897E-32));
#7568=DIRECTION('center_axis',(-1.,1.09930414048371E-32,2.75056340480897E-32));
#7569=DIRECTION('ref_axis',(2.75056340480897E-32,0.689236855696299,0.724536097616868));
#7570=DIRECTION('center_axis',(-1.,1.09930414048371E-32,2.75056340480897E-32));
#7571=DIRECTION('ref_axis',(2.75056340480897E-32,0.689236855696299,0.724536097616868));
#7572=DIRECTION('center_axis',(1.,-6.12323399573676E-17,0.));
#7573=DIRECTION('ref_axis',(0.,-1.,0.));
#7574=DIRECTION('center_axis',(0.,-1.22464679914735E-16,1.));
#7575=DIRECTION('ref_axis',(0.,1.,1.22464679914735E-16));
#7576=DIRECTION('center_axis',(1.,0.,0.));
#7577=DIRECTION('ref_axis',(0.,0.,-1.));
#7578=DIRECTION('center_axis',(1.,0.,0.));
#7579=DIRECTION('ref_axis',(0.,0.,-1.));
#7580=DIRECTION('',(0.275637355817,-1.17720605907382E-16,0.961261695938318));
#7581=DIRECTION('center_axis',(1.,0.,0.));
#7582=DIRECTION('ref_axis',(0.,0.,-1.));
#7583=DIRECTION('center_axis',(-1.,0.,6.98296267768627E-15));
#7584=DIRECTION('ref_axis',(6.98296267768627E-15,0.,1.));
#7585=DIRECTION('',(-0.515038074910058,-1.04972719113862E-16,-0.85716730070211));
#7586=DIRECTION('center_axis',(-1.,0.,6.98296267768627E-15));
#7587=DIRECTION('ref_axis',(6.98296267768627E-15,0.,1.));
#7588=DIRECTION('center_axis',(-1.,0.,6.98296267768627E-15));
#7589=DIRECTION('ref_axis',(6.98296267768627E-15,0.,1.));
#7590=DIRECTION('',(-1.,0.,6.98296267768627E-15));
#7591=DIRECTION('',(1.,0.,-6.98296267768627E-15));
#7592=DIRECTION('center_axis',(-1.,0.,6.98296267768627E-15));
#7593=DIRECTION('ref_axis',(6.98296267768627E-15,0.,1.));
#7594=DIRECTION('',(-1.,0.,6.98296267768627E-15));
#7595=DIRECTION('center_axis',(1.,0.,-6.98296267768627E-15));
#7596=DIRECTION('ref_axis',(-6.98296267768627E-15,0.,-1.));
#7597=DIRECTION('center_axis',(1.,0.,-6.98296267768627E-15));
#7598=DIRECTION('ref_axis',(-6.98296267768627E-15,0.,-1.));
#7599=DIRECTION('',(-1.,0.,6.98296267768627E-15));
#7600=DIRECTION('center_axis',(1.,0.,-6.98296267768627E-15));
#7601=DIRECTION('ref_axis',(-6.98296267768627E-15,0.,-1.));
#7602=DIRECTION('center_axis',(1.,0.,-6.98296267768627E-15));
#7603=DIRECTION('ref_axis',(-6.98296267768627E-15,0.,-1.));
#7604=DIRECTION('center_axis',(1.,0.,-6.98296267768627E-15));
#7605=DIRECTION('ref_axis',(-6.98296267768627E-15,0.,-1.));
#7606=DIRECTION('',(-1.,0.,6.98296267768627E-15));
#7607=DIRECTION('',(1.,0.,-6.98296267768627E-15));
#7608=DIRECTION('center_axis',(1.,0.,-6.98296267768627E-15));
#7609=DIRECTION('ref_axis',(-6.98296267768627E-15,0.,-1.));
#7610=DIRECTION('',(-1.,0.,6.98296267768627E-15));
#7611=DIRECTION('center_axis',(-1.,0.,0.));
#7612=DIRECTION('ref_axis',(0.,0.,1.));
#7613=DIRECTION('center_axis',(-1.,0.,0.));
#7614=DIRECTION('ref_axis',(0.,0.,1.));
#7615=DIRECTION('',(1.,0.,0.));
#7616=DIRECTION('center_axis',(-1.,0.,0.));
#7617=DIRECTION('ref_axis',(0.,0.,1.));
#7618=DIRECTION('center_axis',(-1.,0.,0.));
#7619=DIRECTION('ref_axis',(0.,0.,1.));
#7620=DIRECTION('center_axis',(-1.,0.,0.));
#7621=DIRECTION('ref_axis',(0.,0.,1.));
#7622=DIRECTION('center_axis',(-1.,0.,0.));
#7623=DIRECTION('ref_axis',(0.,0.,1.));
#7624=DIRECTION('',(1.,0.,0.));
#7625=DIRECTION('center_axis',(-1.,0.,0.));
#7626=DIRECTION('ref_axis',(0.,0.,1.));
#7627=DIRECTION('',(1.,0.,0.));
#7628=DIRECTION('center_axis',(-1.,0.,0.));
#7629=DIRECTION('ref_axis',(0.,0.,1.));
#7630=DIRECTION('',(1.,0.,0.));
#7631=DIRECTION('center_axis',(-1.,0.,0.));
#7632=DIRECTION('ref_axis',(0.,0.,1.));
#7633=DIRECTION('center_axis',(-1.,0.,0.));
#7634=DIRECTION('ref_axis',(0.,0.,1.));
#7635=DIRECTION('',(1.,0.,0.));
#7636=DIRECTION('center_axis',(-1.,0.,0.));
#7637=DIRECTION('ref_axis',(0.,0.,1.));
#7638=DIRECTION('center_axis',(-1.,0.,0.));
#7639=DIRECTION('ref_axis',(0.,0.,1.));
#7640=DIRECTION('',(1.,0.,0.));
#7641=DIRECTION('center_axis',(-1.,0.,0.));
#7642=DIRECTION('ref_axis',(0.,0.,1.));
#7643=DIRECTION('',(1.,0.,0.));
#7644=DIRECTION('',(1.,0.,0.));
#7645=DIRECTION('center_axis',(-1.,0.,0.));
#7646=DIRECTION('ref_axis',(0.,0.,1.));
#7647=DIRECTION('',(1.,0.,0.));
#7648=DIRECTION('center_axis',(-1.,0.,0.));
#7649=DIRECTION('ref_axis',(0.,0.,1.));
#7650=DIRECTION('',(1.,0.,0.));
#7651=DIRECTION('center_axis',(-1.,0.,0.));
#7652=DIRECTION('ref_axis',(0.,0.,1.));
#7653=DIRECTION('',(1.,0.,0.));
#7654=DIRECTION('center_axis',(-1.,0.,0.));
#7655=DIRECTION('ref_axis',(0.,0.,1.));
#7656=DIRECTION('',(1.,0.,0.));
#7657=DIRECTION('center_axis',(-1.,0.,0.));
#7658=DIRECTION('ref_axis',(0.,0.,1.));
#7659=DIRECTION('',(1.,0.,0.));
#7660=DIRECTION('center_axis',(-1.,0.,0.));
#7661=DIRECTION('ref_axis',(0.,0.,1.));
#7662=DIRECTION('',(1.,0.,0.));
#7663=DIRECTION('center_axis',(-1.,0.,0.));
#7664=DIRECTION('ref_axis',(0.,0.,1.));
#7665=DIRECTION('',(1.,0.,0.));
#7666=DIRECTION('center_axis',(-1.,0.,0.));
#7667=DIRECTION('ref_axis',(0.,0.,1.));
#7668=DIRECTION('',(1.,0.,0.));
#7669=DIRECTION('center_axis',(-1.,0.,0.));
#7670=DIRECTION('ref_axis',(0.,0.,1.));
#7671=DIRECTION('',(1.,0.,0.));
#7672=DIRECTION('center_axis',(-1.,0.,0.));
#7673=DIRECTION('ref_axis',(0.,0.,1.));
#7674=DIRECTION('',(1.,0.,0.));
#7675=DIRECTION('center_axis',(-1.,0.,0.));
#7676=DIRECTION('ref_axis',(0.,0.,1.));
#7677=DIRECTION('',(1.,0.,0.));
#7678=DIRECTION('center_axis',(-1.,0.,0.));
#7679=DIRECTION('ref_axis',(0.,0.,1.));
#7680=DIRECTION('',(1.,0.,0.));
#7681=DIRECTION('center_axis',(-1.,0.,0.));
#7682=DIRECTION('ref_axis',(0.,0.,1.));
#7683=DIRECTION('',(1.,0.,0.));
#7684=DIRECTION('center_axis',(-1.,0.,0.));
#7685=DIRECTION('ref_axis',(0.,0.,1.));
#7686=DIRECTION('',(1.,0.,0.));
#7687=DIRECTION('center_axis',(-1.,0.,0.));
#7688=DIRECTION('ref_axis',(0.,0.,1.));
#7689=DIRECTION('',(1.,0.,0.));
#7690=DIRECTION('center_axis',(-1.,0.,0.));
#7691=DIRECTION('ref_axis',(0.,0.,1.));
#7692=DIRECTION('',(1.,0.,0.));
#7693=DIRECTION('center_axis',(-1.,0.,0.));
#7694=DIRECTION('ref_axis',(0.,0.,1.));
#7695=DIRECTION('',(1.,0.,0.));
#7696=DIRECTION('center_axis',(-1.,0.,0.));
#7697=DIRECTION('ref_axis',(0.,0.,1.));
#7698=DIRECTION('',(1.,0.,0.));
#7699=DIRECTION('center_axis',(-1.,0.,0.));
#7700=DIRECTION('ref_axis',(0.,0.,1.));
#7701=DIRECTION('',(1.,0.,0.));
#7702=DIRECTION('center_axis',(-1.,0.,0.));
#7703=DIRECTION('ref_axis',(0.,0.,1.));
#7704=DIRECTION('',(1.,0.,0.));
#7705=DIRECTION('center_axis',(-1.,0.,0.));
#7706=DIRECTION('ref_axis',(0.,0.,1.));
#7707=DIRECTION('',(1.,0.,0.));
#7708=DIRECTION('center_axis',(-1.,0.,0.));
#7709=DIRECTION('ref_axis',(0.,0.,1.));
#7710=DIRECTION('',(1.,0.,0.));
#7711=DIRECTION('center_axis',(-1.,0.,0.));
#7712=DIRECTION('ref_axis',(0.,0.,1.));
#7713=DIRECTION('',(1.,0.,0.));
#7714=DIRECTION('center_axis',(-1.,0.,0.));
#7715=DIRECTION('ref_axis',(0.,0.,1.));
#7716=DIRECTION('',(1.,0.,0.));
#7717=DIRECTION('center_axis',(-1.,0.,0.));
#7718=DIRECTION('ref_axis',(0.,0.,1.));
#7719=DIRECTION('',(1.,0.,0.));
#7720=DIRECTION('center_axis',(-1.,0.,0.));
#7721=DIRECTION('ref_axis',(0.,0.,1.));
#7722=DIRECTION('',(1.,0.,0.));
#7723=DIRECTION('center_axis',(-1.,0.,0.));
#7724=DIRECTION('ref_axis',(0.,0.,1.));
#7725=DIRECTION('',(1.,0.,0.));
#7726=DIRECTION('center_axis',(-1.,0.,0.));
#7727=DIRECTION('ref_axis',(0.,0.,1.));
#7728=DIRECTION('',(1.,0.,0.));
#7729=DIRECTION('center_axis',(-1.,0.,0.));
#7730=DIRECTION('ref_axis',(0.,0.,1.));
#7731=DIRECTION('',(1.,0.,0.));
#7732=DIRECTION('center_axis',(-1.,0.,0.));
#7733=DIRECTION('ref_axis',(0.,0.,1.));
#7734=DIRECTION('',(1.,0.,0.));
#7735=DIRECTION('center_axis',(-1.,0.,0.));
#7736=DIRECTION('ref_axis',(0.,0.,1.));
#7737=DIRECTION('',(1.,0.,0.));
#7738=DIRECTION('center_axis',(-1.,0.,0.));
#7739=DIRECTION('ref_axis',(0.,0.,1.));
#7740=DIRECTION('',(1.,0.,0.));
#7741=DIRECTION('center_axis',(-1.,0.,0.));
#7742=DIRECTION('ref_axis',(0.,0.,1.));
#7743=DIRECTION('',(1.,0.,0.));
#7744=DIRECTION('center_axis',(-1.,0.,0.));
#7745=DIRECTION('ref_axis',(0.,0.,1.));
#7746=DIRECTION('',(1.,0.,0.));
#7747=DIRECTION('center_axis',(-1.,0.,0.));
#7748=DIRECTION('ref_axis',(0.,0.,1.));
#7749=DIRECTION('',(1.,0.,0.));
#7750=DIRECTION('center_axis',(-1.,0.,0.));
#7751=DIRECTION('ref_axis',(0.,0.,1.));
#7752=DIRECTION('',(1.,0.,0.));
#7753=DIRECTION('center_axis',(-1.,0.,0.));
#7754=DIRECTION('ref_axis',(0.,0.,1.));
#7755=DIRECTION('',(1.,0.,0.));
#7756=DIRECTION('center_axis',(-1.,0.,0.));
#7757=DIRECTION('ref_axis',(0.,0.,1.));
#7758=DIRECTION('',(1.,0.,0.));
#7759=DIRECTION('center_axis',(-1.,0.,0.));
#7760=DIRECTION('ref_axis',(0.,0.,1.));
#7761=DIRECTION('',(1.,0.,0.));
#7762=DIRECTION('center_axis',(-1.,0.,0.));
#7763=DIRECTION('ref_axis',(0.,0.,1.));
#7764=DIRECTION('',(1.,0.,0.));
#7765=DIRECTION('center_axis',(-1.,0.,0.));
#7766=DIRECTION('ref_axis',(0.,0.,1.));
#7767=DIRECTION('',(1.,0.,0.));
#7768=DIRECTION('center_axis',(-1.,0.,0.));
#7769=DIRECTION('ref_axis',(0.,0.,1.));
#7770=DIRECTION('',(1.,0.,0.));
#7771=DIRECTION('center_axis',(-1.,0.,0.));
#7772=DIRECTION('ref_axis',(0.,0.,1.));
#7773=DIRECTION('',(1.,0.,0.));
#7774=DIRECTION('center_axis',(-1.,0.,0.));
#7775=DIRECTION('ref_axis',(0.,0.,1.));
#7776=DIRECTION('',(1.,0.,0.));
#7777=DIRECTION('center_axis',(-1.,0.,0.));
#7778=DIRECTION('ref_axis',(0.,0.,1.));
#7779=DIRECTION('',(1.,0.,0.));
#7780=DIRECTION('center_axis',(-1.,0.,0.));
#7781=DIRECTION('ref_axis',(0.,0.,1.));
#7782=DIRECTION('',(1.,0.,0.));
#7783=DIRECTION('center_axis',(-1.,0.,0.));
#7784=DIRECTION('ref_axis',(0.,0.,1.));
#7785=DIRECTION('',(1.,0.,0.));
#7786=DIRECTION('center_axis',(-1.,0.,0.));
#7787=DIRECTION('ref_axis',(0.,0.,1.));
#7788=DIRECTION('center_axis',(-1.,0.,0.));
#7789=DIRECTION('ref_axis',(0.,0.,1.));
#7790=DIRECTION('',(1.,0.,0.));
#7791=DIRECTION('center_axis',(-1.,0.,0.));
#7792=DIRECTION('ref_axis',(0.,0.,1.));
#7793=DIRECTION('',(1.,0.,0.));
#7794=DIRECTION('',(1.,0.,0.));
#7795=DIRECTION('center_axis',(-1.,0.,0.));
#7796=DIRECTION('ref_axis',(0.,0.,1.));
#7797=DIRECTION('',(1.,0.,0.));
#7798=DIRECTION('center_axis',(-1.,0.,0.));
#7799=DIRECTION('ref_axis',(0.,0.,1.));
#7800=DIRECTION('',(1.,0.,0.));
#7801=DIRECTION('center_axis',(-1.,0.,0.));
#7802=DIRECTION('ref_axis',(0.,0.,1.));
#7803=DIRECTION('',(1.,0.,0.));
#7804=DIRECTION('center_axis',(-1.,0.,0.));
#7805=DIRECTION('ref_axis',(0.,0.,1.));
#7806=DIRECTION('',(1.,0.,0.));
#7807=DIRECTION('center_axis',(-1.,0.,0.));
#7808=DIRECTION('ref_axis',(0.,0.,1.));
#7809=DIRECTION('',(1.,0.,0.));
#7810=DIRECTION('center_axis',(-1.,0.,0.));
#7811=DIRECTION('ref_axis',(0.,0.,1.));
#7812=DIRECTION('',(1.,0.,0.));
#7813=DIRECTION('center_axis',(-1.,0.,0.));
#7814=DIRECTION('ref_axis',(0.,0.,1.));
#7815=DIRECTION('',(1.,0.,0.));
#7816=DIRECTION('center_axis',(-1.,0.,0.));
#7817=DIRECTION('ref_axis',(0.,0.,1.));
#7818=DIRECTION('',(1.,0.,0.));
#7819=DIRECTION('center_axis',(-1.,0.,0.));
#7820=DIRECTION('ref_axis',(0.,0.,1.));
#7821=DIRECTION('',(1.,0.,0.));
#7822=DIRECTION('center_axis',(-1.,0.,0.));
#7823=DIRECTION('ref_axis',(0.,0.,1.));
#7824=DIRECTION('',(1.,0.,0.));
#7825=DIRECTION('center_axis',(-1.,0.,0.));
#7826=DIRECTION('ref_axis',(0.,0.,1.));
#7827=DIRECTION('',(1.,0.,0.));
#7828=DIRECTION('center_axis',(-1.,0.,0.));
#7829=DIRECTION('ref_axis',(0.,0.,1.));
#7830=DIRECTION('',(1.,0.,0.));
#7831=DIRECTION('center_axis',(-1.,0.,0.));
#7832=DIRECTION('ref_axis',(0.,0.,1.));
#7833=DIRECTION('',(1.,0.,0.));
#7834=DIRECTION('center_axis',(-1.,0.,0.));
#7835=DIRECTION('ref_axis',(0.,0.,1.));
#7836=DIRECTION('',(1.,0.,0.));
#7837=DIRECTION('center_axis',(-1.,0.,0.));
#7838=DIRECTION('ref_axis',(0.,0.,1.));
#7839=DIRECTION('',(1.,0.,0.));
#7840=DIRECTION('center_axis',(-1.,0.,0.));
#7841=DIRECTION('ref_axis',(0.,0.,1.));
#7842=DIRECTION('',(1.,0.,0.));
#7843=DIRECTION('center_axis',(-1.,0.,0.));
#7844=DIRECTION('ref_axis',(0.,0.,1.));
#7845=DIRECTION('',(1.,0.,0.));
#7846=DIRECTION('center_axis',(-1.,0.,0.));
#7847=DIRECTION('ref_axis',(0.,0.,1.));
#7848=DIRECTION('',(1.,0.,0.));
#7849=DIRECTION('center_axis',(-1.,0.,0.));
#7850=DIRECTION('ref_axis',(0.,0.,1.));
#7851=DIRECTION('',(1.,0.,0.));
#7852=DIRECTION('center_axis',(-1.,0.,0.));
#7853=DIRECTION('ref_axis',(0.,0.,1.));
#7854=DIRECTION('',(1.,0.,0.));
#7855=DIRECTION('center_axis',(-1.,0.,0.));
#7856=DIRECTION('ref_axis',(0.,0.,1.));
#7857=DIRECTION('',(1.,0.,0.));
#7858=DIRECTION('center_axis',(-1.,0.,0.));
#7859=DIRECTION('ref_axis',(0.,0.,1.));
#7860=DIRECTION('',(1.,0.,0.));
#7861=DIRECTION('center_axis',(-1.,0.,0.));
#7862=DIRECTION('ref_axis',(0.,0.,1.));
#7863=DIRECTION('',(1.,0.,0.));
#7864=DIRECTION('center_axis',(-1.,0.,0.));
#7865=DIRECTION('ref_axis',(0.,0.,1.));
#7866=DIRECTION('',(1.,0.,0.));
#7867=DIRECTION('center_axis',(-1.,0.,0.));
#7868=DIRECTION('ref_axis',(0.,0.,1.));
#7869=DIRECTION('',(1.,0.,0.));
#7870=DIRECTION('center_axis',(-1.,0.,0.));
#7871=DIRECTION('ref_axis',(0.,0.,1.));
#7872=DIRECTION('',(1.,0.,0.));
#7873=DIRECTION('center_axis',(-1.,0.,0.));
#7874=DIRECTION('ref_axis',(0.,0.,1.));
#7875=DIRECTION('',(1.,0.,0.));
#7876=DIRECTION('center_axis',(-1.,0.,0.));
#7877=DIRECTION('ref_axis',(0.,0.,1.));
#7878=DIRECTION('',(1.,0.,0.));
#7879=DIRECTION('center_axis',(-1.,0.,0.));
#7880=DIRECTION('ref_axis',(0.,0.,1.));
#7881=DIRECTION('',(1.,0.,0.));
#7882=DIRECTION('center_axis',(-1.,0.,0.));
#7883=DIRECTION('ref_axis',(0.,0.,1.));
#7884=DIRECTION('',(1.,0.,0.));
#7885=DIRECTION('center_axis',(-1.,0.,0.));
#7886=DIRECTION('ref_axis',(0.,0.,1.));
#7887=DIRECTION('',(1.,0.,0.));
#7888=DIRECTION('center_axis',(-1.,0.,0.));
#7889=DIRECTION('ref_axis',(0.,0.,1.));
#7890=DIRECTION('',(1.,0.,0.));
#7891=DIRECTION('center_axis',(-1.,0.,0.));
#7892=DIRECTION('ref_axis',(0.,0.,1.));
#7893=DIRECTION('',(1.,0.,0.));
#7894=DIRECTION('center_axis',(-1.,0.,0.));
#7895=DIRECTION('ref_axis',(0.,0.,1.));
#7896=DIRECTION('',(1.,0.,0.));
#7897=DIRECTION('center_axis',(-1.,0.,0.));
#7898=DIRECTION('ref_axis',(0.,0.,1.));
#7899=DIRECTION('',(1.,0.,0.));
#7900=DIRECTION('center_axis',(-1.,0.,0.));
#7901=DIRECTION('ref_axis',(0.,0.,1.));
#7902=DIRECTION('',(1.,0.,0.));
#7903=DIRECTION('center_axis',(-1.,0.,0.));
#7904=DIRECTION('ref_axis',(0.,0.,1.));
#7905=DIRECTION('',(1.,0.,0.));
#7906=DIRECTION('center_axis',(-1.,0.,0.));
#7907=DIRECTION('ref_axis',(0.,0.,1.));
#7908=DIRECTION('',(1.,0.,0.));
#7909=DIRECTION('center_axis',(-1.,0.,0.));
#7910=DIRECTION('ref_axis',(0.,0.,1.));
#7911=DIRECTION('',(1.,0.,0.));
#7912=DIRECTION('center_axis',(-1.,0.,0.));
#7913=DIRECTION('ref_axis',(0.,0.,1.));
#7914=DIRECTION('',(1.,0.,0.));
#7915=DIRECTION('center_axis',(-1.,0.,0.));
#7916=DIRECTION('ref_axis',(0.,0.,1.));
#7917=DIRECTION('',(1.,0.,0.));
#7918=DIRECTION('center_axis',(-1.,0.,0.));
#7919=DIRECTION('ref_axis',(0.,0.,1.));
#7920=DIRECTION('',(1.,0.,0.));
#7921=DIRECTION('center_axis',(-1.,0.,0.));
#7922=DIRECTION('ref_axis',(0.,0.,1.));
#7923=DIRECTION('',(1.,0.,0.));
#7924=DIRECTION('center_axis',(-1.,0.,0.));
#7925=DIRECTION('ref_axis',(0.,0.,1.));
#7926=DIRECTION('',(1.,0.,0.));
#7927=DIRECTION('center_axis',(-1.,0.,0.));
#7928=DIRECTION('ref_axis',(0.,0.,1.));
#7929=DIRECTION('',(1.,0.,0.));
#7930=DIRECTION('center_axis',(-1.,0.,0.));
#7931=DIRECTION('ref_axis',(0.,0.,1.));
#7932=DIRECTION('center_axis',(1.,0.,0.));
#7933=DIRECTION('ref_axis',(0.,0.,-1.));
#7934=DIRECTION('',(-0.866025403784442,6.1232339957367E-17,-0.499999999999995));
#7935=DIRECTION('center_axis',(1.,0.,-6.98296267768627E-15));
#7936=DIRECTION('ref_axis',(6.98296267768627E-15,0.,1.));
#7937=DIRECTION('center_axis',(-1.,0.,0.));
#7938=DIRECTION('ref_axis',(0.,0.,1.));
#7939=DIRECTION('center_axis',(-1.,0.,0.));
#7940=DIRECTION('ref_axis',(0.,0.,1.));
#7941=DIRECTION('',(1.,0.,0.));
#7942=DIRECTION('center_axis',(-1.,0.,0.));
#7943=DIRECTION('ref_axis',(0.,0.,1.));
#7944=DIRECTION('',(1.,0.,0.));
#7945=DIRECTION('center_axis',(1.,0.,0.));
#7946=DIRECTION('ref_axis',(0.,0.,-1.));
#7947=DIRECTION('center_axis',(-1.,0.,0.));
#7948=DIRECTION('ref_axis',(0.,0.,1.));
#7949=DIRECTION('center_axis',(9.15690659035485E-17,1.,-6.39423369635073E-31));
#7950=DIRECTION('ref_axis',(1.,-9.15690659035486E-17,-6.98296267768627E-15));
#7951=DIRECTION('',(6.98296267768627E-15,0.,1.));
#7952=DIRECTION('',(6.98296267768627E-15,0.,1.));
#7953=DIRECTION('center_axis',(1.,0.,0.));
#7954=DIRECTION('ref_axis',(0.,0.,-1.));
#7955=DIRECTION('center_axis',(-1.,0.,0.));
#7956=DIRECTION('ref_axis',(0.,0.,1.));
#7957=DIRECTION('center_axis',(1.,0.,0.));
#7958=DIRECTION('ref_axis',(0.,0.,-1.));
#7959=DIRECTION('center_axis',(-1.,0.,0.));
#7960=DIRECTION('ref_axis',(0.,0.,1.));
#7961=DIRECTION('center_axis',(1.,0.,0.));
#7962=DIRECTION('ref_axis',(0.,0.,-1.));
#7963=DIRECTION('center_axis',(-1.,0.,0.));
#7964=DIRECTION('ref_axis',(0.,0.,1.));
#7965=DIRECTION('center_axis',(1.,0.,0.));
#7966=DIRECTION('ref_axis',(0.,0.,-1.));
#7967=DIRECTION('center_axis',(-1.,0.,0.));
#7968=DIRECTION('ref_axis',(0.,0.,1.));
#7969=DIRECTION('center_axis',(1.,0.,0.));
#7970=DIRECTION('ref_axis',(0.,0.,-1.));
#7971=DIRECTION('center_axis',(-1.,0.,0.));
#7972=DIRECTION('ref_axis',(0.,0.,1.));
#7973=DIRECTION('center_axis',(1.,0.,0.));
#7974=DIRECTION('ref_axis',(0.,0.,-1.));
#7975=DIRECTION('center_axis',(-1.,0.,0.));
#7976=DIRECTION('ref_axis',(0.,0.,1.));
#7977=DIRECTION('center_axis',(1.,0.,0.));
#7978=DIRECTION('ref_axis',(0.,0.,-1.));
#7979=DIRECTION('center_axis',(-1.,0.,0.));
#7980=DIRECTION('ref_axis',(0.,0.,1.));
#7981=DIRECTION('center_axis',(1.,0.,0.));
#7982=DIRECTION('ref_axis',(0.,0.,-1.));
#7983=DIRECTION('center_axis',(-1.,0.,0.));
#7984=DIRECTION('ref_axis',(0.,0.,1.));
#7985=DIRECTION('center_axis',(1.,0.,0.));
#7986=DIRECTION('ref_axis',(0.,0.,-1.));
#7987=DIRECTION('center_axis',(-1.,0.,0.));
#7988=DIRECTION('ref_axis',(0.,0.,1.));
#7989=DIRECTION('center_axis',(1.,0.,0.));
#7990=DIRECTION('ref_axis',(0.,0.,-1.));
#7991=DIRECTION('center_axis',(-1.,0.,0.));
#7992=DIRECTION('ref_axis',(0.,0.,1.));
#7993=DIRECTION('center_axis',(1.,0.,0.));
#7994=DIRECTION('ref_axis',(0.,0.,-1.));
#7995=DIRECTION('center_axis',(-1.,0.,0.));
#7996=DIRECTION('ref_axis',(0.,0.,1.));
#7997=DIRECTION('center_axis',(1.,0.,0.));
#7998=DIRECTION('ref_axis',(0.,0.,-1.));
#7999=DIRECTION('center_axis',(-1.,0.,0.));
#8000=DIRECTION('ref_axis',(0.,0.,1.));
#8001=DIRECTION('center_axis',(1.,0.,0.));
#8002=DIRECTION('ref_axis',(0.,0.,-1.));
#8003=DIRECTION('center_axis',(-1.,0.,0.));
#8004=DIRECTION('ref_axis',(0.,0.,1.));
#8005=DIRECTION('center_axis',(1.,0.,0.));
#8006=DIRECTION('ref_axis',(0.,0.,-1.));
#8007=DIRECTION('center_axis',(-1.,0.,0.));
#8008=DIRECTION('ref_axis',(0.,0.,1.));
#8009=DIRECTION('center_axis',(1.,0.,0.));
#8010=DIRECTION('ref_axis',(0.,0.,-1.));
#8011=DIRECTION('center_axis',(-1.,0.,0.));
#8012=DIRECTION('ref_axis',(0.,0.,1.));
#8013=DIRECTION('center_axis',(1.,0.,0.));
#8014=DIRECTION('ref_axis',(0.,0.,-1.));
#8015=DIRECTION('center_axis',(-1.,0.,0.));
#8016=DIRECTION('ref_axis',(0.,0.,1.));
#8017=DIRECTION('center_axis',(1.,0.,0.));
#8018=DIRECTION('ref_axis',(0.,0.,-1.));
#8019=DIRECTION('center_axis',(-1.,0.,0.));
#8020=DIRECTION('ref_axis',(0.,0.,1.));
#8021=DIRECTION('center_axis',(1.,0.,0.));
#8022=DIRECTION('ref_axis',(0.,0.,-1.));
#8023=DIRECTION('center_axis',(-1.,0.,0.));
#8024=DIRECTION('ref_axis',(0.,0.,1.));
#8025=DIRECTION('center_axis',(1.,0.,0.));
#8026=DIRECTION('ref_axis',(0.,0.,-1.));
#8027=DIRECTION('center_axis',(-1.,0.,0.));
#8028=DIRECTION('ref_axis',(0.,0.,1.));
#8029=DIRECTION('center_axis',(1.,0.,0.));
#8030=DIRECTION('ref_axis',(0.,0.,-1.));
#8031=DIRECTION('center_axis',(-1.,0.,0.));
#8032=DIRECTION('ref_axis',(0.,0.,1.));
#8033=DIRECTION('center_axis',(1.,0.,0.));
#8034=DIRECTION('ref_axis',(0.,0.,-1.));
#8035=DIRECTION('center_axis',(-1.,0.,0.));
#8036=DIRECTION('ref_axis',(0.,0.,1.));
#8037=DIRECTION('center_axis',(1.,0.,0.));
#8038=DIRECTION('ref_axis',(0.,0.,-1.));
#8039=DIRECTION('center_axis',(-1.,0.,0.));
#8040=DIRECTION('ref_axis',(0.,0.,1.));
#8041=DIRECTION('center_axis',(1.,0.,0.));
#8042=DIRECTION('ref_axis',(0.,0.,-1.));
#8043=DIRECTION('center_axis',(-1.,0.,0.));
#8044=DIRECTION('ref_axis',(0.,0.,1.));
#8045=DIRECTION('center_axis',(1.,0.,0.));
#8046=DIRECTION('ref_axis',(0.,0.,-1.));
#8047=DIRECTION('center_axis',(-1.,0.,0.));
#8048=DIRECTION('ref_axis',(0.,0.,1.));
#8049=DIRECTION('center_axis',(1.,0.,0.));
#8050=DIRECTION('ref_axis',(0.,0.,-1.));
#8051=DIRECTION('center_axis',(-1.,0.,0.));
#8052=DIRECTION('ref_axis',(0.,0.,1.));
#8053=DIRECTION('center_axis',(1.,0.,0.));
#8054=DIRECTION('ref_axis',(0.,0.,-1.));
#8055=DIRECTION('center_axis',(-1.,0.,0.));
#8056=DIRECTION('ref_axis',(0.,0.,1.));
#8057=DIRECTION('center_axis',(1.,0.,0.));
#8058=DIRECTION('ref_axis',(0.,0.,-1.));
#8059=DIRECTION('center_axis',(-1.,0.,0.));
#8060=DIRECTION('ref_axis',(0.,0.,1.));
#8061=DIRECTION('center_axis',(1.,0.,0.));
#8062=DIRECTION('ref_axis',(0.,0.,-1.));
#8063=DIRECTION('center_axis',(-1.,0.,0.));
#8064=DIRECTION('ref_axis',(0.,0.,1.));
#8065=DIRECTION('center_axis',(1.,0.,0.));
#8066=DIRECTION('ref_axis',(0.,0.,-1.));
#8067=DIRECTION('center_axis',(-1.,0.,0.));
#8068=DIRECTION('ref_axis',(0.,0.,1.));
#8069=DIRECTION('center_axis',(1.,0.,0.));
#8070=DIRECTION('ref_axis',(0.,0.,-1.));
#8071=DIRECTION('center_axis',(-1.,0.,0.));
#8072=DIRECTION('ref_axis',(0.,0.,1.));
#8073=DIRECTION('center_axis',(1.,0.,0.));
#8074=DIRECTION('ref_axis',(0.,0.,-1.));
#8075=DIRECTION('center_axis',(-1.,0.,0.));
#8076=DIRECTION('ref_axis',(0.,0.,1.));
#8077=DIRECTION('center_axis',(1.,0.,0.));
#8078=DIRECTION('ref_axis',(0.,0.,-1.));
#8079=DIRECTION('center_axis',(-1.,0.,0.));
#8080=DIRECTION('ref_axis',(0.,0.,1.));
#8081=DIRECTION('center_axis',(1.,0.,0.));
#8082=DIRECTION('ref_axis',(0.,0.,-1.));
#8083=DIRECTION('center_axis',(-1.,0.,0.));
#8084=DIRECTION('ref_axis',(0.,0.,1.));
#8085=DIRECTION('center_axis',(1.,0.,0.));
#8086=DIRECTION('ref_axis',(0.,0.,-1.));
#8087=DIRECTION('center_axis',(-1.,0.,0.));
#8088=DIRECTION('ref_axis',(0.,0.,1.));
#8089=DIRECTION('center_axis',(1.,0.,0.));
#8090=DIRECTION('ref_axis',(0.,1.07806057163162E-14,1.));
#8091=DIRECTION('center_axis',(1.,0.,0.));
#8092=DIRECTION('ref_axis',(0.,0.,-1.));
#8093=DIRECTION('center_axis',(-1.,0.,0.));
#8094=DIRECTION('ref_axis',(0.,0.,1.));
#8095=DIRECTION('center_axis',(1.,0.,0.));
#8096=DIRECTION('ref_axis',(0.,0.,-1.));
#8097=DIRECTION('center_axis',(-1.,0.,0.));
#8098=DIRECTION('ref_axis',(0.,0.,1.));
#8099=DIRECTION('center_axis',(1.,0.,0.));
#8100=DIRECTION('ref_axis',(0.,0.,-1.));
#8101=DIRECTION('center_axis',(-1.,0.,0.));
#8102=DIRECTION('ref_axis',(0.,0.,1.));
#8103=DIRECTION('center_axis',(1.,0.,0.));
#8104=DIRECTION('ref_axis',(0.,0.,-1.));
#8105=DIRECTION('center_axis',(-1.,0.,0.));
#8106=DIRECTION('ref_axis',(0.,0.,1.));
#8107=DIRECTION('center_axis',(1.,0.,0.));
#8108=DIRECTION('ref_axis',(0.,0.,-1.));
#8109=DIRECTION('center_axis',(-1.,0.,0.));
#8110=DIRECTION('ref_axis',(0.,0.,1.));
#8111=DIRECTION('center_axis',(1.,0.,0.));
#8112=DIRECTION('ref_axis',(0.,0.,-1.));
#8113=DIRECTION('center_axis',(-1.,0.,0.));
#8114=DIRECTION('ref_axis',(0.,0.,1.));
#8115=DIRECTION('center_axis',(1.,0.,0.));
#8116=DIRECTION('ref_axis',(0.,0.,-1.));
#8117=DIRECTION('center_axis',(-1.,0.,0.));
#8118=DIRECTION('ref_axis',(0.,0.,1.));
#8119=DIRECTION('center_axis',(1.,0.,0.));
#8120=DIRECTION('ref_axis',(0.,0.,-1.));
#8121=DIRECTION('center_axis',(-1.,0.,0.));
#8122=DIRECTION('ref_axis',(0.,0.,1.));
#8123=DIRECTION('center_axis',(1.,0.,0.));
#8124=DIRECTION('ref_axis',(0.,0.,-1.));
#8125=DIRECTION('center_axis',(-1.,0.,0.));
#8126=DIRECTION('ref_axis',(0.,0.,1.));
#8127=DIRECTION('center_axis',(1.,0.,0.));
#8128=DIRECTION('ref_axis',(0.,0.,-1.));
#8129=DIRECTION('center_axis',(-1.,0.,0.));
#8130=DIRECTION('ref_axis',(0.,0.,1.));
#8131=DIRECTION('center_axis',(1.,0.,0.));
#8132=DIRECTION('ref_axis',(0.,0.,-1.));
#8133=DIRECTION('center_axis',(-1.,0.,0.));
#8134=DIRECTION('ref_axis',(0.,0.,1.));
#8135=DIRECTION('center_axis',(1.,0.,0.));
#8136=DIRECTION('ref_axis',(0.,0.,-1.));
#8137=DIRECTION('center_axis',(-1.,0.,0.));
#8138=DIRECTION('ref_axis',(0.,0.,1.));
#8139=DIRECTION('center_axis',(1.,0.,0.));
#8140=DIRECTION('ref_axis',(0.,0.,-1.));
#8141=DIRECTION('center_axis',(-1.,0.,0.));
#8142=DIRECTION('ref_axis',(0.,0.,1.));
#8143=DIRECTION('center_axis',(-1.,0.,0.));
#8144=DIRECTION('ref_axis',(0.,0.,1.));
#8145=DIRECTION('',(1.,0.,0.));
#8146=DIRECTION('center_axis',(-1.,0.,0.));
#8147=DIRECTION('ref_axis',(0.,0.,1.));
#8148=DIRECTION('',(1.,0.,0.));
#8149=DIRECTION('center_axis',(-1.,0.,0.));
#8150=DIRECTION('ref_axis',(0.,0.,1.));
#8151=DIRECTION('center_axis',(-1.,0.,0.));
#8152=DIRECTION('ref_axis',(0.,0.,1.));
#8153=DIRECTION('',(1.,0.,0.));
#8154=DIRECTION('',(1.,0.,0.));
#8155=DIRECTION('center_axis',(-1.,0.,0.));
#8156=DIRECTION('ref_axis',(0.,0.,1.));
#8157=DIRECTION('center_axis',(-1.,0.,0.));
#8158=DIRECTION('ref_axis',(0.,0.,1.));
#8159=DIRECTION('',(1.,0.,0.));
#8160=DIRECTION('',(1.,0.,0.));
#8161=DIRECTION('center_axis',(-1.,0.,0.));
#8162=DIRECTION('ref_axis',(0.,0.,1.));
#8163=DIRECTION('center_axis',(-1.,0.,0.));
#8164=DIRECTION('ref_axis',(0.,0.,1.));
#8165=DIRECTION('',(1.,0.,0.));
#8166=DIRECTION('',(1.,0.,0.));
#8167=DIRECTION('center_axis',(-1.,0.,0.));
#8168=DIRECTION('ref_axis',(0.,0.,1.));
#8169=DIRECTION('center_axis',(-1.,0.,0.));
#8170=DIRECTION('ref_axis',(0.,0.,1.));
#8171=DIRECTION('',(1.,0.,0.));
#8172=DIRECTION('',(1.,0.,0.));
#8173=DIRECTION('center_axis',(-1.,0.,0.));
#8174=DIRECTION('ref_axis',(0.,0.,1.));
#8175=DIRECTION('center_axis',(-1.,0.,0.));
#8176=DIRECTION('ref_axis',(0.,0.,1.));
#8177=DIRECTION('',(1.,0.,0.));
#8178=DIRECTION('',(1.,0.,0.));
#8179=DIRECTION('center_axis',(-1.,0.,0.));
#8180=DIRECTION('ref_axis',(0.,0.,1.));
#8181=DIRECTION('center_axis',(-1.,0.,0.));
#8182=DIRECTION('ref_axis',(0.,0.,1.));
#8183=DIRECTION('',(1.,0.,0.));
#8184=DIRECTION('',(1.,0.,0.));
#8185=DIRECTION('center_axis',(-1.,0.,0.));
#8186=DIRECTION('ref_axis',(0.,0.,1.));
#8187=DIRECTION('center_axis',(-1.,0.,0.));
#8188=DIRECTION('ref_axis',(0.,0.,1.));
#8189=DIRECTION('',(1.,0.,0.));
#8190=DIRECTION('',(1.,0.,0.));
#8191=DIRECTION('center_axis',(-1.,0.,0.));
#8192=DIRECTION('ref_axis',(0.,0.,1.));
#8193=DIRECTION('center_axis',(-1.,0.,0.));
#8194=DIRECTION('ref_axis',(0.,0.,1.));
#8195=DIRECTION('',(1.,0.,0.));
#8196=DIRECTION('',(1.,0.,0.));
#8197=DIRECTION('center_axis',(-1.,0.,0.));
#8198=DIRECTION('ref_axis',(0.,0.,1.));
#8199=DIRECTION('center_axis',(-1.,0.,0.));
#8200=DIRECTION('ref_axis',(0.,0.,1.));
#8201=DIRECTION('',(1.,0.,0.));
#8202=DIRECTION('',(1.,0.,0.));
#8203=DIRECTION('center_axis',(-1.,0.,0.));
#8204=DIRECTION('ref_axis',(0.,0.,1.));
#8205=DIRECTION('center_axis',(-1.,0.,0.));
#8206=DIRECTION('ref_axis',(0.,0.,1.));
#8207=DIRECTION('',(1.,0.,0.));
#8208=DIRECTION('',(1.,0.,0.));
#8209=DIRECTION('center_axis',(-1.,0.,0.));
#8210=DIRECTION('ref_axis',(0.,0.,1.));
#8211=DIRECTION('center_axis',(-1.,0.,0.));
#8212=DIRECTION('ref_axis',(0.,0.,1.));
#8213=DIRECTION('',(1.,0.,0.));
#8214=DIRECTION('',(1.,0.,0.));
#8215=DIRECTION('center_axis',(-1.,0.,0.));
#8216=DIRECTION('ref_axis',(0.,0.,1.));
#8217=DIRECTION('center_axis',(-1.,0.,0.));
#8218=DIRECTION('ref_axis',(0.,0.,1.));
#8219=DIRECTION('',(1.,0.,0.));
#8220=DIRECTION('',(1.,0.,0.));
#8221=DIRECTION('center_axis',(-1.,0.,0.));
#8222=DIRECTION('ref_axis',(0.,0.,1.));
#8223=DIRECTION('center_axis',(-1.,0.,0.));
#8224=DIRECTION('ref_axis',(0.,0.,1.));
#8225=DIRECTION('',(1.,0.,0.));
#8226=DIRECTION('',(1.,0.,0.));
#8227=DIRECTION('center_axis',(-1.,0.,0.));
#8228=DIRECTION('ref_axis',(0.,0.,1.));
#8229=DIRECTION('center_axis',(-1.,0.,0.));
#8230=DIRECTION('ref_axis',(0.,0.,1.));
#8231=DIRECTION('',(1.,0.,0.));
#8232=DIRECTION('',(1.,0.,0.));
#8233=DIRECTION('center_axis',(-1.,0.,0.));
#8234=DIRECTION('ref_axis',(0.,0.,1.));
#8235=DIRECTION('center_axis',(-1.,0.,0.));
#8236=DIRECTION('ref_axis',(0.,0.,1.));
#8237=DIRECTION('',(1.,0.,0.));
#8238=DIRECTION('',(1.,0.,0.));
#8239=DIRECTION('center_axis',(-1.,0.,0.));
#8240=DIRECTION('ref_axis',(0.,0.,1.));
#8241=DIRECTION('center_axis',(-1.,0.,0.));
#8242=DIRECTION('ref_axis',(0.,0.,1.));
#8243=DIRECTION('',(1.,0.,0.));
#8244=DIRECTION('',(1.,0.,0.));
#8245=DIRECTION('center_axis',(-1.,0.,0.));
#8246=DIRECTION('ref_axis',(0.,0.,1.));
#8247=DIRECTION('center_axis',(-1.,0.,0.));
#8248=DIRECTION('ref_axis',(0.,0.,1.));
#8249=DIRECTION('',(1.,0.,0.));
#8250=DIRECTION('',(1.,0.,0.));
#8251=DIRECTION('center_axis',(-1.,0.,0.));
#8252=DIRECTION('ref_axis',(0.,0.,1.));
#8253=DIRECTION('center_axis',(-1.,0.,0.));
#8254=DIRECTION('ref_axis',(0.,0.,1.));
#8255=DIRECTION('',(1.,0.,0.));
#8256=DIRECTION('',(1.,0.,0.));
#8257=DIRECTION('center_axis',(-1.,0.,0.));
#8258=DIRECTION('ref_axis',(0.,0.,1.));
#8259=DIRECTION('center_axis',(-1.,0.,0.));
#8260=DIRECTION('ref_axis',(0.,0.,1.));
#8261=DIRECTION('',(1.,0.,0.));
#8262=DIRECTION('',(1.,0.,0.));
#8263=DIRECTION('center_axis',(-1.,0.,0.));
#8264=DIRECTION('ref_axis',(0.,0.,1.));
#8265=DIRECTION('center_axis',(-1.,0.,0.));
#8266=DIRECTION('ref_axis',(0.,0.,1.));
#8267=DIRECTION('',(1.,0.,0.));
#8268=DIRECTION('',(1.,0.,0.));
#8269=DIRECTION('center_axis',(-1.,0.,0.));
#8270=DIRECTION('ref_axis',(0.,-3.43024899888577E-15,-1.));
#8271=DIRECTION('center_axis',(-1.,0.,0.));
#8272=DIRECTION('ref_axis',(0.,0.,1.));
#8273=DIRECTION('',(1.,0.,0.));
#8274=DIRECTION('',(1.,0.,0.));
#8275=DIRECTION('center_axis',(-1.,0.,0.));
#8276=DIRECTION('ref_axis',(0.,0.,1.));
#8277=DIRECTION('center_axis',(-1.,0.,0.));
#8278=DIRECTION('ref_axis',(0.,0.,1.));
#8279=DIRECTION('',(1.,0.,0.));
#8280=DIRECTION('',(1.,0.,0.));
#8281=DIRECTION('center_axis',(-1.,0.,0.));
#8282=DIRECTION('ref_axis',(0.,0.,1.));
#8283=DIRECTION('center_axis',(-1.,0.,0.));
#8284=DIRECTION('ref_axis',(0.,0.,1.));
#8285=DIRECTION('',(1.,0.,0.));
#8286=DIRECTION('',(1.,0.,0.));
#8287=DIRECTION('center_axis',(-1.,0.,0.));
#8288=DIRECTION('ref_axis',(0.,0.,1.));
#8289=DIRECTION('center_axis',(-1.,0.,0.));
#8290=DIRECTION('ref_axis',(0.,0.,1.));
#8291=DIRECTION('',(1.,0.,0.));
#8292=DIRECTION('',(1.,0.,0.));
#8293=DIRECTION('center_axis',(-1.,0.,0.));
#8294=DIRECTION('ref_axis',(0.,0.,1.));
#8295=DIRECTION('center_axis',(-1.,0.,0.));
#8296=DIRECTION('ref_axis',(0.,0.,1.));
#8297=DIRECTION('',(1.,0.,0.));
#8298=DIRECTION('',(1.,0.,0.));
#8299=DIRECTION('center_axis',(-1.,0.,0.));
#8300=DIRECTION('ref_axis',(0.,0.,1.));
#8301=DIRECTION('center_axis',(-1.,0.,0.));
#8302=DIRECTION('ref_axis',(0.,0.,1.));
#8303=DIRECTION('',(1.,0.,0.));
#8304=DIRECTION('',(1.,0.,0.));
#8305=DIRECTION('center_axis',(-1.,0.,0.));
#8306=DIRECTION('ref_axis',(0.,0.,1.));
#8307=DIRECTION('center_axis',(-1.,0.,0.));
#8308=DIRECTION('ref_axis',(0.,0.,1.));
#8309=DIRECTION('',(1.,0.,0.));
#8310=DIRECTION('',(1.,0.,0.));
#8311=DIRECTION('center_axis',(-1.,0.,0.));
#8312=DIRECTION('ref_axis',(0.,0.,1.));
#8313=DIRECTION('center_axis',(-1.,0.,0.));
#8314=DIRECTION('ref_axis',(0.,0.,1.));
#8315=DIRECTION('',(1.,0.,0.));
#8316=DIRECTION('',(1.,0.,0.));
#8317=DIRECTION('center_axis',(-1.,0.,0.));
#8318=DIRECTION('ref_axis',(0.,0.,1.));
#8319=DIRECTION('center_axis',(-1.,0.,0.));
#8320=DIRECTION('ref_axis',(0.,0.,1.));
#8321=DIRECTION('',(1.,0.,0.));
#8322=DIRECTION('',(1.,0.,0.));
#8323=DIRECTION('center_axis',(-1.,0.,0.));
#8324=DIRECTION('ref_axis',(0.,0.,1.));
#8325=DIRECTION('center_axis',(-1.,0.,0.));
#8326=DIRECTION('ref_axis',(0.,0.,1.));
#8327=DIRECTION('',(1.,0.,0.));
#8328=DIRECTION('',(1.,0.,0.));
#8329=DIRECTION('center_axis',(-1.,0.,0.));
#8330=DIRECTION('ref_axis',(0.,0.,1.));
#8331=DIRECTION('center_axis',(-1.,0.,0.));
#8332=DIRECTION('ref_axis',(0.,0.,1.));
#8333=DIRECTION('',(1.,0.,0.));
#8334=DIRECTION('',(1.,0.,0.));
#8335=DIRECTION('center_axis',(-1.,0.,0.));
#8336=DIRECTION('ref_axis',(0.,0.,1.));
#8337=DIRECTION('',(1.,0.,0.));
#8338=DIRECTION('center_axis',(-1.,0.,0.));
#8339=DIRECTION('ref_axis',(0.,0.,1.));
#8340=DIRECTION('',(1.,0.,0.));
#8341=DIRECTION('center_axis',(-1.,0.,0.));
#8342=DIRECTION('ref_axis',(0.,0.,1.));
#8343=DIRECTION('',(1.,0.,0.));
#8344=DIRECTION('center_axis',(-1.,0.,0.));
#8345=DIRECTION('ref_axis',(0.,0.,1.));
#8346=DIRECTION('',(1.,0.,0.));
#8347=DIRECTION('center_axis',(-1.,0.,0.));
#8348=DIRECTION('ref_axis',(0.,0.,1.));
#8349=DIRECTION('',(1.,0.,0.));
#8350=DIRECTION('center_axis',(-1.,0.,0.));
#8351=DIRECTION('ref_axis',(0.,0.,1.));
#8352=DIRECTION('',(1.,0.,0.));
#8353=DIRECTION('center_axis',(-1.,0.,0.));
#8354=DIRECTION('ref_axis',(0.,0.,1.));
#8355=DIRECTION('',(1.,0.,0.));
#8356=DIRECTION('center_axis',(-1.,0.,0.));
#8357=DIRECTION('ref_axis',(0.,0.,1.));
#8358=DIRECTION('',(1.,0.,0.));
#8359=DIRECTION('center_axis',(-1.,0.,0.));
#8360=DIRECTION('ref_axis',(0.,0.,1.));
#8361=DIRECTION('',(1.,0.,0.));
#8362=DIRECTION('center_axis',(-1.,0.,0.));
#8363=DIRECTION('ref_axis',(0.,0.,1.));
#8364=DIRECTION('',(1.,0.,0.));
#8365=DIRECTION('center_axis',(-1.,0.,0.));
#8366=DIRECTION('ref_axis',(0.,0.,1.));
#8367=DIRECTION('',(1.,0.,0.));
#8368=DIRECTION('center_axis',(-1.,0.,0.));
#8369=DIRECTION('ref_axis',(0.,0.,1.));
#8370=DIRECTION('',(1.,0.,0.));
#8371=DIRECTION('center_axis',(-1.,0.,0.));
#8372=DIRECTION('ref_axis',(0.,0.,1.));
#8373=DIRECTION('',(1.,0.,0.));
#8374=DIRECTION('center_axis',(-1.,0.,0.));
#8375=DIRECTION('ref_axis',(0.,0.,1.));
#8376=DIRECTION('',(1.,0.,0.));
#8377=DIRECTION('center_axis',(-1.,0.,0.));
#8378=DIRECTION('ref_axis',(0.,0.,1.));
#8379=DIRECTION('',(1.,0.,0.));
#8380=DIRECTION('center_axis',(-1.,0.,0.));
#8381=DIRECTION('ref_axis',(0.,0.,1.));
#8382=DIRECTION('',(1.,0.,0.));
#8383=DIRECTION('center_axis',(-1.,0.,0.));
#8384=DIRECTION('ref_axis',(0.,0.,1.));
#8385=DIRECTION('',(1.,0.,0.));
#8386=DIRECTION('center_axis',(-1.,0.,0.));
#8387=DIRECTION('ref_axis',(0.,0.,1.));
#8388=DIRECTION('',(1.,0.,0.));
#8389=DIRECTION('center_axis',(-1.,0.,0.));
#8390=DIRECTION('ref_axis',(0.,0.,1.));
#8391=DIRECTION('',(1.,0.,0.));
#8392=DIRECTION('center_axis',(-1.,0.,0.));
#8393=DIRECTION('ref_axis',(0.,0.,1.));
#8394=DIRECTION('',(1.,0.,0.));
#8395=DIRECTION('center_axis',(-1.,0.,0.));
#8396=DIRECTION('ref_axis',(0.,0.,1.));
#8397=DIRECTION('',(1.,0.,0.));
#8398=DIRECTION('center_axis',(-1.,0.,0.));
#8399=DIRECTION('ref_axis',(0.,0.,1.));
#8400=DIRECTION('',(1.,0.,0.));
#8401=DIRECTION('center_axis',(-1.,0.,0.));
#8402=DIRECTION('ref_axis',(0.,0.,1.));
#8403=DIRECTION('',(1.,0.,0.));
#8404=DIRECTION('center_axis',(-1.,0.,0.));
#8405=DIRECTION('ref_axis',(0.,0.,1.));
#8406=DIRECTION('',(1.,0.,0.));
#8407=DIRECTION('center_axis',(-1.,0.,0.));
#8408=DIRECTION('ref_axis',(0.,0.,1.));
#8409=DIRECTION('',(1.,0.,0.));
#8410=DIRECTION('center_axis',(-1.,0.,0.));
#8411=DIRECTION('ref_axis',(0.,0.,1.));
#8412=DIRECTION('',(1.,0.,0.));
#8413=DIRECTION('center_axis',(-1.,0.,0.));
#8414=DIRECTION('ref_axis',(0.,0.,1.));
#8415=DIRECTION('',(1.,0.,0.));
#8416=DIRECTION('center_axis',(-1.,0.,0.));
#8417=DIRECTION('ref_axis',(0.,0.,1.));
#8418=DIRECTION('',(1.,0.,0.));
#8419=DIRECTION('center_axis',(-1.,0.,0.));
#8420=DIRECTION('ref_axis',(0.,0.,1.));
#8421=DIRECTION('',(1.,0.,0.));
#8422=DIRECTION('center_axis',(-1.,0.,0.));
#8423=DIRECTION('ref_axis',(0.,0.,1.));
#8424=DIRECTION('',(1.,0.,0.));
#8425=DIRECTION('center_axis',(-1.,0.,0.));
#8426=DIRECTION('ref_axis',(0.,0.,1.));
#8427=DIRECTION('center_axis',(-1.,0.,0.));
#8428=DIRECTION('ref_axis',(0.,0.,1.));
#8429=DIRECTION('',(1.,0.,0.));
#8430=DIRECTION('',(1.,0.,0.));
#8431=DIRECTION('center_axis',(-1.,0.,0.));
#8432=DIRECTION('ref_axis',(0.,0.,1.));
#8433=DIRECTION('',(0.,-0.171929100279401,0.985109326154775));
#8434=DIRECTION('',(0.,0.739631094978603,-0.673012513509781));
#8435=DIRECTION('center_axis',(-1.,0.,0.));
#8436=DIRECTION('ref_axis',(0.,0.,1.));
#8437=DIRECTION('',(0.,0.818149717425018,-0.575005252043287));
#8438=DIRECTION('',(0.,-0.294040325232296,0.955793014798332));
#8439=DIRECTION('center_axis',(-1.,0.,0.));
#8440=DIRECTION('ref_axis',(0.,0.,1.));
#8441=DIRECTION('',(0.,0.883765630088689,-0.467929814260582));
#8442=DIRECTION('',(0.,-0.411514358605101,0.911403276635449));
#8443=DIRECTION('center_axis',(-1.,0.,0.));
#8444=DIRECTION('ref_axis',(0.,0.,1.));
#8445=DIRECTION('',(0.,0.935444030829864,-0.353474843779266));
#8446=DIRECTION('',(0.,-0.522498564715942,0.852640164354096));
#8447=DIRECTION('center_axis',(-1.,0.,0.));
#8448=DIRECTION('ref_axis',(0.,0.,1.));
#8449=DIRECTION('',(0.,0.972369920397674,-0.233445363855915));
#8450=DIRECTION('',(0.,-0.6252426563357,0.780430407338334));
#8451=DIRECTION('center_axis',(-1.,0.,0.));
#8452=DIRECTION('ref_axis',(0.,0.,1.));
#8453=DIRECTION('',(0.,0.993960955455179,-0.109734311091054));
#8454=DIRECTION('',(0.,-0.718126297763184,0.695912796592319));
#8455=DIRECTION('center_axis',(-1.,0.,0.));
#8456=DIRECTION('ref_axis',(0.,0.,1.));
#8457=DIRECTION('',(0.,0.999876632481661,0.0157073173118119));
#8458=DIRECTION('',(0.,-0.799684658487086,0.600420225325889));
#8459=DIRECTION('center_axis',(-1.,0.,0.));
#8460=DIRECTION('ref_axis',(0.,0.,1.));
#8461=DIRECTION('',(0.,0.990023657716559,0.140901231937574));
#8462=DIRECTION('',(0.,-0.868631514438188,0.495458668432413));
#8463=DIRECTION('center_axis',(-1.,0.,0.));
#8464=DIRECTION('ref_axis',(0.,0.,1.));
#8465=DIRECTION('',(0.,0.9645574184578,0.263873049965365));
#8466=DIRECTION('',(0.,-0.923879532511287,0.382683432365089));
#8467=DIRECTION('center_axis',(-1.,0.,0.));
#8468=DIRECTION('ref_axis',(0.,0.,1.));
#8469=DIRECTION('',(0.,0.923879532511287,0.382683432365089));
#8470=DIRECTION('',(0.,-0.964557418457797,0.263873049965379));
#8471=DIRECTION('center_axis',(-1.,0.,0.));
#8472=DIRECTION('ref_axis',(0.,0.,1.));
#8473=DIRECTION('',(0.,0.868631514438195,0.495458668432401));
#8474=DIRECTION('',(0.,-0.990023657716557,0.140901231937588));
#8475=DIRECTION('center_axis',(-1.,0.,0.));
#8476=DIRECTION('ref_axis',(0.,0.,1.));
#8477=DIRECTION('',(0.,0.799684658487095,0.600420225325878));
#8478=DIRECTION('',(0.,-0.99987663248166,0.0157073173118262));
#8479=DIRECTION('center_axis',(-1.,0.,0.));
#8480=DIRECTION('ref_axis',(0.,0.,1.));
#8481=DIRECTION('',(0.,0.718126297763194,0.695912796592309));
#8482=DIRECTION('',(0.,-0.99396095545518,-0.10973431109104));
#8483=DIRECTION('center_axis',(-1.,0.,0.));
#8484=DIRECTION('ref_axis',(0.,0.,1.));
#8485=DIRECTION('',(0.,0.62524265633571,0.780430407338326));
#8486=DIRECTION('',(0.,-0.972369920397678,-0.233445363855901));
#8487=DIRECTION('center_axis',(-1.,0.,0.));
#8488=DIRECTION('ref_axis',(0.,0.,1.));
#8489=DIRECTION('',(0.,0.522498564715954,0.852640164354089));
#8490=DIRECTION('',(0.,-0.935444030829869,-0.353474843779253));
#8491=DIRECTION('center_axis',(-1.,0.,0.));
#8492=DIRECTION('ref_axis',(0.,0.,1.));
#8493=DIRECTION('',(0.,0.411514358605115,0.911403276635443));
#8494=DIRECTION('',(0.,-0.883765630088695,-0.46792981426057));
#8495=DIRECTION('center_axis',(-1.,0.,0.));
#8496=DIRECTION('ref_axis',(0.,0.,1.));
#8497=DIRECTION('',(0.,0.294040325232309,0.955793014798328));
#8498=DIRECTION('',(0.,-0.818149717425026,-0.575005252043275));
#8499=DIRECTION('center_axis',(-1.,0.,0.));
#8500=DIRECTION('ref_axis',(0.,0.,1.));
#8501=DIRECTION('',(0.,0.171929100279415,0.985109326154773));
#8502=DIRECTION('',(0.,-0.739631094978612,-0.673012513509771));
#8503=DIRECTION('center_axis',(-1.,0.,0.));
#8504=DIRECTION('ref_axis',(0.,0.,1.));
#8505=DIRECTION('',(0.,0.0471064507096481,0.99888987496197));
#8506=DIRECTION('',(0.,-0.649448048330186,-0.760405965600029));
#8507=DIRECTION('center_axis',(-1.,0.,0.));
#8508=DIRECTION('ref_axis',(0.,0.,1.));
#8509=DIRECTION('',(0.,-0.0784590957278397,0.996917333733128));
#8510=DIRECTION('',(0.,-0.549022817998134,-0.835807361368269));
#8511=DIRECTION('center_axis',(-1.,0.,0.));
#8512=DIRECTION('ref_axis',(0.,0.,1.));
#8513=DIRECTION('',(0.,-0.202787295356508,0.979222810621767));
#8514=DIRECTION('',(0.,-0.439939169855918,-0.898027575760614));
#8515=DIRECTION('center_axis',(-1.,0.,0.));
#8516=DIRECTION('ref_axis',(0.,0.,1.));
#8517=DIRECTION('',(0.,-0.323917418198145,0.946085358827547));
#8518=DIRECTION('',(0.,-0.323917418198152,-0.946085358827545));
#8519=DIRECTION('center_axis',(-1.,0.,0.));
#8520=DIRECTION('ref_axis',(0.,0.,1.));
#8521=DIRECTION('',(0.,-0.439939169855911,0.898027575760618));
#8522=DIRECTION('',(0.,-0.202787295356515,-0.979222810621765));
#8523=DIRECTION('center_axis',(-1.,0.,0.));
#8524=DIRECTION('ref_axis',(0.,0.,1.));
#8525=DIRECTION('',(0.,-0.549022817998128,0.835807361368273));
#8526=DIRECTION('',(0.,-0.0784590957278469,-0.996917333733128));
#8527=DIRECTION('center_axis',(-1.,0.,0.));
#8528=DIRECTION('ref_axis',(0.,0.,1.));
#8529=DIRECTION('',(0.,-0.649448048330181,0.760405965600033));
#8530=DIRECTION('',(0.,0.0471064507096411,-0.99888987496197));
#8531=DIRECTION('center_axis',(-1.,0.,0.));
#8532=DIRECTION('ref_axis',(0.,0.,1.));
#8533=DIRECTION('',(0.,-0.739631094978607,0.673012513509776));
#8534=DIRECTION('',(0.,0.171929100279408,-0.985109326154774));
#8535=DIRECTION('center_axis',(-1.,0.,0.));
#8536=DIRECTION('ref_axis',(0.,0.,1.));
#8537=DIRECTION('',(0.,-0.818149717425022,0.575005252043281));
#8538=DIRECTION('',(0.,0.294040325232303,-0.95579301479833));
#8539=DIRECTION('center_axis',(-1.,0.,0.));
#8540=DIRECTION('ref_axis',(0.,0.,1.));
#8541=DIRECTION('',(0.,-0.883765630088692,0.467929814260576));
#8542=DIRECTION('',(0.,0.411514358605108,-0.911403276635446));
#8543=DIRECTION('center_axis',(-1.,0.,0.));
#8544=DIRECTION('ref_axis',(0.,0.,1.));
#8545=DIRECTION('',(0.,-0.935444030829866,0.35347484377926));
#8546=DIRECTION('',(0.,0.522498564715948,-0.852640164354093));
#8547=DIRECTION('center_axis',(-1.,0.,0.));
#8548=DIRECTION('ref_axis',(0.,0.,1.));
#8549=DIRECTION('',(0.,-0.972369920397676,0.233445363855908));
#8550=DIRECTION('',(0.,0.625242656335705,-0.78043040733833));
#8551=DIRECTION('center_axis',(-1.,0.,0.));
#8552=DIRECTION('ref_axis',(0.,0.,1.));
#8553=DIRECTION('',(0.,-0.993960955455179,0.109734311091047));
#8554=DIRECTION('',(0.,0.718126297763189,-0.695912796592314));
#8555=DIRECTION('center_axis',(-1.,0.,0.));
#8556=DIRECTION('ref_axis',(0.,0.,1.));
#8557=DIRECTION('',(0.,-0.999876632481661,-0.015707317311819));
#8558=DIRECTION('',(0.,0.799684658487091,-0.600420225325884));
#8559=DIRECTION('center_axis',(-1.,0.,0.));
#8560=DIRECTION('ref_axis',(0.,0.,1.));
#8561=DIRECTION('',(0.,-0.0471064507096341,0.99888987496197));
#8562=DIRECTION('',(0.,0.649448048330176,-0.760405965600038));
#8563=DIRECTION('center_axis',(-1.,0.,0.));
#8564=DIRECTION('ref_axis',(0.,0.,1.));
#8565=DIRECTION('',(0.,0.0784590957278536,0.996917333733127));
#8566=DIRECTION('',(0.,0.549022817998123,-0.835807361368276));
#8567=DIRECTION('center_axis',(-1.,0.,0.));
#8568=DIRECTION('ref_axis',(0.,0.,1.));
#8569=DIRECTION('',(0.,0.202787295356521,0.979222810621764));
#8570=DIRECTION('',(0.,0.439939169855905,-0.898027575760621));
#8571=DIRECTION('center_axis',(-1.,0.,0.));
#8572=DIRECTION('ref_axis',(0.,0.,1.));
#8573=DIRECTION('',(0.,0.323917418198159,0.946085358827542));
#8574=DIRECTION('',(0.,0.323917418198138,-0.946085358827549));
#8575=DIRECTION('center_axis',(-1.,0.,0.));
#8576=DIRECTION('ref_axis',(0.,0.,1.));
#8577=DIRECTION('',(0.,0.439939169855924,0.898027575760611));
#8578=DIRECTION('',(0.,0.202787295356501,-0.979222810621768));
#8579=DIRECTION('center_axis',(-1.,0.,0.));
#8580=DIRECTION('ref_axis',(0.,0.,1.));
#8581=DIRECTION('',(0.,0.54902281799814,0.835807361368265));
#8582=DIRECTION('',(0.,0.0784590957278327,-0.996917333733129));
#8583=DIRECTION('center_axis',(-1.,0.,0.));
#8584=DIRECTION('ref_axis',(0.,0.,1.));
#8585=DIRECTION('',(0.,0.649448048330192,0.760405965600024));
#8586=DIRECTION('',(0.,-0.0471064507096551,-0.998889874961969));
#8587=DIRECTION('center_axis',(-1.,0.,0.));
#8588=DIRECTION('ref_axis',(0.,0.,1.));
#8589=DIRECTION('',(0.,0.739631094978617,0.673012513509765));
#8590=DIRECTION('',(0.,-0.171929100279422,-0.985109326154772));
#8591=DIRECTION('center_axis',(-1.,0.,0.));
#8592=DIRECTION('ref_axis',(0.,0.,1.));
#8593=DIRECTION('',(0.,0.81814971742503,0.57500525204327));
#8594=DIRECTION('',(0.,-0.294040325232316,-0.955793014798326));
#8595=DIRECTION('center_axis',(-1.,0.,0.));
#8596=DIRECTION('ref_axis',(0.,0.,1.));
#8597=DIRECTION('',(0.,0.883765630088698,0.467929814260564));
#8598=DIRECTION('',(0.,-0.411514358605121,-0.91140327663544));
#8599=DIRECTION('center_axis',(-1.,0.,0.));
#8600=DIRECTION('ref_axis',(0.,0.,1.));
#8601=DIRECTION('',(0.,0.935444030829872,0.353474843779246));
#8602=DIRECTION('',(0.,-0.522498564715961,-0.852640164354085));
#8603=DIRECTION('center_axis',(-1.,0.,0.));
#8604=DIRECTION('ref_axis',(0.,0.,1.));
#8605=DIRECTION('',(0.,0.97236992039768,0.233445363855893));
#8606=DIRECTION('',(0.,-0.625242656335716,-0.780430407338321));
#8607=DIRECTION('center_axis',(-1.,0.,0.));
#8608=DIRECTION('ref_axis',(0.,0.,1.));
#8609=DIRECTION('',(0.,0.993960955455181,0.109734311091033));
#8610=DIRECTION('',(0.,-0.718126297763199,-0.695912796592304));
#8611=DIRECTION('center_axis',(-1.,0.,0.));
#8612=DIRECTION('ref_axis',(0.,0.,1.));
#8613=DIRECTION('',(0.,0.99987663248166,-0.0157073173118333));
#8614=DIRECTION('',(0.,-0.799684658487099,-0.600420225325872));
#8615=DIRECTION('center_axis',(-1.,0.,0.));
#8616=DIRECTION('ref_axis',(0.,0.,1.));
#8617=DIRECTION('',(0.,0.990023657716556,-0.140901231937595));
#8618=DIRECTION('',(0.,-0.868631514438198,-0.495458668432395));
#8619=DIRECTION('center_axis',(-1.,0.,0.));
#8620=DIRECTION('ref_axis',(0.,0.,1.));
#8621=DIRECTION('',(0.,0.964557418457795,-0.263873049965385));
#8622=DIRECTION('',(0.,-0.923879532511287,-0.382683432365089));
#8623=DIRECTION('center_axis',(-1.,0.,0.));
#8624=DIRECTION('ref_axis',(0.,0.,1.));
#8625=DIRECTION('',(0.,-0.990023657716558,-0.140901231937581));
#8626=DIRECTION('',(0.,0.868631514438192,-0.495458668432407));
#8627=DIRECTION('center_axis',(1.,0.,0.));
#8628=DIRECTION('ref_axis',(0.,0.,-1.));
#8629=DIRECTION('center_axis',(-1.,0.,0.));
#8630=DIRECTION('ref_axis',(0.,0.,1.));
#8631=DIRECTION('center_axis',(-1.,0.,0.));
#8632=DIRECTION('ref_axis',(0.,0.,1.));
#8633=DIRECTION('center_axis',(-1.,0.,0.));
#8634=DIRECTION('ref_axis',(0.,0.,1.));
#8635=DIRECTION('',(1.,0.,0.));
#8636=DIRECTION('',(1.,0.,0.));
#8637=DIRECTION('center_axis',(-1.,0.,0.));
#8638=DIRECTION('ref_axis',(0.,0.,1.));
#8639=DIRECTION('',(0.,-0.964557418457798,-0.263873049965372));
#8640=DIRECTION('',(0.,0.923879532511287,-0.382683432365089));
#8641=DIRECTION('center_axis',(1.,0.,0.));
#8642=DIRECTION('ref_axis',(0.,0.,-1.));
#8643=DIRECTION('center_axis',(-1.,0.,0.));
#8644=DIRECTION('ref_axis',(0.,0.,1.));
#8645=DIRECTION('center_axis',(0.,-0.382683432365089,-0.923879532511287));
#8646=DIRECTION('ref_axis',(0.,0.923879532511287,-0.382683432365089));
#8647=DIRECTION('center_axis',(0.,-0.382683432365089,0.923879532511287));
#8648=DIRECTION('ref_axis',(0.,-0.923879532511287,-0.382683432365089));
#8649=DIRECTION('center_axis',(0.,-0.495458668432407,-0.868631514438192));
#8650=DIRECTION('ref_axis',(0.,0.868631514438192,-0.495458668432407));
#8651=DIRECTION('center_axis',(0.,-0.263873049965372,0.964557418457798));
#8652=DIRECTION('ref_axis',(0.,-0.964557418457798,-0.263873049965372));
#8653=DIRECTION('center_axis',(0.,-0.263873049965385,-0.964557418457795));
#8654=DIRECTION('ref_axis',(0.,0.964557418457795,-0.263873049965385));
#8655=DIRECTION('center_axis',(0.,-0.495458668432395,0.868631514438199));
#8656=DIRECTION('ref_axis',(0.,-0.868631514438199,-0.495458668432395));
#8657=DIRECTION('center_axis',(0.,-0.140901231937595,-0.990023657716556));
#8658=DIRECTION('ref_axis',(0.,0.990023657716556,-0.140901231937595));
#8659=DIRECTION('center_axis',(0.,-0.600420225325872,0.799684658487099));
#8660=DIRECTION('ref_axis',(0.,-0.799684658487099,-0.600420225325872));
#8661=DIRECTION('center_axis',(0.,-0.0157073173118333,-0.99987663248166));
#8662=DIRECTION('ref_axis',(0.,0.99987663248166,-0.0157073173118333));
#8663=DIRECTION('center_axis',(0.,-0.695912796592304,0.718126297763199));
#8664=DIRECTION('ref_axis',(0.,-0.718126297763199,-0.695912796592304));
#8665=DIRECTION('center_axis',(0.,0.109734311091033,-0.993960955455181));
#8666=DIRECTION('ref_axis',(0.,0.993960955455181,0.109734311091033));
#8667=DIRECTION('center_axis',(0.,-0.780430407338321,0.625242656335716));
#8668=DIRECTION('ref_axis',(0.,-0.625242656335716,-0.780430407338321));
#8669=DIRECTION('center_axis',(0.,0.233445363855894,-0.97236992039768));
#8670=DIRECTION('ref_axis',(0.,0.97236992039768,0.233445363855893));
#8671=DIRECTION('center_axis',(0.,-0.852640164354085,0.522498564715961));
#8672=DIRECTION('ref_axis',(0.,-0.522498564715961,-0.852640164354085));
#8673=DIRECTION('center_axis',(0.,0.353474843779246,-0.935444030829872));
#8674=DIRECTION('ref_axis',(0.,0.935444030829871,0.353474843779246));
#8675=DIRECTION('center_axis',(0.,-0.91140327663544,0.411514358605121));
#8676=DIRECTION('ref_axis',(0.,-0.411514358605121,-0.91140327663544));
#8677=DIRECTION('center_axis',(0.,0.467929814260564,-0.883765630088699));
#8678=DIRECTION('ref_axis',(0.,0.883765630088698,0.467929814260564));
#8679=DIRECTION('center_axis',(0.,-0.955793014798326,0.294040325232316));
#8680=DIRECTION('ref_axis',(0.,-0.294040325232316,-0.955793014798326));
#8681=DIRECTION('center_axis',(0.,0.57500525204327,-0.81814971742503));
#8682=DIRECTION('ref_axis',(0.,0.81814971742503,0.575005252043269));
#8683=DIRECTION('center_axis',(0.,-0.985109326154772,0.171929100279422));
#8684=DIRECTION('ref_axis',(0.,-0.171929100279422,-0.985109326154772));
#8685=DIRECTION('center_axis',(0.,0.673012513509766,-0.739631094978617));
#8686=DIRECTION('ref_axis',(0.,0.739631094978617,0.673012513509766));
#8687=DIRECTION('center_axis',(0.,-0.998889874961969,0.0471064507096551));
#8688=DIRECTION('ref_axis',(0.,-0.0471064507096551,-0.998889874961969));
#8689=DIRECTION('center_axis',(0.,0.760405965600024,-0.649448048330192));
#8690=DIRECTION('ref_axis',(0.,0.649448048330192,0.760405965600024));
#8691=DIRECTION('center_axis',(0.,-0.996917333733129,-0.0784590957278327));
#8692=DIRECTION('ref_axis',(0.,0.0784590957278327,-0.996917333733129));
#8693=DIRECTION('center_axis',(0.,0.835807361368265,-0.54902281799814));
#8694=DIRECTION('ref_axis',(0.,0.54902281799814,0.835807361368265));
#8695=DIRECTION('center_axis',(0.,-0.979222810621768,-0.202787295356501));
#8696=DIRECTION('ref_axis',(0.,0.202787295356501,-0.979222810621768));
#8697=DIRECTION('center_axis',(0.,0.898027575760611,-0.439939169855924));
#8698=DIRECTION('ref_axis',(0.,0.439939169855924,0.898027575760611));
#8699=DIRECTION('center_axis',(0.,-0.946085358827549,-0.323917418198138));
#8700=DIRECTION('ref_axis',(0.,0.323917418198138,-0.946085358827549));
#8701=DIRECTION('center_axis',(0.,0.946085358827542,-0.323917418198159));
#8702=DIRECTION('ref_axis',(0.,0.323917418198159,0.946085358827542));
#8703=DIRECTION('center_axis',(0.,-0.898027575760621,-0.439939169855905));
#8704=DIRECTION('ref_axis',(0.,0.439939169855905,-0.898027575760621));
#8705=DIRECTION('center_axis',(0.,0.979222810621764,-0.202787295356521));
#8706=DIRECTION('ref_axis',(0.,0.202787295356521,0.979222810621764));
#8707=DIRECTION('center_axis',(0.,-0.835807361368276,-0.549022817998123));
#8708=DIRECTION('ref_axis',(0.,0.549022817998123,-0.835807361368276));
#8709=DIRECTION('center_axis',(0.,0.996917333733127,-0.0784590957278536));
#8710=DIRECTION('ref_axis',(0.,0.0784590957278536,0.996917333733127));
#8711=DIRECTION('center_axis',(0.,-0.760405965600038,-0.649448048330176));
#8712=DIRECTION('ref_axis',(0.,0.649448048330176,-0.760405965600038));
#8713=DIRECTION('center_axis',(0.,0.99888987496197,0.0471064507096341));
#8714=DIRECTION('ref_axis',(0.,-0.0471064507096341,0.99888987496197));
#8715=DIRECTION('center_axis',(0.,-0.673012513509781,-0.739631094978603));
#8716=DIRECTION('ref_axis',(0.,0.739631094978603,-0.673012513509781));
#8717=DIRECTION('center_axis',(0.,-0.600420225325884,-0.799684658487091));
#8718=DIRECTION('ref_axis',(0.,0.799684658487091,-0.600420225325884));
#8719=DIRECTION('center_axis',(0.,-0.140901231937581,0.990023657716558));
#8720=DIRECTION('ref_axis',(0.,-0.990023657716558,-0.140901231937581));
#8721=DIRECTION('center_axis',(0.,-0.695912796592314,-0.718126297763189));
#8722=DIRECTION('ref_axis',(0.,0.718126297763189,-0.695912796592314));
#8723=DIRECTION('center_axis',(0.,-0.015707317311819,0.999876632481661));
#8724=DIRECTION('ref_axis',(0.,-0.99987663248166,-0.015707317311819));
#8725=DIRECTION('center_axis',(0.,-0.78043040733833,-0.625242656335705));
#8726=DIRECTION('ref_axis',(0.,0.625242656335705,-0.78043040733833));
#8727=DIRECTION('center_axis',(0.,0.109734311091047,0.993960955455179));
#8728=DIRECTION('ref_axis',(0.,-0.99396095545518,0.109734311091047));
#8729=DIRECTION('center_axis',(0.,-0.852640164354092,-0.522498564715949));
#8730=DIRECTION('ref_axis',(0.,0.522498564715949,-0.852640164354092));
#8731=DIRECTION('center_axis',(0.,0.233445363855908,0.972369920397676));
#8732=DIRECTION('ref_axis',(0.,-0.972369920397676,0.233445363855908));
#8733=DIRECTION('center_axis',(0.,-0.911403276635446,-0.411514358605108));
#8734=DIRECTION('ref_axis',(0.,0.411514358605108,-0.911403276635446));
#8735=DIRECTION('center_axis',(0.,0.35347484377926,0.935444030829866));
#8736=DIRECTION('ref_axis',(0.,-0.935444030829866,0.35347484377926));
#8737=DIRECTION('center_axis',(0.,-0.95579301479833,-0.294040325232303));
#8738=DIRECTION('ref_axis',(0.,0.294040325232303,-0.95579301479833));
#8739=DIRECTION('center_axis',(0.,0.467929814260576,0.883765630088692));
#8740=DIRECTION('ref_axis',(0.,-0.883765630088692,0.467929814260576));
#8741=DIRECTION('center_axis',(0.,-0.985109326154774,-0.171929100279408));
#8742=DIRECTION('ref_axis',(0.,0.171929100279408,-0.985109326154774));
#8743=DIRECTION('center_axis',(0.,0.575005252043281,0.818149717425022));
#8744=DIRECTION('ref_axis',(0.,-0.818149717425022,0.575005252043281));
#8745=DIRECTION('center_axis',(0.,-0.99888987496197,-0.0471064507096412));
#8746=DIRECTION('ref_axis',(0.,0.0471064507096412,-0.99888987496197));
#8747=DIRECTION('center_axis',(0.,0.673012513509776,0.739631094978607));
#8748=DIRECTION('ref_axis',(0.,-0.739631094978608,0.673012513509776));
#8749=DIRECTION('center_axis',(0.,-0.996917333733128,0.0784590957278469));
#8750=DIRECTION('ref_axis',(0.,-0.0784590957278469,-0.996917333733128));
#8751=DIRECTION('center_axis',(0.,0.760405965600033,0.649448048330181));
#8752=DIRECTION('ref_axis',(0.,-0.649448048330181,0.760405965600033));
#8753=DIRECTION('center_axis',(0.,-0.979222810621765,0.202787295356515));
#8754=DIRECTION('ref_axis',(0.,-0.202787295356515,-0.979222810621765));
#8755=DIRECTION('center_axis',(0.,0.835807361368272,0.549022817998128));
#8756=DIRECTION('ref_axis',(0.,-0.549022817998128,0.835807361368272));
#8757=DIRECTION('center_axis',(0.,-0.946085358827545,0.323917418198152));
#8758=DIRECTION('ref_axis',(0.,-0.323917418198152,-0.946085358827545));
#8759=DIRECTION('center_axis',(0.,0.898027575760618,0.439939169855911));
#8760=DIRECTION('ref_axis',(0.,-0.439939169855911,0.898027575760617));
#8761=DIRECTION('center_axis',(0.,-0.898027575760614,0.439939169855918));
#8762=DIRECTION('ref_axis',(0.,-0.439939169855918,-0.898027575760614));
#8763=DIRECTION('center_axis',(0.,0.946085358827547,0.323917418198145));
#8764=DIRECTION('ref_axis',(0.,-0.323917418198145,0.946085358827547));
#8765=DIRECTION('center_axis',(0.,-0.835807361368269,0.549022817998134));
#8766=DIRECTION('ref_axis',(0.,-0.549022817998134,-0.835807361368269));
#8767=DIRECTION('center_axis',(0.,0.979222810621767,0.202787295356508));
#8768=DIRECTION('ref_axis',(0.,-0.202787295356508,0.979222810621767));
#8769=DIRECTION('center_axis',(0.,-0.760405965600029,0.649448048330186));
#8770=DIRECTION('ref_axis',(0.,-0.649448048330186,-0.760405965600029));
#8771=DIRECTION('center_axis',(0.,0.996917333733128,0.0784590957278397));
#8772=DIRECTION('ref_axis',(0.,-0.0784590957278397,0.996917333733128));
#8773=DIRECTION('center_axis',(0.,-0.673012513509771,0.739631094978612));
#8774=DIRECTION('ref_axis',(0.,-0.739631094978612,-0.673012513509771));
#8775=DIRECTION('center_axis',(0.,0.99888987496197,-0.0471064507096481));
#8776=DIRECTION('ref_axis',(0.,0.0471064507096481,0.99888987496197));
#8777=DIRECTION('center_axis',(0.,-0.575005252043275,0.818149717425026));
#8778=DIRECTION('ref_axis',(0.,-0.818149717425026,-0.575005252043275));
#8779=DIRECTION('center_axis',(0.,0.985109326154773,-0.171929100279415));
#8780=DIRECTION('ref_axis',(0.,0.171929100279415,0.985109326154773));
#8781=DIRECTION('center_axis',(0.,-0.46792981426057,0.883765630088695));
#8782=DIRECTION('ref_axis',(0.,-0.883765630088695,-0.46792981426057));
#8783=DIRECTION('center_axis',(0.,0.955793014798328,-0.29404032523231));
#8784=DIRECTION('ref_axis',(0.,0.29404032523231,0.955793014798328));
#8785=DIRECTION('center_axis',(0.,-0.353474843779253,0.935444030829869));
#8786=DIRECTION('ref_axis',(0.,-0.935444030829869,-0.353474843779253));
#8787=DIRECTION('center_axis',(0.,0.911403276635443,-0.411514358605115));
#8788=DIRECTION('ref_axis',(0.,0.411514358605115,0.911403276635443));
#8789=DIRECTION('center_axis',(0.,-0.233445363855901,0.972369920397678));
#8790=DIRECTION('ref_axis',(0.,-0.972369920397678,-0.233445363855901));
#8791=DIRECTION('center_axis',(0.,0.852640164354089,-0.522498564715954));
#8792=DIRECTION('ref_axis',(0.,0.522498564715954,0.852640164354089));
#8793=DIRECTION('center_axis',(0.,-0.10973431109104,0.99396095545518));
#8794=DIRECTION('ref_axis',(0.,-0.99396095545518,-0.10973431109104));
#8795=DIRECTION('center_axis',(0.,0.780430407338326,-0.62524265633571));
#8796=DIRECTION('ref_axis',(0.,0.62524265633571,0.780430407338326));
#8797=DIRECTION('center_axis',(0.,0.0157073173118262,0.999876632481661));
#8798=DIRECTION('ref_axis',(0.,-0.99987663248166,0.0157073173118262));
#8799=DIRECTION('center_axis',(0.,0.695912796592309,-0.718126297763194));
#8800=DIRECTION('ref_axis',(0.,0.718126297763194,0.695912796592309));
#8801=DIRECTION('center_axis',(0.,0.140901231937588,0.990023657716557));
#8802=DIRECTION('ref_axis',(0.,-0.990023657716557,0.140901231937588));
#8803=DIRECTION('center_axis',(0.,0.600420225325878,-0.799684658487095));
#8804=DIRECTION('ref_axis',(0.,0.799684658487095,0.600420225325878));
#8805=DIRECTION('center_axis',(0.,0.263873049965379,0.964557418457797));
#8806=DIRECTION('ref_axis',(0.,-0.964557418457797,0.263873049965379));
#8807=DIRECTION('center_axis',(0.,0.495458668432401,-0.868631514438195));
#8808=DIRECTION('ref_axis',(0.,0.868631514438195,0.495458668432401));
#8809=DIRECTION('center_axis',(0.,0.382683432365089,0.923879532511287));
#8810=DIRECTION('ref_axis',(0.,-0.923879532511287,0.382683432365089));
#8811=DIRECTION('center_axis',(0.,0.382683432365089,-0.923879532511287));
#8812=DIRECTION('ref_axis',(0.,0.923879532511287,0.382683432365089));
#8813=DIRECTION('center_axis',(0.,0.495458668432413,0.868631514438188));
#8814=DIRECTION('ref_axis',(0.,-0.868631514438188,0.495458668432413));
#8815=DIRECTION('center_axis',(0.,0.263873049965365,-0.9645574184578));
#8816=DIRECTION('ref_axis',(0.,0.9645574184578,0.263873049965365));
#8817=DIRECTION('center_axis',(0.,0.60042022532589,0.799684658487086));
#8818=DIRECTION('ref_axis',(0.,-0.799684658487086,0.60042022532589));
#8819=DIRECTION('center_axis',(0.,0.140901231937574,-0.990023657716559));
#8820=DIRECTION('ref_axis',(0.,0.990023657716559,0.140901231937574));
#8821=DIRECTION('center_axis',(0.,0.695912796592319,0.718126297763184));
#8822=DIRECTION('ref_axis',(0.,-0.718126297763184,0.695912796592319));
#8823=DIRECTION('center_axis',(0.,0.0157073173118119,-0.999876632481661));
#8824=DIRECTION('ref_axis',(0.,0.999876632481661,0.0157073173118119));
#8825=DIRECTION('center_axis',(0.,0.780430407338334,0.6252426563357));
#8826=DIRECTION('ref_axis',(0.,-0.6252426563357,0.780430407338334));
#8827=DIRECTION('center_axis',(0.,-0.109734311091054,-0.993960955455179));
#8828=DIRECTION('ref_axis',(0.,0.993960955455179,-0.109734311091054));
#8829=DIRECTION('center_axis',(0.,0.852640164354097,0.522498564715942));
#8830=DIRECTION('ref_axis',(0.,-0.522498564715942,0.852640164354096));
#8831=DIRECTION('center_axis',(0.,-0.233445363855915,-0.972369920397674));
#8832=DIRECTION('ref_axis',(0.,0.972369920397674,-0.233445363855915));
#8833=DIRECTION('center_axis',(0.,0.911403276635449,0.411514358605102));
#8834=DIRECTION('ref_axis',(0.,-0.411514358605102,0.911403276635449));
#8835=DIRECTION('center_axis',(0.,-0.353474843779266,-0.935444030829864));
#8836=DIRECTION('ref_axis',(0.,0.935444030829864,-0.353474843779266));
#8837=DIRECTION('center_axis',(0.,0.955793014798333,0.294040325232296));
#8838=DIRECTION('ref_axis',(0.,-0.294040325232296,0.955793014798332));
#8839=DIRECTION('center_axis',(0.,-0.467929814260582,-0.883765630088689));
#8840=DIRECTION('ref_axis',(0.,0.883765630088689,-0.467929814260582));
#8841=DIRECTION('center_axis',(0.,0.985109326154775,0.171929100279401));
#8842=DIRECTION('ref_axis',(0.,-0.171929100279401,0.985109326154775));
#8843=DIRECTION('center_axis',(0.,-0.575005252043287,-0.818149717425018));
#8844=DIRECTION('ref_axis',(0.,0.818149717425018,-0.575005252043287));
#8845=DIRECTION('center_axis',(1.,0.,-6.98296267768627E-15));
#8846=DIRECTION('ref_axis',(-6.98296267768627E-15,0.,-1.));
#8847=DIRECTION('',(6.98296267768627E-15,0.,1.));
#8848=DIRECTION('center_axis',(1.,0.,-6.98296267768627E-15));
#8849=DIRECTION('ref_axis',(-6.98296267768627E-15,0.,-1.));
#8850=DIRECTION('center_axis',(-1.,0.,6.98296267768627E-15));
#8851=DIRECTION('ref_axis',(6.98296267768627E-15,0.,1.));
#8852=DIRECTION('center_axis',(6.98296267768627E-15,0.,1.));
#8853=DIRECTION('ref_axis',(1.,0.,-6.98296267768627E-15));
#8854=DIRECTION('',(6.98296267768627E-15,0.,1.));
#8855=DIRECTION('center_axis',(9.15690659035485E-17,1.,-6.39423369635073E-31));
#8856=DIRECTION('ref_axis',(1.,-9.15690659035486E-17,-6.98296267768627E-15));
#8857=DIRECTION('center_axis',(1.,0.,0.));
#8858=DIRECTION('ref_axis',(0.,0.,-1.));
#8859=DIRECTION('',(-1.,0.,-2.22044604925031E-16));
#8860=DIRECTION('',(2.22044604925031E-16,-1.22464679914735E-16,-1.));
#8861=DIRECTION('',(1.,0.,2.22044604925031E-16));
#8862=DIRECTION('',(2.22044604925031E-16,-1.22464679914735E-16,-1.));
#8863=DIRECTION('',(0.,0.,1.));
#8864=DIRECTION('',(1.,0.,0.));
#8865=DIRECTION('',(1.,0.,0.));
#8866=DIRECTION('',(0.,-1.22464679914735E-16,-1.));
#8867=DIRECTION('',(0.,0.,1.));
#8868=DIRECTION('',(1.,0.,0.));
#8869=DIRECTION('',(1.,0.,0.));
#8870=DIRECTION('',(0.,-1.22464679914735E-16,-1.));
#8871=DIRECTION('',(1.,0.,2.22044604925031E-16));
#8872=DIRECTION('',(2.22044604925031E-16,-1.22464679914735E-16,-1.));
#8873=DIRECTION('',(1.,0.,2.22044604925031E-16));
#8874=DIRECTION('',(2.22044604925031E-16,-1.22464679914735E-16,-1.));
#8875=DIRECTION('',(1.,0.,2.22044604925031E-16));
#8876=DIRECTION('',(2.22044604925031E-16,-1.22464679914735E-16,-1.));
#8877=DIRECTION('',(1.,0.,2.22044604925031E-16));
#8878=DIRECTION('',(2.22044604925031E-16,-1.22464679914735E-16,-1.));
#8879=DIRECTION('',(2.22044604925031E-16,-1.22464679914735E-16,-1.));
#8880=DIRECTION('',(-1.,0.,-2.22044604925031E-16));
#8881=DIRECTION('',(1.22464679914735E-16,-6.93451286607981E-15,1.));
#8882=DIRECTION('',(8.55166289179383E-31,1.,6.93451286607982E-15));
#8883=DIRECTION('',(2.46519032881566E-32,6.74947569530902E-15,-1.));
#8884=DIRECTION('',(3.93574062229618E-14,-1.,-6.74947569530902E-15));
#8885=DIRECTION('',(-3.94430452610506E-31,6.74947569530893E-15,-0.999999999999999));
#8886=DIRECTION('',(3.93574062229618E-14,-1.,-6.74947569530894E-15));
#8887=DIRECTION('',(1.22464679914185E-16,-6.93451286607975E-15,0.999999999999999));
#8888=DIRECTION('',(3.93574062229619E-14,1.,6.93451286607976E-15));
#8889=CARTESIAN_POINT('',(0.,0.,0.));
#8890=CARTESIAN_POINT('',(0.,0.,0.));
#8891=CARTESIAN_POINT('Origin',(8.83883476483227,8.83883476483227,0.));
#8892=CARTESIAN_POINT('',(6.83883476483228,8.83883476483227,0.));
#8893=CARTESIAN_POINT('Origin',(8.83883476483227,8.83883476483227,0.));
#8894=CARTESIAN_POINT('',(6.83883476483228,8.83883476483227,5.));
#8895=CARTESIAN_POINT('',(6.83883476483228,8.83883476483227,0.));
#8896=CARTESIAN_POINT('Origin',(8.83883476483227,8.83883476483227,5.));
#8897=CARTESIAN_POINT('Origin',(-8.83883476483226,8.83883476483227,0.));
#8898=CARTESIAN_POINT('',(-10.8388347648323,8.83883476483227,0.));
#8899=CARTESIAN_POINT('Origin',(-8.83883476483226,8.83883476483227,0.));
#8900=CARTESIAN_POINT('',(-10.8388347648323,8.83883476483227,5.));
#8901=CARTESIAN_POINT('',(-10.8388347648323,8.83883476483227,0.));
#8902=CARTESIAN_POINT('Origin',(-8.83883476483226,8.83883476483227,5.));
#8903=CARTESIAN_POINT('Origin',(8.83883476483227,-8.83883476483227,0.));
#8904=CARTESIAN_POINT('',(6.83883476483227,-8.83883476483227,0.));
#8905=CARTESIAN_POINT('Origin',(8.83883476483227,-8.83883476483227,0.));
#8906=CARTESIAN_POINT('',(6.83883476483227,-8.83883476483227,5.));
#8907=CARTESIAN_POINT('',(6.83883476483227,-8.83883476483227,0.));
#8908=CARTESIAN_POINT('Origin',(8.83883476483227,-8.83883476483227,5.));
#8909=CARTESIAN_POINT('Origin',(-8.83883476483227,-8.83883476483227,0.));
#8910=CARTESIAN_POINT('',(-10.8388347648323,-8.83883476483227,0.));
#8911=CARTESIAN_POINT('Origin',(-8.83883476483227,-8.83883476483227,0.));
#8912=CARTESIAN_POINT('',(-10.8388347648323,-8.83883476483227,5.));
#8913=CARTESIAN_POINT('',(-10.8388347648323,-8.83883476483227,0.));
#8914=CARTESIAN_POINT('Origin',(-8.83883476483227,-8.83883476483227,5.));
#8915=CARTESIAN_POINT('Origin',(9.8625,0.,0.));
#8916=CARTESIAN_POINT('',(7.3625,3.06161699786838E-16,0.));
#8917=CARTESIAN_POINT('Origin',(9.8625,0.,0.));
#8918=CARTESIAN_POINT('',(7.3625,3.06161699786838E-16,3.));
#8919=CARTESIAN_POINT('',(7.3625,-3.06161699786838E-16,0.));
#8920=CARTESIAN_POINT('Origin',(9.8625,0.,3.));
#8921=CARTESIAN_POINT('Origin',(9.8625,0.,3.));
#8922=CARTESIAN_POINT('Origin',(-9.8625,0.,0.));
#8923=CARTESIAN_POINT('',(-12.3625,3.06161699786838E-16,0.));
#8924=CARTESIAN_POINT('Origin',(-9.8625,0.,0.));
#8925=CARTESIAN_POINT('',(-12.3625,3.06161699786838E-16,3.));
#8926=CARTESIAN_POINT('',(-12.3625,-3.06161699786838E-16,0.));
#8927=CARTESIAN_POINT('Origin',(-9.8625,0.,3.));
#8928=CARTESIAN_POINT('Origin',(-9.8625,0.,3.));
#8929=CARTESIAN_POINT('Origin',(0.,0.,5.));
#8930=CARTESIAN_POINT('',(-20.25,-2.47990976827339E-15,5.));
#8931=CARTESIAN_POINT('Origin',(0.,0.,5.));
#8932=CARTESIAN_POINT('Origin',(0.,0.,3.));
#8933=CARTESIAN_POINT('',(-27.5,-3.36777869765522E-15,3.));
#8934=CARTESIAN_POINT('',(-27.5,-3.36777869765522E-15,3.));
#8935=CARTESIAN_POINT('Origin',(0.,0.,3.));
#8936=CARTESIAN_POINT('Origin',(0.,0.,0.));
#8937=CARTESIAN_POINT('',(-17.5,2.14313189850787E-15,0.));
#8938=CARTESIAN_POINT('Origin',(0.,0.,0.));
#8939=CARTESIAN_POINT('',(-17.5,2.14313189850787E-15,2.6));
#8940=CARTESIAN_POINT('',(-17.5,-2.14313189850787E-15,0.));
#8941=CARTESIAN_POINT('Origin',(0.,0.,2.6));
#8942=CARTESIAN_POINT('Origin',(0.,0.,0.));
#8943=CARTESIAN_POINT('',(-20.5,2.51052593825207E-15,0.));
#8944=CARTESIAN_POINT('Origin',(0.,0.,0.));
#8945=CARTESIAN_POINT('',(-20.5,2.51052593825207E-15,2.6));
#8946=CARTESIAN_POINT('',(-20.5,-2.51052593825207E-15,0.));
#8947=CARTESIAN_POINT('Origin',(0.,0.,2.6));
#8948=CARTESIAN_POINT('Origin',(0.,0.,2.6));
#8949=CARTESIAN_POINT('Origin',(0.,0.,0.));
#8950=CARTESIAN_POINT('',(-27.5,-3.36777869765522E-15,0.));
#8951=CARTESIAN_POINT('Origin',(0.,0.,0.));
#8952=CARTESIAN_POINT('Origin',(0.,0.,0.));
#8953=CARTESIAN_POINT('',(-27.5,-3.36777869765522E-15,0.));
#8954=CARTESIAN_POINT('Origin',(0.,0.,0.));
#8955=CARTESIAN_POINT('',(0.,0.,0.));
#8956=CARTESIAN_POINT('Origin',(0.,0.,0.));
#8957=CARTESIAN_POINT('',(-21.6,2.64523708615828E-15,1.8));
#8958=CARTESIAN_POINT('Origin',(0.,0.,1.8));
#8959=CARTESIAN_POINT('',(-23.3349351572897,-2.85770536486859E-15,2.5));
#8960=CARTESIAN_POINT('Origin',(-23.3349351572897,2.85770536486859E-15,
0.));
#8961=CARTESIAN_POINT('Origin',(0.,0.,2.5));
#8962=CARTESIAN_POINT('Origin',(0.,0.,2.5));
#8963=CARTESIAN_POINT('',(24.15,-2.95752201994086E-15,2.5));
#8964=CARTESIAN_POINT('Origin',(0.,0.,2.5));
#8965=CARTESIAN_POINT('Origin',(0.,0.,0.));
#8966=CARTESIAN_POINT('',(24.15,-2.95752201994086E-15,-2.5));
#8967=CARTESIAN_POINT('Origin',(0.,0.,-2.5));
#8968=CARTESIAN_POINT('Origin',(24.15,-2.95752201994086E-15,0.));
#8969=CARTESIAN_POINT('Origin',(0.,0.,-2.5));
#8970=CARTESIAN_POINT('',(-23.3349351572897,2.85770536486859E-15,-2.5));
#8971=CARTESIAN_POINT('Origin',(0.,0.,-2.5));
#8972=CARTESIAN_POINT('Origin',(0.,0.,0.));
#8973=CARTESIAN_POINT('',(-21.6,-2.64523708615828E-15,-1.8));
#8974=CARTESIAN_POINT('Origin',(0.,0.,-1.8));
#8975=CARTESIAN_POINT('Origin',(-23.3349351572897,-2.85770536486859E-15,
0.));
#8976=CARTESIAN_POINT('Origin',(0.,0.,-1.8));
#8977=CARTESIAN_POINT('',(-20.2,-2.47378653427765E-15,-1.8));
#8978=CARTESIAN_POINT('Origin',(0.,0.,-1.8));
#8979=CARTESIAN_POINT('Origin',(0.,0.,1.8));
#8980=CARTESIAN_POINT('',(-20.2,-2.47378653427765E-15,1.8));
#8981=CARTESIAN_POINT('Origin',(0.,0.,1.8));
#8982=CARTESIAN_POINT('Origin',(0.,0.,0.));
#8983=CARTESIAN_POINT('',(-20.2,-2.47378653427765E-15,4.));
#8984=CARTESIAN_POINT('Origin',(0.,0.,4.));
#8985=CARTESIAN_POINT('',(-20.2,-2.47378653427765E-15,0.));
#8986=CARTESIAN_POINT('Origin',(0.,0.,-4.));
#8987=CARTESIAN_POINT('',(-20.2,-2.47378653427765E-15,-4.));
#8988=CARTESIAN_POINT('Origin',(0.,0.,-4.));
#8989=CARTESIAN_POINT('',(-20.,-2.44929359829471E-15,-4.));
#8990=CARTESIAN_POINT('Origin',(0.,0.,-4.));
#8991=CARTESIAN_POINT('Origin',(0.,0.,0.));
#8992=CARTESIAN_POINT('',(-20.,-2.44929359829471E-15,4.));
#8993=CARTESIAN_POINT('Origin',(0.,0.,4.));
#8994=CARTESIAN_POINT('',(-20.,-2.44929359829471E-15,0.));
#8995=CARTESIAN_POINT('Origin',(0.,0.,0.));
#8996=CARTESIAN_POINT('',(-20.2,-2.47378653427765E-15,0.));
#8997=CARTESIAN_POINT('Origin',(0.,0.,4.));
#8998=CARTESIAN_POINT('',(0.,0.,0.));
#8999=CARTESIAN_POINT('Origin',(-65.15,0.,-1.44662060108658E-14));
#9000=CARTESIAN_POINT('',(0.,19.4,0.));
#9001=CARTESIAN_POINT('',(0.,-19.4,0.));
#9002=CARTESIAN_POINT('Origin',(0.,0.,0.));
#9003=CARTESIAN_POINT('',(19.4,-2.37581479034587E-15,19.4));
#9004=CARTESIAN_POINT('Origin',(0.,0.,0.));
#9005=CARTESIAN_POINT('',(60.15,2.37581479034587E-15,19.4));
#9006=CARTESIAN_POINT('',(-65.15,-2.37581479034587E-15,19.4));
#9007=CARTESIAN_POINT('Origin',(60.15,0.,1.33559829862406E-14));
#9008=CARTESIAN_POINT('Origin',(0.,0.,0.));
#9009=CARTESIAN_POINT('Origin',(-65.15,0.,-1.44662060108658E-14));
#9010=CARTESIAN_POINT('',(-65.15,2.37581479034587E-15,19.4));
#9011=CARTESIAN_POINT('Origin',(-65.15,0.,-1.44662060108658E-14));
#9012=CARTESIAN_POINT('',(-19.4,-2.37581479034587E-15,19.4));
#9013=CARTESIAN_POINT('',(-65.15,-2.37581479034587E-15,19.4));
#9014=CARTESIAN_POINT('Origin',(0.,0.,0.));
#9015=CARTESIAN_POINT('',(-19.4,-2.37581479034586E-15,-19.4));
#9016=CARTESIAN_POINT('Origin',(0.,0.,0.));
#9017=CARTESIAN_POINT('Origin',(0.,0.,0.));
#9018=CARTESIAN_POINT('Origin',(0.,0.,0.));
#9019=CARTESIAN_POINT('Origin',(-63.25,0.,-1.40443212615082E-14));
#9020=CARTESIAN_POINT('',(0.,-21.,0.));
#9021=CARTESIAN_POINT('',(-21.,-2.57175827820944E-15,-21.));
#9022=CARTESIAN_POINT('Origin',(-8.88178419700125E-15,0.,-1.97215226305253E-30));
#9023=CARTESIAN_POINT('',(-21.,-2.57175827820944E-15,21.));
#9024=CARTESIAN_POINT('Origin',(0.,0.,0.));
#9025=CARTESIAN_POINT('',(-63.25,-2.57175827820944E-15,21.));
#9026=CARTESIAN_POINT('',(-63.25,-2.57175827820944E-15,21.));
#9027=CARTESIAN_POINT('Origin',(-63.25,0.,-1.40443212615082E-14));
#9028=CARTESIAN_POINT('',(0.,21.,0.));
#9029=CARTESIAN_POINT('Origin',(0.,0.,0.));
#9030=CARTESIAN_POINT('Origin',(-8.88178419700125E-15,0.,-1.97215226305253E-30));
#9031=CARTESIAN_POINT('Origin',(-63.25,0.,-1.40443212615082E-14));
#9032=CARTESIAN_POINT('',(58.25,-2.57175827820944E-15,21.));
#9033=CARTESIAN_POINT('Origin',(58.25,0.,1.29340982368831E-14));
#9034=CARTESIAN_POINT('',(21.,-2.57175827820944E-15,21.));
#9035=CARTESIAN_POINT('',(-63.25,-2.57175827820944E-15,21.));
#9036=CARTESIAN_POINT('Origin',(-8.88178419700125E-15,0.,-1.97215226305253E-30));
#9037=CARTESIAN_POINT('Origin',(0.,0.,0.));
#9038=CARTESIAN_POINT('Origin',(-8.88178419700125E-15,0.,-1.97215226305253E-30));
#9039=CARTESIAN_POINT('Origin',(62.75,0.,1.39332989590457E-14));
#9040=CARTESIAN_POINT('',(62.75,2.51052593825208E-15,20.5));
#9041=CARTESIAN_POINT('Origin',(62.75,0.,1.39332989590457E-14));
#9042=CARTESIAN_POINT('',(60.15,2.51052593825208E-15,20.5));
#9043=CARTESIAN_POINT('',(62.75,-2.51052593825208E-15,20.5));
#9044=CARTESIAN_POINT('Origin',(60.15,0.,1.33559829862406E-14));
#9045=CARTESIAN_POINT('Origin',(60.15,0.,1.33559829862406E-14));
#9046=CARTESIAN_POINT('Origin',(60.15,0.,1.33559829862406E-14));
#9047=CARTESIAN_POINT('',(60.15,-3.36777869765522E-15,27.5));
#9048=CARTESIAN_POINT('',(60.15,-3.36777869765522E-15,27.5));
#9049=CARTESIAN_POINT('Origin',(60.15,0.,1.33559829862406E-14));
#9050=CARTESIAN_POINT('Origin',(62.75,0.,1.39332989590457E-14));
#9051=CARTESIAN_POINT('',(62.75,-3.36777869765522E-15,27.5));
#9052=CARTESIAN_POINT('',(62.75,-3.36777869765522E-15,27.5));
#9053=CARTESIAN_POINT('Origin',(62.75,0.,1.39332989590457E-14));
#9054=CARTESIAN_POINT('Origin',(62.75,0.,1.39332989590457E-14));
#9055=CARTESIAN_POINT('Origin',(-67.75,0.,-1.50435219836709E-14));
#9056=CARTESIAN_POINT('',(-67.75,2.51052593825208E-15,20.5));
#9057=CARTESIAN_POINT('Origin',(-67.75,0.,-1.50435219836709E-14));
#9058=CARTESIAN_POINT('',(-65.15,2.51052593825208E-15,20.5));
#9059=CARTESIAN_POINT('',(-67.75,-2.51052593825208E-15,20.5));
#9060=CARTESIAN_POINT('Origin',(-65.15,0.,-1.44662060108658E-14));
#9061=CARTESIAN_POINT('Origin',(-65.15,0.,-1.44662060108658E-14));
#9062=CARTESIAN_POINT('Origin',(-65.15,0.,-1.44662060108658E-14));
#9063=CARTESIAN_POINT('',(-65.15,-3.36777869765522E-15,27.5));
#9064=CARTESIAN_POINT('',(-65.15,-3.36777869765522E-15,27.5));
#9065=CARTESIAN_POINT('Origin',(-65.15,0.,-1.44662060108658E-14));
#9066=CARTESIAN_POINT('Origin',(-67.75,0.,-1.50435219836709E-14));
#9067=CARTESIAN_POINT('',(-67.75,-3.36777869765522E-15,27.5));
#9068=CARTESIAN_POINT('',(-67.75,-3.36777869765522E-15,27.5));
#9069=CARTESIAN_POINT('Origin',(-67.75,0.,-1.50435219836709E-14));
#9070=CARTESIAN_POINT('Origin',(-67.75,0.,-1.50435219836709E-14));
#9071=CARTESIAN_POINT('Origin',(0.,0.,-65.15));
#9072=CARTESIAN_POINT('',(-19.4,2.37581479034587E-15,60.15));
#9073=CARTESIAN_POINT('',(-19.4,-2.37581479034587E-15,-65.15));
#9074=CARTESIAN_POINT('Origin',(0.,0.,60.15));
#9075=CARTESIAN_POINT('Origin',(0.,0.,-65.15));
#9076=CARTESIAN_POINT('',(-19.4,2.37581479034587E-15,-65.15));
#9077=CARTESIAN_POINT('Origin',(0.,0.,-65.15));
#9078=CARTESIAN_POINT('',(-19.4,-2.37581479034587E-15,-65.15));
#9079=CARTESIAN_POINT('Origin',(0.,0.,-63.25));
#9080=CARTESIAN_POINT('',(-21.,-2.57175827820944E-15,-63.25));
#9081=CARTESIAN_POINT('',(-21.,-2.57175827820944E-15,-63.25));
#9082=CARTESIAN_POINT('Origin',(0.,0.,-63.25));
#9083=CARTESIAN_POINT('Origin',(0.,0.,-63.25));
#9084=CARTESIAN_POINT('',(-21.,-2.57175827820944E-15,58.25));
#9085=CARTESIAN_POINT('Origin',(0.,0.,58.25));
#9086=CARTESIAN_POINT('',(-21.,-2.57175827820944E-15,-63.25));
#9087=CARTESIAN_POINT('Origin',(0.,0.,62.75));
#9088=CARTESIAN_POINT('',(-20.5,2.51052593825208E-15,62.75));
#9089=CARTESIAN_POINT('Origin',(0.,0.,62.75));
#9090=CARTESIAN_POINT('',(-20.5,2.51052593825208E-15,60.15));
#9091=CARTESIAN_POINT('',(-20.5,-2.51052593825208E-15,62.75));
#9092=CARTESIAN_POINT('Origin',(0.,0.,60.15));
#9093=CARTESIAN_POINT('Origin',(0.,0.,60.15));
#9094=CARTESIAN_POINT('Origin',(0.,0.,60.15));
#9095=CARTESIAN_POINT('',(-27.5,-3.36777869765522E-15,60.15));
#9096=CARTESIAN_POINT('',(-27.5,-3.36777869765522E-15,60.15));
#9097=CARTESIAN_POINT('Origin',(0.,0.,60.15));
#9098=CARTESIAN_POINT('Origin',(0.,0.,62.75));
#9099=CARTESIAN_POINT('',(-27.5,-3.36777869765522E-15,62.75));
#9100=CARTESIAN_POINT('',(-27.5,-3.36777869765522E-15,62.75));
#9101=CARTESIAN_POINT('Origin',(0.,0.,62.75));
#9102=CARTESIAN_POINT('Origin',(0.,0.,62.75));
#9103=CARTESIAN_POINT('Origin',(0.,0.,-67.75));
#9104=CARTESIAN_POINT('',(-20.5,2.51052593825208E-15,-67.75));
#9105=CARTESIAN_POINT('Origin',(0.,0.,-67.75));
#9106=CARTESIAN_POINT('',(-20.5,2.51052593825208E-15,-65.15));
#9107=CARTESIAN_POINT('',(-20.5,-2.51052593825208E-15,-67.75));
#9108=CARTESIAN_POINT('Origin',(0.,0.,-65.15));
#9109=CARTESIAN_POINT('Origin',(0.,0.,-65.15));
#9110=CARTESIAN_POINT('Origin',(0.,0.,-65.15));
#9111=CARTESIAN_POINT('',(-27.5,-3.36777869765522E-15,-65.15));
#9112=CARTESIAN_POINT('',(-27.5,-3.36777869765522E-15,-65.15));
#9113=CARTESIAN_POINT('Origin',(0.,0.,-65.15));
#9114=CARTESIAN_POINT('Origin',(0.,0.,-67.75));
#9115=CARTESIAN_POINT('',(-27.5,-3.36777869765522E-15,-67.75));
#9116=CARTESIAN_POINT('',(-27.5,-3.36777869765522E-15,-67.75));
#9117=CARTESIAN_POINT('Origin',(0.,0.,-67.75));
#9118=CARTESIAN_POINT('Origin',(0.,0.,-67.75));
#9119=CARTESIAN_POINT('',(0.,0.,0.));
#9120=CARTESIAN_POINT('Ctrl Pts',(-0.0242898823124755,0.05,8.32259523936044));
#9121=CARTESIAN_POINT('Ctrl Pts',(-0.00109475328957026,0.0500000000000001,
8.34753000306007));
#9122=CARTESIAN_POINT('Ctrl Pts',(-0.00109475328957024,1.47690874824463E-17,
8.34753000306007));
#9123=CARTESIAN_POINT('Ctrl Pts',(-0.00109475328957023,-0.05,8.34753000306007));
#9124=CARTESIAN_POINT('Ctrl Pts',(-0.0242898823124754,-0.05,8.32259523936044));
#9125=CARTESIAN_POINT('Ctrl Pts',(-0.0474850113353806,-0.0500000000000001,
8.29766047566082));
#9126=CARTESIAN_POINT('Ctrl Pts',(-0.0474850113353806,-1.47690874824463E-17,
8.29766047566082));
#9127=CARTESIAN_POINT('Ctrl Pts',(-0.0474850113353806,0.05,8.29766047566082));
#9128=CARTESIAN_POINT('Ctrl Pts',(-0.0242898823124755,0.05,8.32259523936044));
#9129=CARTESIAN_POINT('Ctrl Pts',(3.25822693702793,0.05,5.26909122136937));
#9130=CARTESIAN_POINT('Ctrl Pts',(3.28142206605083,0.05,5.29402598506899));
#9131=CARTESIAN_POINT('Ctrl Pts',(3.28142206605083,0.,5.29402598506899));
#9132=CARTESIAN_POINT('Ctrl Pts',(3.28142206605083,-0.05,5.29402598506899));
#9133=CARTESIAN_POINT('Ctrl Pts',(3.25822693702793,-0.05,5.26909122136937));
#9134=CARTESIAN_POINT('Ctrl Pts',(3.23503180800502,-0.05,5.24415645766975));
#9135=CARTESIAN_POINT('Ctrl Pts',(3.23503180800502,0.,5.24415645766975));
#9136=CARTESIAN_POINT('Ctrl Pts',(3.23503180800502,0.05,5.24415645766975));
#9137=CARTESIAN_POINT('Ctrl Pts',(3.25822693702793,0.05,5.26909122136937));
#9138=CARTESIAN_POINT('',(3.225,0.05,5.3));
#9139=CARTESIAN_POINT('Origin',(3.225,0.,5.3));
#9140=CARTESIAN_POINT('',(0.,0.05,8.3));
#9141=CARTESIAN_POINT('Ctrl Pts',(3.225,0.05,5.3));
#9142=CARTESIAN_POINT('Ctrl Pts',(-3.46944695195361E-18,0.05,8.3));
#9143=CARTESIAN_POINT('',(0.,-0.05,8.3));
#9144=CARTESIAN_POINT('Origin',(0.,0.,8.3));
#9145=CARTESIAN_POINT('Origin',(0.,0.,8.3));
#9146=CARTESIAN_POINT('Ctrl Pts',(-3.255319324748,0.05,5.27179597697861));
#9147=CARTESIAN_POINT('Ctrl Pts',(-3.2785144537709,0.0500000000000004,5.29673074067823));
#9148=CARTESIAN_POINT('Ctrl Pts',(-3.2785144537709,3.78088639550626E-16,
5.29673074067823));
#9149=CARTESIAN_POINT('Ctrl Pts',(-3.2785144537709,-0.0499999999999997,
5.29673074067823));
#9150=CARTESIAN_POINT('Ctrl Pts',(-3.255319324748,-0.05,5.27179597697861));
#9151=CARTESIAN_POINT('Ctrl Pts',(-3.23212419572509,-0.0500000000000004,
5.24686121327898));
#9152=CARTESIAN_POINT('Ctrl Pts',(-3.23212419572509,-3.78088639550626E-16,
5.24686121327898));
#9153=CARTESIAN_POINT('Ctrl Pts',(-3.23212419572509,0.0499999999999997,
5.24686121327898));
#9154=CARTESIAN_POINT('Ctrl Pts',(-3.255319324748,0.05,5.27179597697861));
#9155=CARTESIAN_POINT('Ctrl Pts',(0.024289882312477,0.05,8.32259523936044));
#9156=CARTESIAN_POINT('Ctrl Pts',(0.00109475328957181,0.0500000000000004,
8.34753000306007));
#9157=CARTESIAN_POINT('Ctrl Pts',(0.00109475328957137,3.78088639550626E-16,
8.34753000306007));
#9158=CARTESIAN_POINT('Ctrl Pts',(0.00109475328957088,-0.0499999999999997,
8.34753000306007));
#9159=CARTESIAN_POINT('Ctrl Pts',(0.0242898823124761,-0.05,8.32259523936044));
#9160=CARTESIAN_POINT('Ctrl Pts',(0.0474850113353812,-0.0500000000000004,
8.29766047566082));
#9161=CARTESIAN_POINT('Ctrl Pts',(0.0474850113353818,-3.78088639550626E-16,
8.29766047566082));
#9162=CARTESIAN_POINT('Ctrl Pts',(0.0474850113353822,0.0499999999999997,
8.29766047566082));
#9163=CARTESIAN_POINT('Ctrl Pts',(0.024289882312477,0.05,8.32259523936044));
#9164=CARTESIAN_POINT('',(-3.225,0.05,5.3));
#9165=CARTESIAN_POINT('Ctrl Pts',(5.41233724504764E-16,0.0500000000000001,
8.3));
#9166=CARTESIAN_POINT('Ctrl Pts',(-3.225,0.05,5.3));
#9167=CARTESIAN_POINT('Origin',(-3.225,0.,5.3));
#9168=CARTESIAN_POINT('Origin',(3.225,0.,5.3));
#9169=CARTESIAN_POINT('',(2.725,-6.12323399573676E-17,-4.7));
#9170=CARTESIAN_POINT('Origin',(3.225,0.,-4.7));
#9171=CARTESIAN_POINT('',(2.725,6.12323399573676E-17,0.));
#9172=CARTESIAN_POINT('',(2.725,6.12323399573676E-17,5.3));
#9173=CARTESIAN_POINT('Origin',(3.225,0.,0.));
#9174=CARTESIAN_POINT('Origin',(3.225,0.,5.3));
#9175=CARTESIAN_POINT('',(2.725,6.12323399573676E-17,2.));
#9176=CARTESIAN_POINT('Origin',(3.225,0.,2.));
#9177=CARTESIAN_POINT('',(2.725,-6.12323399573676E-17,5.3));
#9178=CARTESIAN_POINT('',(2.725,6.12323399573676E-17,5.3));
#9179=CARTESIAN_POINT('Origin',(3.225,0.,5.3));
#9180=CARTESIAN_POINT('Origin',(3.225,0.,5.3));
#9181=CARTESIAN_POINT('Origin',(3.225,0.,-4.7));
#9182=CARTESIAN_POINT('Origin',(-3.225,0.,5.3));
#9183=CARTESIAN_POINT('',(-3.725,-6.12323399573676E-17,-4.7));
#9184=CARTESIAN_POINT('Origin',(-3.225,0.,-4.7));
#9185=CARTESIAN_POINT('',(-3.725,6.12323399573676E-17,0.));
#9186=CARTESIAN_POINT('',(-3.725,6.12323399573676E-17,5.3));
#9187=CARTESIAN_POINT('Origin',(-3.225,0.,0.));
#9188=CARTESIAN_POINT('Origin',(-3.225,0.,5.3));
#9189=CARTESIAN_POINT('',(-3.725,6.12323399573676E-17,2.));
#9190=CARTESIAN_POINT('Origin',(-3.225,0.,2.));
#9191=CARTESIAN_POINT('',(-3.725,-6.12323399573676E-17,5.3));
#9192=CARTESIAN_POINT('',(-3.725,6.12323399573676E-17,5.3));
#9193=CARTESIAN_POINT('Origin',(-3.225,0.,5.3));
#9194=CARTESIAN_POINT('Origin',(-3.225,0.,5.3));
#9195=CARTESIAN_POINT('Origin',(-3.225,0.,-4.7));
#9196=CARTESIAN_POINT('Origin',(0.,0.,0.));
#9197=CARTESIAN_POINT('',(-6.,-7.34788079488412E-16,2.));
#9198=CARTESIAN_POINT('Origin',(0.,0.,2.));
#9199=CARTESIAN_POINT('',(-6.,-7.34788079488412E-16,0.));
#9200=CARTESIAN_POINT('',(-6.,-7.34788079488412E-16,0.));
#9201=CARTESIAN_POINT('Origin',(0.,0.,0.));
#9202=CARTESIAN_POINT('Origin',(0.,0.,2.));
#9203=CARTESIAN_POINT('Origin',(0.,0.,0.));
#9204=CARTESIAN_POINT('',(0.,0.,0.));
#9205=CARTESIAN_POINT('Origin',(-1.90000000000001,-6.375,4.));
#9206=CARTESIAN_POINT('',(-1.90000000000001,-6.375,4.));
#9207=CARTESIAN_POINT('',(-1.9,-3.37499999999999,4.));
#9208=CARTESIAN_POINT('',(-1.9,-3.1875,4.));
#9209=CARTESIAN_POINT('',(-1.90000000000001,-6.375,3.));
#9210=CARTESIAN_POINT('',(-1.90000000000001,-6.375,2.));
#9211=CARTESIAN_POINT('',(-1.9,-3.37499999999999,3.));
#9212=CARTESIAN_POINT('',(-1.9,6.37499999999998,3.));
#9213=CARTESIAN_POINT('',(-1.9,-3.37499999999999,4.));
#9214=CARTESIAN_POINT('Origin',(1.9,-3.37499999999999,4.));
#9215=CARTESIAN_POINT('',(1.9,-3.37499999999999,4.));
#9216=CARTESIAN_POINT('',(1.9,-6.375,4.));
#9217=CARTESIAN_POINT('',(1.9,-1.68749999999999,4.));
#9218=CARTESIAN_POINT('',(1.9,-3.37499999999999,3.));
#9219=CARTESIAN_POINT('',(1.9,-3.37499999999999,4.));
#9220=CARTESIAN_POINT('',(1.9,-6.375,3.));
#9221=CARTESIAN_POINT('',(1.9,-6.375,3.));
#9222=CARTESIAN_POINT('',(1.9,-6.375,2.));
#9223=CARTESIAN_POINT('Origin',(-1.9,-3.37499999999999,4.));
#9224=CARTESIAN_POINT('',(-0.950000000000004,-3.37499999999999,4.));
#9225=CARTESIAN_POINT('',(1.9,-3.37499999999999,3.));
#9226=CARTESIAN_POINT('Origin',(-1.94289029309402E-15,-4.87499999999999,
3.));
#9227=CARTESIAN_POINT('',(-7.5,-6.375,3.));
#9228=CARTESIAN_POINT('Origin',(1.9,6.37499999999998,4.));
#9229=CARTESIAN_POINT('',(1.9,6.37499999999998,4.));
#9230=CARTESIAN_POINT('',(1.9,3.37499999999999,4.));
#9231=CARTESIAN_POINT('',(1.9,3.18749999999999,4.));
#9232=CARTESIAN_POINT('',(1.9,6.37499999999998,3.));
#9233=CARTESIAN_POINT('',(1.9,6.375,2.));
#9234=CARTESIAN_POINT('',(1.9,3.37499999999999,3.));
#9235=CARTESIAN_POINT('',(1.9,-6.375,3.));
#9236=CARTESIAN_POINT('',(1.9,3.37499999999999,4.));
#9237=CARTESIAN_POINT('Origin',(-1.9,3.37499999999999,4.));
#9238=CARTESIAN_POINT('',(-1.9,3.37499999999999,4.));
#9239=CARTESIAN_POINT('',(-1.9,6.37499999999998,4.));
#9240=CARTESIAN_POINT('',(-1.9,1.6875,4.));
#9241=CARTESIAN_POINT('',(-1.9,3.37499999999999,3.));
#9242=CARTESIAN_POINT('',(-1.9,3.37499999999999,4.));
#9243=CARTESIAN_POINT('',(-1.9,6.37499999999998,3.));
#9244=CARTESIAN_POINT('',(-1.9,6.37499999999998,3.));
#9245=CARTESIAN_POINT('',(-1.9,6.375,2.));
#9246=CARTESIAN_POINT('Origin',(1.9,3.37499999999999,4.));
#9247=CARTESIAN_POINT('',(0.949999999999997,3.37499999999999,4.));
#9248=CARTESIAN_POINT('',(-1.9,3.37499999999999,3.));
#9249=CARTESIAN_POINT('Origin',(5.55111512312578E-16,4.87499999999998,3.));
#9250=CARTESIAN_POINT('',(7.5,6.375,3.));
#9251=CARTESIAN_POINT('Origin',(-15.,-6.375,0.));
#9252=CARTESIAN_POINT('',(-15.,-6.375,4.));
#9253=CARTESIAN_POINT('',(15.,-6.375,4.));
#9254=CARTESIAN_POINT('',(-15.,-6.375,0.));
#9255=CARTESIAN_POINT('',(-15.,-6.375,0.));
#9256=CARTESIAN_POINT('',(-4.72499999999999,-6.375,0.));
#9257=CARTESIAN_POINT('',(15.,-6.375,0.));
#9258=CARTESIAN_POINT('',(-4.72499999999999,-6.375,2.));
#9259=CARTESIAN_POINT('',(-4.72499999999999,-6.375,0.));
#9260=CARTESIAN_POINT('',(-1.72499999999999,-6.375,2.));
#9261=CARTESIAN_POINT('',(-7.5,-6.375,2.));
#9262=CARTESIAN_POINT('',(-1.72499999999999,-6.375,0.));
#9263=CARTESIAN_POINT('',(-1.72499999999999,-6.375,0.));
#9264=CARTESIAN_POINT('',(1.725,-6.375,0.));
#9265=CARTESIAN_POINT('',(15.,-6.375,0.));
#9266=CARTESIAN_POINT('',(1.72499999999999,-6.375,2.));
#9267=CARTESIAN_POINT('',(1.72499999999999,-6.375,0.));
#9268=CARTESIAN_POINT('',(4.725,-6.375,2.));
#9269=CARTESIAN_POINT('',(-7.5,-6.375,2.));
#9270=CARTESIAN_POINT('',(4.725,-6.375,0.));
#9271=CARTESIAN_POINT('',(4.72499999999999,-6.375,0.));
#9272=CARTESIAN_POINT('',(15.,-6.375,0.));
#9273=CARTESIAN_POINT('',(15.,-6.375,0.));
#9274=CARTESIAN_POINT('',(15.,-6.375,4.));
#9275=CARTESIAN_POINT('',(15.,-6.375,0.));
#9276=CARTESIAN_POINT('',(15.,-6.375,4.));
#9277=CARTESIAN_POINT('Origin',(15.,6.375,0.));
#9278=CARTESIAN_POINT('',(15.,6.375,4.));
#9279=CARTESIAN_POINT('',(-15.,6.375,4.));
#9280=CARTESIAN_POINT('',(15.,6.375,0.));
#9281=CARTESIAN_POINT('',(15.,6.375,0.));
#9282=CARTESIAN_POINT('',(4.725,6.37499999999995,0.));
#9283=CARTESIAN_POINT('',(-15.,6.375,0.));
#9284=CARTESIAN_POINT('',(4.725,6.37499999999995,2.));
#9285=CARTESIAN_POINT('',(4.725,6.375,0.));
#9286=CARTESIAN_POINT('',(1.72500000000001,6.37499999999995,2.));
#9287=CARTESIAN_POINT('',(7.49999999999999,6.375,2.));
#9288=CARTESIAN_POINT('',(1.72500000000001,6.37499999999995,0.));
#9289=CARTESIAN_POINT('',(1.72500000000001,6.375,0.));
#9290=CARTESIAN_POINT('',(-1.72500000000002,6.37499999999995,0.));
#9291=CARTESIAN_POINT('',(-15.,6.375,0.));
#9292=CARTESIAN_POINT('',(-1.72500000000002,6.37499999999996,2.));
#9293=CARTESIAN_POINT('',(-1.72500000000002,6.375,0.));
#9294=CARTESIAN_POINT('',(-4.725,6.37499999999995,2.));
#9295=CARTESIAN_POINT('',(7.49999999999999,6.375,2.));
#9296=CARTESIAN_POINT('',(-4.725,6.37499999999995,0.));
#9297=CARTESIAN_POINT('',(-4.725,6.375,0.));
#9298=CARTESIAN_POINT('',(-15.,6.375,0.));
#9299=CARTESIAN_POINT('',(-15.,6.375,0.));
#9300=CARTESIAN_POINT('',(-15.,6.375,4.));
#9301=CARTESIAN_POINT('',(-15.,6.375,0.));
#9302=CARTESIAN_POINT('',(-15.,6.375,4.));
#9303=CARTESIAN_POINT('Origin',(-9.8625,0.,0.));
#9304=CARTESIAN_POINT('',(-12.3625,3.06161699786838E-16,0.));
#9305=CARTESIAN_POINT('Origin',(-9.8625,0.,0.));
#9306=CARTESIAN_POINT('',(-12.3625,3.06161699786838E-16,2.));
#9307=CARTESIAN_POINT('',(-12.3625,-3.06161699786838E-16,0.));
#9308=CARTESIAN_POINT('Origin',(-9.8625,0.,2.));
#9309=CARTESIAN_POINT('Origin',(-9.8625,0.,2.));
#9310=CARTESIAN_POINT('Origin',(9.8625,0.,0.));
#9311=CARTESIAN_POINT('',(7.3625,3.06161699786838E-16,0.));
#9312=CARTESIAN_POINT('Origin',(9.8625,0.,0.));
#9313=CARTESIAN_POINT('',(7.3625,3.06161699786838E-16,2.));
#9314=CARTESIAN_POINT('',(7.3625,-3.06161699786838E-16,0.));
#9315=CARTESIAN_POINT('Origin',(9.8625,0.,2.));
#9316=CARTESIAN_POINT('Origin',(9.8625,0.,2.));
#9317=CARTESIAN_POINT('Origin',(1.72500000000001,6.37499999999995,0.));
#9318=CARTESIAN_POINT('',(1.72500000000001,3.18749999999998,0.));
#9319=CARTESIAN_POINT('',(1.72500000000001,6.37499999999995,2.));
#9320=CARTESIAN_POINT('Origin',(4.725,-6.375,0.));
#9321=CARTESIAN_POINT('',(4.725,-3.1875,0.));
#9322=CARTESIAN_POINT('',(4.725,-6.375,2.));
#9323=CARTESIAN_POINT('Origin',(-6.66133814775094E-15,2.22044604925031E-15,
2.));
#9324=CARTESIAN_POINT('',(2.575,-2.22044604925031E-15,2.));
#9325=CARTESIAN_POINT('Origin',(3.225,-2.22044604925031E-15,2.));
#9326=CARTESIAN_POINT('Origin',(-1.72499999999999,-6.375,0.));
#9327=CARTESIAN_POINT('',(-1.725,-3.1875,0.));
#9328=CARTESIAN_POINT('',(-1.72500000000002,6.37499999999995,2.));
#9329=CARTESIAN_POINT('Origin',(-4.725,6.37499999999995,0.));
#9330=CARTESIAN_POINT('',(-4.725,3.18749999999998,0.));
#9331=CARTESIAN_POINT('',(-4.72499999999999,-6.375,2.));
#9332=CARTESIAN_POINT('Origin',(-6.66133814775094E-15,1.11022302462516E-15,
2.));
#9333=CARTESIAN_POINT('',(-3.875,-2.22044604925031E-15,2.));
#9334=CARTESIAN_POINT('Origin',(-3.225,-2.22044604925031E-15,2.));
#9335=CARTESIAN_POINT('Origin',(-6.66133814775094E-15,2.22044604925031E-15,
0.));
#9336=CARTESIAN_POINT('',(-15.,-6.375,0.));
#9337=CARTESIAN_POINT('Origin',(-6.66133814775094E-15,2.22044604925031E-15,
0.));
#9338=CARTESIAN_POINT('Origin',(-6.66133814775094E-15,2.22044604925031E-15,
0.));
#9339=CARTESIAN_POINT('',(15.,6.375,0.));
#9340=CARTESIAN_POINT('Origin',(-3.225,-2.22044604925031E-15,0.));
#9341=CARTESIAN_POINT('',(-3.875,-2.14084400730574E-15,4.));
#9342=CARTESIAN_POINT('',(-3.875,-2.30004809119489E-15,0.));
#9343=CARTESIAN_POINT('Origin',(-3.225,-2.22044604925031E-15,4.));
#9344=CARTESIAN_POINT('Origin',(3.225,-2.22044604925031E-15,0.));
#9345=CARTESIAN_POINT('',(2.575,-2.14084400730574E-15,4.));
#9346=CARTESIAN_POINT('',(2.575,-2.30004809119489E-15,0.));
#9347=CARTESIAN_POINT('Origin',(3.225,-2.22044604925031E-15,4.));
#9348=CARTESIAN_POINT('Origin',(15.,-6.375,0.));
#9349=CARTESIAN_POINT('',(15.,6.375,4.));
#9350=CARTESIAN_POINT('Origin',(-15.,6.375,0.));
#9351=CARTESIAN_POINT('',(-15.,-6.375,4.));
#9352=CARTESIAN_POINT('Origin',(-6.66133814775094E-15,2.22044604925031E-15,
4.));
#9353=CARTESIAN_POINT('',(0.,0.,0.));
#9354=CARTESIAN_POINT('Origin',(0.,0.,0.));
#9355=CARTESIAN_POINT('',(-1.,-1.22464679914735E-16,35.));
#9356=CARTESIAN_POINT('Origin',(0.,0.,35.));
#9357=CARTESIAN_POINT('',(-1.,-1.22464679914735E-16,0.));
#9358=CARTESIAN_POINT('',(-1.,-1.22464679914735E-16,0.));
#9359=CARTESIAN_POINT('Origin',(0.,0.,0.));
#9360=CARTESIAN_POINT('Origin',(0.,0.,35.));
#9361=CARTESIAN_POINT('Origin',(0.,0.,0.));
#9362=CARTESIAN_POINT('',(0.,0.,0.));
#9363=CARTESIAN_POINT('Origin',(-75.75,-1.20780790565908E-15,-9.86250000000002));
#9364=CARTESIAN_POINT('',(-26.75,-1.4635,-9.86250000000001));
#9365=CARTESIAN_POINT('Origin',(-26.75,-1.20780790565908E-15,-9.86250000000001));
#9366=CARTESIAN_POINT('',(-75.75,-1.4635,-9.86250000000002));
#9367=CARTESIAN_POINT('',(-75.75,-1.4635,-9.86250000000002));
#9368=CARTESIAN_POINT('Origin',(-75.75,-1.20780790565908E-15,-9.86250000000002));
#9369=CARTESIAN_POINT('Origin',(-26.75,-1.11022302462516E-15,-9.86250000000001));
#9370=CARTESIAN_POINT('Origin',(-75.75,-1.11022302462516E-15,-9.86250000000002));
#9371=CARTESIAN_POINT('',(0.,0.,0.));
#9372=CARTESIAN_POINT('Ctrl Pts',(1.12164286057778,0.00634686086941287,
0.361894349017315));
#9373=CARTESIAN_POINT('Ctrl Pts',(1.13674182475042,0.252108580231316,0.357584776330614));
#9374=CARTESIAN_POINT('Ctrl Pts',(1.14963921331252,0.416796475508607,0.0960054812552742));
#9375=CARTESIAN_POINT('Ctrl Pts',(1.17063647786357,0.304256925584427,-0.226754633293761));
#9376=CARTESIAN_POINT('Ctrl Pts',(1.17763556604726,0.212971108081925,-0.314059305880603));
#9377=CARTESIAN_POINT('Ctrl Pts',(1.19163374241462,-0.00533187248926822,
-0.379422602944036));
#9378=CARTESIAN_POINT('Ctrl Pts',(1.19863283059831,-0.129576231499885,-0.356651006894668));
#9379=CARTESIAN_POINT('Ctrl Pts',(1.21747820802348,-0.373160604883394,-0.170144402110507));
#9380=CARTESIAN_POINT('Ctrl Pts',(1.22932449726497,-0.402620473364916,0.0780686174431011));
#9381=CARTESIAN_POINT('Ctrl Pts',(1.25301707574796,-0.159778094886098,0.377715388872687));
#9382=CARTESIAN_POINT('Ctrl Pts',(1.26486336498945,0.0904020057765073,0.399086914129435));
#9383=CARTESIAN_POINT('Ctrl Pts',(1.28855594347243,0.380395744182437,0.150804610276793));
#9384=CARTESIAN_POINT('Ctrl Pts',(1.30040223271393,0.392626725223271,-0.0743545097339873));
#9385=CARTESIAN_POINT('Ctrl Pts',(1.32409481119689,0.194528357398397,-0.349060321095446));
#9386=CARTESIAN_POINT('Ctrl Pts',(1.3359411004384,0.00465947798008732,-0.393227962412791));
#9387=CARTESIAN_POINT('Ctrl Pts',(1.35963367892137,-0.279784936378166,-0.276351900012298));
#9388=CARTESIAN_POINT('Ctrl Pts',(1.37147996816286,-0.367584272306107,-0.126495147505265));
#9389=CARTESIAN_POINT('Ctrl Pts',(1.39517254664586,-0.355677577270531,0.156884404591474));
#9390=CARTESIAN_POINT('Ctrl Pts',(1.40701883588734,-0.261167869140288,0.283367914413419));
#9391=CARTESIAN_POINT('Ctrl Pts',(1.43071141437032,-0.0169034107966133,
0.384993943602592));
#9392=CARTESIAN_POINT('Ctrl Pts',(1.44255770361181,0.126742592356453,0.361151157145591));
#9393=CARTESIAN_POINT('Ctrl Pts',(1.4662502820948,0.322031037969658,0.206857151511507));
#9394=CARTESIAN_POINT('Ctrl Pts',(1.47809657133629,0.37200799786315,0.0806637421642419));
#9395=CARTESIAN_POINT('Ctrl Pts',(1.50237827724444,0.347592520408897,-0.159661557108916));
#9396=CARTESIAN_POINT('Ctrl Pts',(1.51481369391111,0.269050362650475,-0.268795803204174));
#9397=CARTESIAN_POINT('Ctrl Pts',(1.53968452724444,0.0612696604253054,-0.375346954558397));
#9398=CARTESIAN_POINT('Ctrl Pts',(1.5521199439111,-0.0646333427704829,-0.372985807792862));
#9399=CARTESIAN_POINT('Ctrl Pts',(1.58942619391112,-0.361313182264252,-0.222739701503256));
#9400=CARTESIAN_POINT('Ctrl Pts',(1.61429702724446,-0.410599347280251,0.0589525408318324));
#9401=CARTESIAN_POINT('Ctrl Pts',(1.66403869391109,-0.164385146352418,0.380847461517668));
#9402=CARTESIAN_POINT('Ctrl Pts',(1.68890952724446,0.0886501395984548,0.397999619225647));
#9403=CARTESIAN_POINT('Ctrl Pts',(1.73865119391109,0.376423552408097,0.156741465410631));
#9404=CARTESIAN_POINT('Ctrl Pts',(1.76352202724444,0.395883613403432,-0.0719165208368128));
#9405=CARTESIAN_POINT('Ctrl Pts',(1.81326369391111,0.18830733260385,-0.355578682198309));
#9406=CARTESIAN_POINT('Ctrl Pts',(1.83813452724442,-0.0185862268188281,
-0.400004846737073));
#9407=CARTESIAN_POINT('Ctrl Pts',(1.88787619391113,-0.32111135908941,-0.23924217918563));
#9408=CARTESIAN_POINT('Ctrl Pts',(1.91274702724444,-0.398247523818224,-0.0418119002883855));
#9409=CARTESIAN_POINT('Ctrl Pts',(1.96248869391111,-0.284834366726737,0.281458182966278));
#9410=CARTESIAN_POINT('Ctrl Pts',(1.98735952724445,-0.101258004880279,0.387422433104354));
#9411=CARTESIAN_POINT('Ctrl Pts',(2.03710119391111,0.235396436074413,0.32394111055768));
#9412=CARTESIAN_POINT('Ctrl Pts',(2.06197202724445,0.367776053003748,0.158398548182594));
#9413=CARTESIAN_POINT('Ctrl Pts',(2.1117136939111,0.355671982380167,-0.183974906400921));
#9414=CARTESIAN_POINT('Ctrl Pts',(2.13658452724445,0.21193248714474,-0.339755715376318));
#9415=CARTESIAN_POINT('Ctrl Pts',(2.1863261939111,-0.128364419760992,-0.379304496385733));
#9416=CARTESIAN_POINT('Ctrl Pts',(2.21119702724445,-0.303999420191913,-0.260640898095309));
#9417=CARTESIAN_POINT('Ctrl Pts',(2.2609386939111,-0.394300559695355,0.0698311811085411));
#9418=CARTESIAN_POINT('Ctrl Pts',(2.28580952724447,-0.303414730654812,0.261321308831258));
#9419=CARTESIAN_POINT('Ctrl Pts',(2.33555119391108,0.00970794404960843,
0.400318724327749));
#9420=CARTESIAN_POINT('Ctrl Pts',(2.36042202724445,0.212693126723276,0.339280059936884));
#9421=CARTESIAN_POINT('Ctrl Pts',(2.4101636939111,0.397221961653604,0.0506363348916151));
#9422=CARTESIAN_POINT('Ctrl Pts',(2.43503452724441,0.36742026197976,-0.159222097467138));
#9423=CARTESIAN_POINT('Ctrl Pts',(2.48477619391115,0.109827666249884,-0.38508078238896));
#9424=CARTESIAN_POINT('Ctrl Pts',(2.50964702724444,-0.108059142974964,-0.393029269752146));
#9425=CARTESIAN_POINT('Ctrl Pts',(2.55938869391111,-0.383355404205045,-0.138518425980811));
#9426=CARTESIAN_POINT('Ctrl Pts',(2.58425952724448,-0.403719083338077,0.127947973959364));
#9427=CARTESIAN_POINT('Ctrl Pts',(2.62156577724442,-0.155302884174419,0.344930105907438));
#9428=CARTESIAN_POINT('Ctrl Pts',(2.6340011939111,-0.0322046843106927,0.380600634516914));
#9429=CARTESIAN_POINT('Ctrl Pts',(2.65887202724445,0.20477760815609,0.322428380482011));
#9430=CARTESIAN_POINT('Ctrl Pts',(2.67130744391111,0.315738006122275,0.225134227673844));
#9431=CARTESIAN_POINT('Ctrl Pts',(2.69855952724444,0.391888259146323,-0.0701940406017556));
#9432=CARTESIAN_POINT('Ctrl Pts',(2.71337619391109,0.304954559382564,-0.263687803332493));
#9433=CARTESIAN_POINT('Ctrl Pts',(2.74300952724446,-0.0218458868285416,
-0.402555912996796));
#9434=CARTESIAN_POINT('Ctrl Pts',(2.7578261939111,-0.244670154497046,-0.328733117736764));
#9435=CARTESIAN_POINT('Ctrl Pts',(2.78745952724444,-0.409374391494263,0.0184800889515804));
#9436=CARTESIAN_POINT('Ctrl Pts',(2.80227619391109,-0.321412175548184,0.26880596406013));
#9437=CARTESIAN_POINT('Ctrl Pts',(2.82450119391112,-0.0235929565775337,
0.376284219554741));
#9438=CARTESIAN_POINT('Ctrl Pts',(2.83190952724444,0.0960004922498349,0.365877754000946));
#9439=CARTESIAN_POINT('Ctrl Pts',(2.8467261939111,0.283205516623877,0.250753426537267));
#9440=CARTESIAN_POINT('Ctrl Pts',(2.85413452724447,0.345661517600272,0.150547533185595));
#9441=CARTESIAN_POINT('Ctrl Pts',(2.87635952724438,0.385776508044603,-0.163520372357464));
#9442=CARTESIAN_POINT('Ctrl Pts',(2.8911761939112,0.200491579914336,-0.359700173513903));
#9443=CARTESIAN_POINT('Ctrl Pts',(2.92080952724435,-0.192284918568145,-0.364153306643024));
#9444=CARTESIAN_POINT('Ctrl Pts',(2.93562619391112,-0.360925907423785,-0.186408531375718));
#9445=CARTESIAN_POINT('Ctrl Pts',(2.96525952724443,-0.362963050797788,0.182410261076968));
#9446=CARTESIAN_POINT('Ctrl Pts',(2.98007619391108,-0.206400808890997,0.344695887022084));
#9447=CARTESIAN_POINT('Ctrl Pts',(3.00970952724447,0.140932109659409,0.376237576894878));
#9448=CARTESIAN_POINT('Ctrl Pts',(3.02452619391111,0.30908310094326,0.250943220948256));
#9449=CARTESIAN_POINT('Ctrl Pts',(3.05402723557777,0.391519588374316,-0.0687639866044009));
#9450=CARTESIAN_POINT('Ctrl Pts',(3.06871161057777,0.311017938392426,-0.237560585982678));
#9451=CARTESIAN_POINT('Ctrl Pts',(3.09808036057778,0.0538905849075569,-0.387637766258503));
#9452=CARTESIAN_POINT('Ctrl Pts',(3.11276473557782,-0.11163400176301,-0.37058271609232));
#9453=CARTESIAN_POINT('Ctrl Pts',(3.14213348557773,-0.329096734746747,-0.203688672639709));
#9454=CARTESIAN_POINT('Ctrl Pts',(3.15681786057777,-0.378936675037363,-0.060980651170514));
#9455=CARTESIAN_POINT('Ctrl Pts',(3.18618661057778,-0.333321334193766,0.190285478156429));
#9456=CARTESIAN_POINT('Ctrl Pts',(3.2008709855778,-0.241506525339074,0.295099165479632));
#9457=CARTESIAN_POINT('Ctrl Pts',(3.23023973557774,-0.0173688896213991,
0.380929479997113));
#9458=CARTESIAN_POINT('Ctrl Pts',(3.24492411057776,0.111191242805292,0.362684988356436));
#9459=CARTESIAN_POINT('Ctrl Pts',(3.2742928605778,0.298450331625499,0.234160879918139));
#9460=CARTESIAN_POINT('Ctrl Pts',(3.28897723557772,0.355915925707158,0.126520866730269));
#9461=CARTESIAN_POINT('Ctrl Pts',(3.33303036057789,0.372582113858854,-0.197215445595866));
#9462=CARTESIAN_POINT('Ctrl Pts',(3.36239911057777,0.166740526044702,-0.379630728137879));
#9463=CARTESIAN_POINT('Ctrl Pts',(3.42113661057778,-0.235950926906422,-0.340953153473574));
#9464=CARTESIAN_POINT('Ctrl Pts',(3.45050536057783,-0.395107019877407,-0.125747109753073));
#9465=CARTESIAN_POINT('Ctrl Pts',(3.50924286057773,-0.314149460943764,0.270614132944553));
#9466=CARTESIAN_POINT('Ctrl Pts',(3.53861161057783,-0.0833493847659982,
0.406170866529257));
#9467=CARTESIAN_POINT('Ctrl Pts',(3.59734911057772,0.302255195779886,0.283837434782908));
#9468=CARTESIAN_POINT('Ctrl Pts',(3.62671786057767,0.412698710154681,0.0400208370764307));
#9469=CARTESIAN_POINT('Ctrl Pts',(3.68545536057788,0.250355591270131,-0.330520756821799));
#9470=CARTESIAN_POINT('Ctrl Pts',(3.71482411057783,-0.00375465214725375,
-0.414617649600004));
#9471=CARTESIAN_POINT('Ctrl Pts',(3.77356161057773,-0.355095154148541,-0.214077846283345));
#9472=CARTESIAN_POINT('Ctrl Pts',(3.80293036057783,-0.411906254663764,0.0474882104640991));
#9473=CARTESIAN_POINT('Ctrl Pts',(3.86166786057773,-0.17540933955308,0.375703947751231));
#9474=CARTESIAN_POINT('Ctrl Pts',(3.89103661057782,0.0906914336979071,0.404594805467824));
#9475=CARTESIAN_POINT('Ctrl Pts',(3.94977411057772,0.392116984386938,0.134781910202205));
#9476=CARTESIAN_POINT('Ctrl Pts',(3.97914286057778,0.392764954257312,-0.132881840274432));
#9477=CARTESIAN_POINT('Ctrl Pts',(4.02319598557778,0.167678194107197,-0.336333685932871));
#9478=CARTESIAN_POINT('Ctrl Pts',(4.03788036057782,0.0650047383884479,-0.372262147131498));
#9479=CARTESIAN_POINT('Ctrl Pts',(4.06724911057773,-0.150694897661901,-0.346548263637089));
#9480=CARTESIAN_POINT('Ctrl Pts',(4.08193348557768,-0.263326947547304,-0.280152959245912));
#9481=CARTESIAN_POINT('Ctrl Pts',(4.11130223557786,-0.381324994738821,-0.0491722346259758));
#9482=CARTESIAN_POINT('Ctrl Pts',(4.12598661057773,-0.381399435443194,0.121773079278419));
#9483=CARTESIAN_POINT('Ctrl Pts',(4.14801317307779,-0.206290826129159,0.309472831388913));
#9484=CARTESIAN_POINT('Ctrl Pts',(4.15535536057781,-0.118359253419577,0.35865341885208));
#9485=CARTESIAN_POINT('Ctrl Pts',(4.17003973557774,0.0972648349378264,0.364939170581496));
#9486=CARTESIAN_POINT('Ctrl Pts',(4.17738192307782,0.223503439457993,0.308771975764091));
#9487=CARTESIAN_POINT('Ctrl Pts',(4.19206629807772,0.363427658198607,0.114953284974823));
#9488=CARTESIAN_POINT('Ctrl Pts',(4.19940848557773,0.380763650110227,-0.0176907667250143));
#9489=CARTESIAN_POINT('Ctrl Pts',(4.21409286057782,0.295350980733877,-0.240959993891329));
#9490=CARTESIAN_POINT('Ctrl Pts',(4.22143504807779,0.193910505908246,-0.328165562142887));
#9491=CARTESIAN_POINT('Ctrl Pts',(4.23611942307775,-0.0396477540501778,
-0.379106813547172));
#9492=CARTESIAN_POINT('Ctrl Pts',(4.24346161057776,-0.168188344416846,-0.342062276904083));
#9493=CARTESIAN_POINT('Ctrl Pts',(4.25814598557778,-0.338815017908214,-0.174637636594762));
#9494=CARTESIAN_POINT('Ctrl Pts',(4.26548817307782,-0.378287770879292,-0.0468218205162979));
#9495=CARTESIAN_POINT('Ctrl Pts',(4.28017254807772,-0.331779805627715,0.18765948163293));
#9496=CARTESIAN_POINT('Ctrl Pts',(4.2875147355777,-0.246511406677826,0.290733635558339));
#9497=CARTESIAN_POINT('Ctrl Pts',(4.30219911057785,-0.0249001571613975,
0.38036022746725));
#9498=CARTESIAN_POINT('Ctrl Pts',(4.30954129807773,0.108048479892772,0.365539938253941));
#9499=CARTESIAN_POINT('Ctrl Pts',(4.32422567307782,0.304482891024633,0.229312209752305));
#9500=CARTESIAN_POINT('Ctrl Pts',(4.33156786057785,0.364960061820644,0.109991243952355));
#9501=CARTESIAN_POINT('Ctrl Pts',(4.3462522355777,0.358690960990217,-0.1289756371509));
#9502=CARTESIAN_POINT('Ctrl Pts',(4.35359442307776,0.29204070735415,-0.244961518865354));
#9503=CARTESIAN_POINT('Ctrl Pts',(4.36827879807779,0.0887337649000235,-0.370702359644074));
#9504=CARTESIAN_POINT('Ctrl Pts',(4.37562098557779,-0.0448090604607348,
-0.378531463130628));
#9505=CARTESIAN_POINT('Ctrl Pts',(4.39030536057775,-0.261416153157648,-0.27740857114679));
#9506=CARTESIAN_POINT('Ctrl Pts',(4.39764754807779,-0.341162850998211,-0.170005381015549));
#9507=CARTESIAN_POINT('Ctrl Pts',(4.41967411057774,-0.392387256157006,0.184890550304274));
#9508=CARTESIAN_POINT('Ctrl Pts',(4.43298997217067,-0.156488009658167,0.418104666006696));
#9509=CARTESIAN_POINT('Ctrl Pts',(4.44904286057777,0.0955672319196855,0.349105580988011));
#9510=CARTESIAN_POINT('Ctrl Pts',(1.12164286057778,0.0294412449167273,0.337975451523563));
#9511=CARTESIAN_POINT('Ctrl Pts',(1.13674128722819,0.258950978526983,0.317982719804497));
#9512=CARTESIAN_POINT('Ctrl Pts',(1.14963921331252,0.395959679674625,0.0626967230038075));
#9513=CARTESIAN_POINT('Ctrl Pts',(1.17063647786357,0.269765373027912,-0.231788750430113));
#9514=CARTESIAN_POINT('Ctrl Pts',(1.17763556604726,0.178738148519855,-0.307493179722579));
#9515=CARTESIAN_POINT('Ctrl Pts',(1.19163374241462,-0.0296307222498208,
-0.354431095718266));
#9516=CARTESIAN_POINT('Ctrl Pts',(1.19863283059831,-0.14432574385732,-0.325068394299768));
#9517=CARTESIAN_POINT('Ctrl Pts',(1.21747820802348,-0.359973803370118,-0.13485433565219));
#9518=CARTESIAN_POINT('Ctrl Pts',(1.22932449726497,-0.371397587982624,0.0991496978989868));
#9519=CARTESIAN_POINT('Ctrl Pts',(1.25301707574796,-0.124865512599517,0.363559396400736));
#9520=CARTESIAN_POINT('Ctrl Pts',(1.26486336498945,0.110452457715499,0.367292440873472));
#9521=CARTESIAN_POINT('Ctrl Pts',(1.28855594347243,0.36548278319497,0.116300794609972));
#9522=CARTESIAN_POINT('Ctrl Pts',(1.30040223271393,0.362294225790628,-0.095027699732925));
#9523=CARTESIAN_POINT('Ctrl Pts',(1.32409481119689,0.159219865219781,-0.339022785644134));
#9524=CARTESIAN_POINT('Ctrl Pts',(1.3359411004384,-0.021185073484679,-0.367988718410566));
#9525=CARTESIAN_POINT('Ctrl Pts',(1.35963367892137,-0.279561945460989,-0.240228349403521));
#9526=CARTESIAN_POINT('Ctrl Pts',(1.37147996816286,-0.35192446588517,-0.0944025009506607));
#9527=CARTESIAN_POINT('Ctrl Pts',(1.39517254664586,-0.322384406451783,0.169796901595542));
#9528=CARTESIAN_POINT('Ctrl Pts',(1.40701883588734,-0.225797858292243,0.28192592315011));
#9529=CARTESIAN_POINT('Ctrl Pts',(1.43071141437032,0.00920160234359558,
0.36108483325257));
#9530=CARTESIAN_POINT('Ctrl Pts',(1.44255770361181,0.141968466816963,0.329460297272247));
#9531=CARTESIAN_POINT('Ctrl Pts',(1.4662502820948,0.31454998394879,0.172503521200405));
#9532=CARTESIAN_POINT('Ctrl Pts',(1.47809657133629,0.353083898115545,0.0512607078017543));
#9533=CARTESIAN_POINT('Ctrl Pts',(1.50237827724444,0.314644121486731,-0.171868505507121));
#9534=CARTESIAN_POINT('Ctrl Pts',(1.51481369391111,0.234114872100905,-0.268812337968219));
#9535=CARTESIAN_POINT('Ctrl Pts',(1.53968452724444,0.032909477542432,-0.35494624328169));
#9536=CARTESIAN_POINT('Ctrl Pts',(1.5521199439111,-0.0846622010416541,-0.344560505783956));
#9537=CARTESIAN_POINT('Ctrl Pts',(1.58942619391112,-0.352312220957331,-0.184802879979383));
#9538=CARTESIAN_POINT('Ctrl Pts',(1.61429702724446,-0.380099872538846,0.0817935583258018));
#9539=CARTESIAN_POINT('Ctrl Pts',(1.66403869391109,-0.128969873678841,0.366787275452727));
#9540=CARTESIAN_POINT('Ctrl Pts',(1.68890952724446,0.108743758385042,0.36638956205637));
#9541=CARTESIAN_POINT('Ctrl Pts',(1.73865119391109,0.362154227903698,0.122110036157272));
#9542=CARTESIAN_POINT('Ctrl Pts',(1.76352202724444,0.36549792283552,-0.0929596183240788));
#9543=CARTESIAN_POINT('Ctrl Pts',(1.81326369391111,0.152979527115128,-0.344713667211235));
#9544=CARTESIAN_POINT('Ctrl Pts',(1.83813452724442,-0.0433610554546703,
-0.37281550260364));
#9545=CARTESIAN_POINT('Ctrl Pts',(1.88787619391113,-0.315793593262007,-0.20284473511401));
#9546=CARTESIAN_POINT('Ctrl Pts',(1.91274702724444,-0.375095451444369,-0.0132280917050651));
#9547=CARTESIAN_POINT('Ctrl Pts',(1.96248869391111,-0.248051157558958,0.281677481053782));
#9548=CARTESIAN_POINT('Ctrl Pts',(1.98735952724445,-0.0695160461058265,
0.368834786091126));
#9549=CARTESIAN_POINT('Ctrl Pts',(2.03710119391111,0.241147804839991,0.287609659641846));
#9550=CARTESIAN_POINT('Ctrl Pts',(2.06197202724445,0.354176056749871,0.124221177449509));
#9551=CARTESIAN_POINT('Ctrl Pts',(2.1117136939111,0.320619526901267,-0.19512739191905));
#9552=CARTESIAN_POINT('Ctrl Pts',(2.13658452724445,0.17609789500841,-0.331453030584355));
#9553=CARTESIAN_POINT('Ctrl Pts',(2.1863261939111,-0.144664089130836,-0.346329151857346));
#9554=CARTESIAN_POINT('Ctrl Pts',(2.21119702724445,-0.301183092149724,-0.223965008676089));
#9555=CARTESIAN_POINT('Ctrl Pts',(2.2609386939111,-0.364153147527016,0.0909069042962323));
#9556=CARTESIAN_POINT('Ctrl Pts',(2.28580952724447,-0.26673262371863,0.26405546300653));
#9557=CARTESIAN_POINT('Ctrl Pts',(2.33555119391108,0.0350798442133126,0.373685676240559));
#9558=CARTESIAN_POINT('Ctrl Pts',(2.36042202724445,0.220915508679528,0.303426956817391));
#9559=CARTESIAN_POINT('Ctrl Pts',(2.4101636939111,0.374709690195814,0.0215459550016511));
#9560=CARTESIAN_POINT('Ctrl Pts',(2.4350345272444,0.33321250827714,-0.172745490345926));
#9561=CARTESIAN_POINT('Ctrl Pts',(2.48477619391115,0.0776811706012154,-0.367201873422159));
#9562=CARTESIAN_POINT('Ctrl Pts',(2.50964702724444,-0.12656921481859,-0.360481358065389));
#9563=CARTESIAN_POINT('Ctrl Pts',(2.55938869391111,-0.367452158105316,-0.10462040937315));
#9564=CARTESIAN_POINT('Ctrl Pts',(2.58425952724448,-0.36918495325494,0.14586052888123));
#9565=CARTESIAN_POINT('Ctrl Pts',(2.62156577724442,-0.122810535975916,0.332612978011414));
#9566=CARTESIAN_POINT('Ctrl Pts',(2.6340011939111,-0.00539115057035209,
0.357970774532488));
#9567=CARTESIAN_POINT('Ctrl Pts',(2.65887202724445,0.212419546885137,0.288184016565998));
#9568=CARTESIAN_POINT('Ctrl Pts',(2.67130744391111,0.30985288943569,0.190002180608107));
#9569=CARTESIAN_POINT('Ctrl Pts',(2.69855952724444,0.361873967252514,-0.0910895048549117));
#9570=CARTESIAN_POINT('Ctrl Pts',(2.71337619391109,0.268018719453008,-0.266368261905712));
#9571=CARTESIAN_POINT('Ctrl Pts',(2.74300952724446,-0.046574689162021,-0.374989136456916));
#9572=CARTESIAN_POINT('Ctrl Pts',(2.7578261939111,-0.250130416267071,-0.291488035648286));
#9573=CARTESIAN_POINT('Ctrl Pts',(2.78745952724444,-0.381583348055281,0.0438704051409075));
#9574=CARTESIAN_POINT('Ctrl Pts',(2.80227619391109,-0.283074893350872,0.272222970484421));
#9575=CARTESIAN_POINT('Ctrl Pts',(2.82450119391112,0.0023808370370288,0.35337535998224));
#9576=CARTESIAN_POINT('Ctrl Pts',(2.83190952724444,0.113530215666061,0.335876716284367));
#9577=CARTESIAN_POINT('Ctrl Pts',(2.8467261939111,0.281097609645596,0.216070428316683));
#9578=CARTESIAN_POINT('Ctrl Pts',(2.85413452724447,0.332988000168794,0.118316557666059));
#9579=CARTESIAN_POINT('Ctrl Pts',(2.87635952724438,0.350097242870874,-0.177956892725675));
#9580=CARTESIAN_POINT('Ctrl Pts',(2.8911761939112,0.164104644485034,-0.349358870238001));
#9581=CARTESIAN_POINT('Ctrl Pts',(2.92080952724435,-0.203448531564458,-0.328010179495513));
#9582=CARTESIAN_POINT('Ctrl Pts',(2.93562619391112,-0.349590230925319,-0.150856735475591));
#9583=CARTESIAN_POINT('Ctrl Pts',(2.96525952724443,-0.327538638775942,0.194137964422692));
#9584=CARTESIAN_POINT('Ctrl Pts',(2.98007619391108,-0.170604637727449,0.335713009198985));
#9585=CARTESIAN_POINT('Ctrl Pts',(3.00970952724447,0.156216241906117,0.342645115249194));
#9586=CARTESIAN_POINT('Ctrl Pts',(3.02452619391111,0.305306658241251,0.214567031028792));
#9587=CARTESIAN_POINT('Ctrl Pts',(3.05402723557777,0.361622131620683,-0.0897283923988269));
#9588=CARTESIAN_POINT('Ctrl Pts',(3.06871161057777,0.275385333624189,-0.242331966359045));
#9589=CARTESIAN_POINT('Ctrl Pts',(3.09808036057778,0.0252113630059526,-0.365959408690632));
#9590=CARTESIAN_POINT('Ctrl Pts',(3.11276473557782,-0.128453867621385,-0.339260604568722));
#9591=CARTESIAN_POINT('Ctrl Pts',(3.14213348557773,-0.320950925689993,-0.16908190076636));
#9592=CARTESIAN_POINT('Ctrl Pts',(3.15681786057777,-0.358284023084709,-0.0324060724750572));
#9593=CARTESIAN_POINT('Ctrl Pts',(3.18618661057778,-0.299310752718133,0.199576290499894));
#9594=CARTESIAN_POINT('Ctrl Pts',(3.2008709855778,-0.206651609135915,0.291618086144377));
#9595=CARTESIAN_POINT('Ctrl Pts',(3.23023973557774,0.00850235351768505,
0.357314609470694));
#9596=CARTESIAN_POINT('Ctrl Pts',(3.24492411057776,0.1275268754252,0.331904628381767));
#9597=CARTESIAN_POINT('Ctrl Pts',(3.2742928605778,0.294274447004809,0.199565422835112));
#9598=CARTESIAN_POINT('Ctrl Pts',(3.28897723557772,0.341015700654712,0.0951844603866993));
#9599=CARTESIAN_POINT('Ctrl Pts',(3.33303036057789,0.33557123878478,-0.208606287385154));
#9600=CARTESIAN_POINT('Ctrl Pts',(3.36239911057777,0.131251293251297,-0.365802566638744));
#9601=CARTESIAN_POINT('Ctrl Pts',(3.42113661057778,-0.242771286567897,-0.303480678391203));
#9602=CARTESIAN_POINT('Ctrl Pts',(3.45050536057783,-0.377610900740653,-0.0919153272126557));
#9603=CARTESIAN_POINT('Ctrl Pts',(3.50924286057773,-0.276166475648708,0.27344194531202));
#9604=CARTESIAN_POINT('Ctrl Pts',(3.53861161057783,-0.051552876397551,0.385202181537486));
#9605=CARTESIAN_POINT('Ctrl Pts',(3.59734911057772,0.301058880632901,0.245768122669637));
#9606=CARTESIAN_POINT('Ctrl Pts',(3.62671786057767,0.38849163173817,0.0106146974243283));
#9607=CARTESIAN_POINT('Ctrl Pts',(3.68545536057788,0.212625099806993,-0.325313674274665));
#9608=CARTESIAN_POINT('Ctrl Pts',(3.71482411057783,-0.0304420235107672,
-0.387442515664464));
#9609=CARTESIAN_POINT('Ctrl Pts',(3.77356161057773,-0.345935455447691,-0.177107539083943));
#9610=CARTESIAN_POINT('Ctrl Pts',(3.80293036057783,-0.382066549531598,0.0711587764128054));
#9611=CARTESIAN_POINT('Ctrl Pts',(3.86166786057773,-0.139612090705193,0.362693925859292));
#9612=CARTESIAN_POINT('Ctrl Pts',(3.89103661057782,0.111080847947996,0.372423770650076));
#9613=CARTESIAN_POINT('Ctrl Pts',(3.94977411057772,0.375401931602636,0.100557493404766));
#9614=CARTESIAN_POINT('Ctrl Pts',(3.97914286057778,0.358621866905212,-0.149762399529843));
#9615=CARTESIAN_POINT('Ctrl Pts',(4.02319598557778,0.134940390270643,-0.325378764777622));
#9616=CARTESIAN_POINT('Ctrl Pts',(4.03788036057782,0.0366023175542489,-0.352304417615602));
#9617=CARTESIAN_POINT('Ctrl Pts',(4.06724911057773,-0.163416441200397,-0.314250118060903));
#9618=CARTESIAN_POINT('Ctrl Pts',(4.08193348557768,-0.264419871527626,-0.244851532271009));
#9619=CARTESIAN_POINT('Ctrl Pts',(4.11130223557786,-0.359750201890772,-0.0212095329413373));
#9620=CARTESIAN_POINT('Ctrl Pts',(4.12598661057773,-0.348716152100417,0.138636960975213));
#9621=CARTESIAN_POINT('Ctrl Pts',(4.14801317307779,-0.172789692296584,0.302770703161814));
#9622=CARTESIAN_POINT('Ctrl Pts',(4.15535536057781,-0.0873751677037858,
0.343045248562912));
#9623=CARTESIAN_POINT('Ctrl Pts',(4.17003973557774,0.114651468546789,0.33491697335766));
#9624=CARTESIAN_POINT('Ctrl Pts',(4.17738192307782,0.229042008539207,0.274198330139363));
#9625=CARTESIAN_POINT('Ctrl Pts',(4.19206629807772,0.347288147185061,0.0838803240039839));
#9626=CARTESIAN_POINT('Ctrl Pts',(4.19940848557773,0.354882271014437,-0.0412739585223863));
#9627=CARTESIAN_POINT('Ctrl Pts',(4.21409286057782,0.260515207653898,-0.24449292938069));
#9628=CARTESIAN_POINT('Ctrl Pts',(4.22143504807779,0.159999353055524,-0.31944510163607));
#9629=CARTESIAN_POINT('Ctrl Pts',(4.23611942307775,-0.0616971234011071,
-0.351906849751644));
#9630=CARTESIAN_POINT('Ctrl Pts',(4.24346161057776,-0.179482226405135,-0.308919239190465));
#9631=CARTESIAN_POINT('Ctrl Pts',(4.25814598557778,-0.328150969862776,-0.141286612644422));
#9632=CARTESIAN_POINT('Ctrl Pts',(4.26548817307782,-0.356757589366323,-0.0192090697791791));
#9633=CARTESIAN_POINT('Ctrl Pts',(4.28017254807772,-0.298039923364286,0.197020734973254));
#9634=CARTESIAN_POINT('Ctrl Pts',(4.2875147355777,-0.211614961768466,0.287861205935231));
#9635=CARTESIAN_POINT('Ctrl Pts',(4.30219911057785,0.00142329968680465,
0.357271521595927));
#9636=CARTESIAN_POINT('Ctrl Pts',(4.30954129807773,0.124773690523086,0.334778273009301));
#9637=CARTESIAN_POINT('Ctrl Pts',(4.32422567307782,0.299600222351595,0.194639853820222));
#9638=CARTESIAN_POINT('Ctrl Pts',(4.33156786057785,0.348398707864059,0.0791410531202651));
#9639=CARTESIAN_POINT('Ctrl Pts',(4.3462522355777,0.327014855604954,-0.143896664825743));
#9640=CARTESIAN_POINT('Ctrl Pts',(4.35359442307776,0.257160034421625,-0.248019520668267));
#9641=CARTESIAN_POINT('Ctrl Pts',(4.36827879807779,0.0588913538054091,-0.352387250599559));
#9642=CARTESIAN_POINT('Ctrl Pts',(4.37562098557779,-0.0664858085435474,
-0.351033621182455));
#9643=CARTESIAN_POINT('Ctrl Pts',(4.39030536057775,-0.26245493153462,-0.242409518891965));
#9644=CARTESIAN_POINT('Ctrl Pts',(4.39764754807779,-0.330045415279449,-0.136802740423408));
#9645=CARTESIAN_POINT('Ctrl Pts',(4.41967411057774,-0.354890505909298,0.198368380335226));
#9646=CARTESIAN_POINT('Ctrl Pts',(4.43299064042514,-0.119155202189794,0.401108544623481));
#9647=CARTESIAN_POINT('Ctrl Pts',(4.44904286057777,0.11203567059342,0.320222112368558));
#9648=CARTESIAN_POINT('Ctrl Pts',(1.09139138282827,0.0504538854149268,0.316212619784048));
#9649=CARTESIAN_POINT('Ctrl Pts',(1.10648923346746,0.265176892850966,0.281952095188808));
#9650=CARTESIAN_POINT('Ctrl Pts',(1.11938773556301,0.37700112684652,0.0323904389675804));
#9651=CARTESIAN_POINT('Ctrl Pts',(1.14038500011406,0.238382912573022,-0.236369088810007));
#9652=CARTESIAN_POINT('Ctrl Pts',(1.14738408829775,0.147590971310302,-0.301518928660427));
#9653=CARTESIAN_POINT('Ctrl Pts',(1.16138226466511,-0.0517392570993372,
-0.33169234002046));
#9654=CARTESIAN_POINT('Ctrl Pts',(1.1683813528488,-0.157745725098457,-0.296332659971858));
#9655=CARTESIAN_POINT('Ctrl Pts',(1.18722673027397,-0.347975669150473,-0.102745339883904));
#9656=CARTESIAN_POINT('Ctrl Pts',(1.19907301951547,-0.342989154810717,0.11833051536637));
#9657=CARTESIAN_POINT('Ctrl Pts',(1.22276559799845,-0.0930999743219513,
0.350679434757292));
#9658=CARTESIAN_POINT('Ctrl Pts',(1.23461188723994,0.128695548224318,0.338363943149167));
#9659=CARTESIAN_POINT('Ctrl Pts',(1.25830446572292,0.351914086694926,0.0849071764499141));
#9660=CARTESIAN_POINT('Ctrl Pts',(1.27015075496442,0.334695918570823,-0.113837394267691));
#9661=CARTESIAN_POINT('Ctrl Pts',(1.29384333344739,0.127094104638218,-0.32989004049301));
#9662=CARTESIAN_POINT('Ctrl Pts',(1.30568962268889,-0.0446999794312414,
-0.345024557098518));
#9663=CARTESIAN_POINT('Ctrl Pts',(1.32938220117186,-0.279359055097363,-0.207361000315286));
#9664=CARTESIAN_POINT('Ctrl Pts',(1.34122849041335,-0.337676245109056,-0.065202707472467));
#9665=CARTESIAN_POINT('Ctrl Pts',(1.36492106889635,-0.292092304786451,0.181545457301752));
#9666=CARTESIAN_POINT('Ctrl Pts',(1.37676735813783,-0.193616124376119,0.280613913964003));
#9667=CARTESIAN_POINT('Ctrl Pts',(1.40045993662081,0.032953491772299,0.339330906436971));
#9668=CARTESIAN_POINT('Ctrl Pts',(1.4123062258623,0.155821870555891,0.300626073149483));
#9669=CARTESIAN_POINT('Ctrl Pts',(1.43599880434529,0.307743277246157,0.141246550585548));
#9670=CARTESIAN_POINT('Ctrl Pts',(1.44784509358678,0.335865629642406,0.024508083035954));
#9671=CARTESIAN_POINT('Ctrl Pts',(1.47212679949494,0.284665713743779,-0.182975111240622));
#9672=CARTESIAN_POINT('Ctrl Pts',(1.48456221616161,0.202328490526826,-0.268827382277343));
#9673=CARTESIAN_POINT('Ctrl Pts',(1.50943304949493,0.00710570091170952,
-0.336384466051055));
#9674=CARTESIAN_POINT('Ctrl Pts',(1.5218684661616,-0.102885644350607,-0.318697479909692));
#9675=CARTESIAN_POINT('Ctrl Pts',(1.55917471616161,-0.344122612449352,-0.150285709454628));
#9676=CARTESIAN_POINT('Ctrl Pts',(1.58404554949494,-0.352349641278635,0.102575670904795));
#9677=CARTESIAN_POINT('Ctrl Pts',(1.6337872161616,-0.0967469578690564,0.353994484161342));
#9678=CARTESIAN_POINT('Ctrl Pts',(1.65865804949494,0.127026124652338,0.337628857026751));
#9679=CARTESIAN_POINT('Ctrl Pts',(1.70839971616159,0.349171150054601,0.0906003075865198));
#9680=CARTESIAN_POINT('Ctrl Pts',(1.73327054949492,0.337851219165705,-0.112105876633572));
#9681=CARTESIAN_POINT('Ctrl Pts',(1.78301221616162,0.120836194138421,-0.334828032094781));
#9682=CARTESIAN_POINT('Ctrl Pts',(1.80788304949491,-0.0659026641186159,
-0.348077024517918));
#9683=CARTESIAN_POINT('Ctrl Pts',(1.85762471616162,-0.310955174477773,-0.169728181506726));
#9684=CARTESIAN_POINT('Ctrl Pts',(1.88249554949494,-0.354030322684788,0.0127791528527509));
#9685=CARTESIAN_POINT('Ctrl Pts',(1.9322372161616,-0.214583611984705,0.281877011461919));
#9686=CARTESIAN_POINT('Ctrl Pts',(1.95710804949494,-0.0406353291717987,
0.351922642273125));
#9687=CARTESIAN_POINT('Ctrl Pts',(2.0068497161616,0.246380741297446,0.254553150522213));
#9688=CARTESIAN_POINT('Ctrl Pts',(2.03172054949493,0.341801973445722,0.0931245782539339));
#9689=CARTESIAN_POINT('Ctrl Pts',(2.08146221616161,0.288726723696458,-0.205274584776571));
#9690=CARTESIAN_POINT('Ctrl Pts',(2.10633304949494,0.143493457478589,-0.323898755469414));
#9691=CARTESIAN_POINT('Ctrl Pts',(2.1560747161616,-0.159494495172679,-0.316326227403525));
#9692=CARTESIAN_POINT('Ctrl Pts',(2.18094554949494,-0.298620629840516,-0.190595108974982));
#9693=CARTESIAN_POINT('Ctrl Pts',(2.2306872161616,-0.336723243679122,0.110082847403231));
#9694=CARTESIAN_POINT('Ctrl Pts',(2.25555804949496,-0.23335706695179,0.266543158657295));
#9695=CARTESIAN_POINT('Ctrl Pts',(2.30529971616157,0.0581647039698643,0.349453349295584));
#9696=CARTESIAN_POINT('Ctrl Pts',(2.33017054949494,0.228396719511201,0.270805676897075));
#9697=CARTESIAN_POINT('Ctrl Pts',(2.3799122161616,0.354226690260795,-0.00492219817929065));
#9698=CARTESIAN_POINT('Ctrl Pts',(2.4047830494949,0.302088264853661,-0.185049875355534));
#9699=CARTESIAN_POINT('Ctrl Pts',(2.45452471616164,0.0484323820230669,-0.35093458151908));
#9700=CARTESIAN_POINT('Ctrl Pts',(2.47939554949493,-0.143410776145757,-0.330867337364959));
#9701=CARTESIAN_POINT('Ctrl Pts',(2.52913721616161,-0.352982441469296,-0.0737779831313645));
#9702=CARTESIAN_POINT('Ctrl Pts',(2.55400804949497,-0.337763753240763,0.162158433870005));
#9703=CARTESIAN_POINT('Ctrl Pts',(2.59131429949492,-0.0932470702329592,
0.321406124435269));
#9704=CARTESIAN_POINT('Ctrl Pts',(2.60374971616159,0.0190053929277427,0.337380785580927));
#9705=CARTESIAN_POINT('Ctrl Pts',(2.62862054949494,0.219372636038492,0.257026462998759));
#9706=CARTESIAN_POINT('Ctrl Pts',(2.6410559661616,0.304498261186167,0.158036960256453));
#9707=CARTESIAN_POINT('Ctrl Pts',(2.66830804949493,0.334565184126687,-0.110101437690833));
#9708=CARTESIAN_POINT('Ctrl Pts',(2.68312471616158,0.234412301358082,-0.268807102112665));
#9709=CARTESIAN_POINT('Ctrl Pts',(2.71275804949495,-0.0690744203659249,
-0.349907247979615));
#9710=CARTESIAN_POINT('Ctrl Pts',(2.7275747161616,-0.25509848631235,-0.257600250693836));
#9711=CARTESIAN_POINT('Ctrl Pts',(2.75720804949494,-0.356297408250315,0.0669720208899598));
#9712=CARTESIAN_POINT('Ctrl Pts',(2.77202471616158,-0.248193359951247,0.275331965616155));
#9713=CARTESIAN_POINT('Ctrl Pts',(2.79424971616161,0.0260133351577409,0.332531520656005));
#9714=CARTESIAN_POINT('Ctrl Pts',(2.80165804949494,0.129479797842547,0.30857999259518));
#9715=CARTESIAN_POINT('Ctrl Pts',(2.8164747161616,0.279179710841823,0.184513779240633));
#9716=CARTESIAN_POINT('Ctrl Pts',(2.82388304949496,0.321456882253298,0.088990904290298));
#9717=CARTESIAN_POINT('Ctrl Pts',(2.84610804949487,0.317634131025181,-0.191092095289232));
#9718=CARTESIAN_POINT('Ctrl Pts',(2.86092471616169,0.130997652263864,-0.339949739101439));
#9719=CARTESIAN_POINT('Ctrl Pts',(2.89055804949484,-0.213605848861679,-0.295125018511119));
#9720=CARTESIAN_POINT('Ctrl Pts',(2.90537471616161,-0.339276360047527,-0.118509602736125));
#9721=CARTESIAN_POINT('Ctrl Pts',(2.93500804949492,-0.295307407444979,0.204808524580015));
#9722=CARTESIAN_POINT('Ctrl Pts',(2.94982471616157,-0.138035157877693,0.327539854117242));
#9723=CARTESIAN_POINT('Ctrl Pts',(2.97945804949496,0.170122652034616,0.312080701036453));
#9724=CARTESIAN_POINT('Ctrl Pts',(2.9942747161616,0.301870626663327,0.181469815709868));
#9725=CARTESIAN_POINT('Ctrl Pts',(3.02377575782826,0.334419652035709,-0.108803052338408));
#9726=CARTESIAN_POINT('Ctrl Pts',(3.03846013282827,0.242964676183171,-0.246673251249926));
#9727=CARTESIAN_POINT('Ctrl Pts',(3.06782888282827,-0.000882694248482619,
-0.346235153078017));
#9728=CARTESIAN_POINT('Ctrl Pts',(3.08251325782831,-0.143757579285042,-0.310761889567647));
#9729=CARTESIAN_POINT('Ctrl Pts',(3.11188200782822,-0.313539385424368,-0.137594606942543));
#9730=CARTESIAN_POINT('Ctrl Pts',(3.12656638282826,-0.339493015282701,-0.00640722581671709));
#9731=CARTESIAN_POINT('Ctrl Pts',(3.15593513282827,-0.268365908282453,0.208029622674056));
#9732=CARTESIAN_POINT('Ctrl Pts',(3.1706195078283,-0.174938538881635,0.288450793677625));
#9733=CARTESIAN_POINT('Ctrl Pts',(3.19998825782824,0.0320415451328115,0.335828399500052));
#9734=CARTESIAN_POINT('Ctrl Pts',(3.21467263282825,0.142390002965192,0.303898831075042));
#9735=CARTESIAN_POINT('Ctrl Pts',(3.24404138282829,0.290474979475527,0.168088423878688));
#9736=CARTESIAN_POINT('Ctrl Pts',(3.25872575782821,0.327458592063817,0.0666727391104861));
#9737=CARTESIAN_POINT('Ctrl Pts',(3.30277888282838,0.301896549264506,-0.218970350916783));
#9738=CARTESIAN_POINT('Ctrl Pts',(3.33214763282826,0.0989610841373823,-0.353220885060355));
#9739=CARTESIAN_POINT('Ctrl Pts',(3.39088513282827,-0.248976854351876,-0.269385997802607));
#9740=CARTESIAN_POINT('Ctrl Pts',(3.42025388282832,-0.361691893730928,-0.0611331646540646));
#9741=CARTESIAN_POINT('Ctrl Pts',(3.47899138282822,-0.241607302586635,0.276014856741579));
#9742=CARTESIAN_POINT('Ctrl Pts',(3.50836013282832,-0.0226225270071861,
0.366123628130334));
#9743=CARTESIAN_POINT('Ctrl Pts',(3.56709763282822,0.299970402150229,0.211130404347682));
#9744=CARTESIAN_POINT('Ctrl Pts',(3.59646638282816,0.366466595901068,-0.0161407527181615));
#9745=CARTESIAN_POINT('Ctrl Pts',(3.65520388282837,0.178295660610395,-0.320575961704233));
#9746=CARTESIAN_POINT('Ctrl Pts',(3.68457263282832,-0.0547237769948427,
-0.362716966859704));
#9747=CARTESIAN_POINT('Ctrl Pts',(3.74331013282822,-0.337601418242867,-0.143469760622411));
#9748=CARTESIAN_POINT('Ctrl Pts',(3.77267888282832,-0.354916615797499,0.0926956613823298));
#9749=CARTESIAN_POINT('Ctrl Pts',(3.83141638282822,-0.107041630314297,0.350856636225203));
#9750=CARTESIAN_POINT('Ctrl Pts',(3.86078513282832,0.129632346473704,0.343152654880307));
#9751=CARTESIAN_POINT('Ctrl Pts',(3.91952263282822,0.360193585090976,0.0694180889092124));
#9752=CARTESIAN_POINT('Ctrl Pts',(3.94889138282827,0.327556460763245,-0.165121333646279));
#9753=CARTESIAN_POINT('Ctrl Pts',(3.99294450782827,0.105153594428477,-0.315411327696396));
#9754=CARTESIAN_POINT('Ctrl Pts',(4.00762888282831,0.0107601103299767,-0.334145691467348));
#9755=CARTESIAN_POINT('Ctrl Pts',(4.03699763282822,-0.174991256116822,-0.284863349383269));
#9756=CARTESIAN_POINT('Ctrl Pts',(4.05168200782818,-0.265414278594007,-0.212732200030867));
#9757=CARTESIAN_POINT('Ctrl Pts',(4.08105075782835,-0.340120175603413,0.00423259171779124));
#9758=CARTESIAN_POINT('Ctrl Pts',(4.09573513282822,-0.31897896223749,0.153980720859561));
#9759=CARTESIAN_POINT('Ctrl Pts',(4.11776169532828,-0.142308373545505,0.296672709349968));
#9760=CARTESIAN_POINT('Ctrl Pts',(4.1251038828283,-0.059184008633366,0.328844009402384));
#9761=CARTESIAN_POINT('Ctrl Pts',(4.13978825782823,0.130470859128958,0.30760099749366));
#9762=CARTESIAN_POINT('Ctrl Pts',(4.14713044532831,0.234081327221167,0.242741176541495));
#9763=CARTESIAN_POINT('Ctrl Pts',(4.16181482032822,0.332603462715902,0.0556083009546968));
#9764=CARTESIAN_POINT('Ctrl Pts',(4.16915700782822,0.331333857104663,-0.0627313453062444));
#9765=CARTESIAN_POINT('Ctrl Pts',(4.18384138282831,0.228819554948603,-0.247707403652411));
#9766=CARTESIAN_POINT('Ctrl Pts',(4.19118357032828,0.129144974678778,-0.311510709394513));
#9767=CARTESIAN_POINT('Ctrl Pts',(4.20586794532825,-0.0817589475412876,
-0.327158709267428));
#9768=CARTESIAN_POINT('Ctrl Pts',(4.21321013282825,-0.189758070158439,-0.278763737529643));
#9769=CARTESIAN_POINT('Ctrl Pts',(4.22789450782828,-0.318448186390603,-0.110941872768287));
#9770=CARTESIAN_POINT('Ctrl Pts',(4.23523669532831,-0.337168153117832,0.0059146487498252));
#9771=CARTESIAN_POINT('Ctrl Pts',(4.24992107032821,-0.267341377128959,0.205538158544706));
#9772=CARTESIAN_POINT('Ctrl Pts',(4.25726325782819,-0.179864106233922,0.285247699079921));
#9773=CARTESIAN_POINT('Ctrl Pts',(4.27194763282834,0.025373942158493,0.336264047439062));
#9774=CARTESIAN_POINT('Ctrl Pts',(4.27928982032822,0.139991279245578,0.306789485276864));
#9775=CARTESIAN_POINT('Ctrl Pts',(4.29397419532831,0.295157680767112,0.163092887729517));
#9776=CARTESIAN_POINT('Ctrl Pts',(4.30131638282834,0.333330205662824,0.0510717195572896));
#9777=CARTESIAN_POINT('Ctrl Pts',(4.31600075782819,0.298194055990644,-0.157472700876446));
#9778=CARTESIAN_POINT('Ctrl Pts',(4.32334294532825,0.225423529167153,-0.250801872100364));
#9779=CARTESIAN_POINT('Ctrl Pts',(4.33802732032828,0.0317389580261636,-0.335723077991656));
#9780=CARTESIAN_POINT('Ctrl Pts',(4.34536950782828,-0.0862085997511814,
-0.32601445348569));
#9781=CARTESIAN_POINT('Ctrl Pts',(4.36005388282825,-0.263400073719313,-0.210565305108148));
#9782=CARTESIAN_POINT('Ctrl Pts',(4.36739607032828,-0.319930112808443,-0.106593008528235));
#9783=CARTESIAN_POINT('Ctrl Pts',(4.38942263282823,-0.320773738335346,0.210631309563215));
#9784=CARTESIAN_POINT('Ctrl Pts',(4.40273987878011,-0.0851884689027324,
0.385642537277609));
#9785=CARTESIAN_POINT('Ctrl Pts',(4.41879138282826,0.127019632958853,0.293942219334905));
#9786=CARTESIAN_POINT('Ctrl Pts',(1.02489433832729,0.0504538854149268,0.316212619784048));
#9787=CARTESIAN_POINT('Ctrl Pts',(1.03999218896648,0.265176892850967,0.281952095188808));
#9788=CARTESIAN_POINT('Ctrl Pts',(1.05289069106202,0.37700112684652,0.0323904389675805));
#9789=CARTESIAN_POINT('Ctrl Pts',(1.07388795561308,0.238382912573022,-0.236369088810007));
#9790=CARTESIAN_POINT('Ctrl Pts',(1.08088704379677,0.147590971310302,-0.301518928660427));
#9791=CARTESIAN_POINT('Ctrl Pts',(1.09488522016413,-0.0517392570993372,
-0.33169234002046));
#9792=CARTESIAN_POINT('Ctrl Pts',(1.10188430834782,-0.157745725098456,-0.296332659971858));
#9793=CARTESIAN_POINT('Ctrl Pts',(1.12072968577299,-0.347975669150473,-0.102745339883904));
#9794=CARTESIAN_POINT('Ctrl Pts',(1.13257597501448,-0.342989154810717,0.11833051536637));
#9795=CARTESIAN_POINT('Ctrl Pts',(1.15626855349747,-0.0930999743219513,
0.350679434757292));
#9796=CARTESIAN_POINT('Ctrl Pts',(1.16811484273896,0.128695548224318,0.338363943149166));
#9797=CARTESIAN_POINT('Ctrl Pts',(1.19180742122194,0.351914086694926,0.0849071764499141));
#9798=CARTESIAN_POINT('Ctrl Pts',(1.20365371046344,0.334695918570823,-0.113837394267691));
#9799=CARTESIAN_POINT('Ctrl Pts',(1.2273462889464,0.127094104638218,-0.32989004049301));
#9800=CARTESIAN_POINT('Ctrl Pts',(1.23919257818791,-0.0446999794312414,
-0.345024557098518));
#9801=CARTESIAN_POINT('Ctrl Pts',(1.26288515667088,-0.279359055097363,-0.207361000315286));
#9802=CARTESIAN_POINT('Ctrl Pts',(1.27473144591237,-0.337676245109056,-0.065202707472467));
#9803=CARTESIAN_POINT('Ctrl Pts',(1.29842402439536,-0.292092304786451,0.181545457301752));
#9804=CARTESIAN_POINT('Ctrl Pts',(1.31027031363685,-0.193616124376119,0.280613913964003));
#9805=CARTESIAN_POINT('Ctrl Pts',(1.33396289211983,0.032953491772299,0.339330906436971));
#9806=CARTESIAN_POINT('Ctrl Pts',(1.34580918136132,0.155821870555892,0.300626073149483));
#9807=CARTESIAN_POINT('Ctrl Pts',(1.3695017598443,0.307743277246158,0.141246550585549));
#9808=CARTESIAN_POINT('Ctrl Pts',(1.38134804908579,0.335865629642405,0.024508083035954));
#9809=CARTESIAN_POINT('Ctrl Pts',(1.40562975499395,0.284665713743779,-0.182975111240622));
#9810=CARTESIAN_POINT('Ctrl Pts',(1.41806517166062,0.202328490526826,-0.268827382277343));
#9811=CARTESIAN_POINT('Ctrl Pts',(1.44293600499395,0.00710570091170952,
-0.336384466051055));
#9812=CARTESIAN_POINT('Ctrl Pts',(1.45537142166061,-0.102885644350607,-0.318697479909692));
#9813=CARTESIAN_POINT('Ctrl Pts',(1.49267767166063,-0.344122612449352,-0.150285709454628));
#9814=CARTESIAN_POINT('Ctrl Pts',(1.51754850499396,-0.352349641278634,0.102575670904795));
#9815=CARTESIAN_POINT('Ctrl Pts',(1.56729017166061,-0.0967469578690564,
0.353994484161342));
#9816=CARTESIAN_POINT('Ctrl Pts',(1.59216100499396,0.127026124652337,0.337628857026751));
#9817=CARTESIAN_POINT('Ctrl Pts',(1.64190267166061,0.349171150054601,0.0906003075865198));
#9818=CARTESIAN_POINT('Ctrl Pts',(1.66677350499394,0.337851219165706,-0.112105876633572));
#9819=CARTESIAN_POINT('Ctrl Pts',(1.71651517166063,0.120836194138421,-0.334828032094781));
#9820=CARTESIAN_POINT('Ctrl Pts',(1.74138600499393,-0.0659026641186161,
-0.348077024517918));
#9821=CARTESIAN_POINT('Ctrl Pts',(1.79112767166064,-0.310955174477772,-0.169728181506726));
#9822=CARTESIAN_POINT('Ctrl Pts',(1.81599850499395,-0.354030322684788,0.0127791528527509));
#9823=CARTESIAN_POINT('Ctrl Pts',(1.86574017166062,-0.214583611984705,0.281877011461919));
#9824=CARTESIAN_POINT('Ctrl Pts',(1.89061100499396,-0.0406353291717992,
0.351922642273125));
#9825=CARTESIAN_POINT('Ctrl Pts',(1.94035267166061,0.246380741297446,0.254553150522213));
#9826=CARTESIAN_POINT('Ctrl Pts',(1.96522350499394,0.341801973445722,0.0931245782539342));
#9827=CARTESIAN_POINT('Ctrl Pts',(2.01496517166062,0.288726723696458,-0.20527458477657));
#9828=CARTESIAN_POINT('Ctrl Pts',(2.03983600499396,0.143493457478589,-0.323898755469414));
#9829=CARTESIAN_POINT('Ctrl Pts',(2.08957767166061,-0.159494495172679,-0.316326227403525));
#9830=CARTESIAN_POINT('Ctrl Pts',(2.11444850499395,-0.298620629840516,-0.190595108974982));
#9831=CARTESIAN_POINT('Ctrl Pts',(2.16419017166061,-0.336723243679122,0.110082847403231));
#9832=CARTESIAN_POINT('Ctrl Pts',(2.18906100499398,-0.233357066951791,0.266543158657295));
#9833=CARTESIAN_POINT('Ctrl Pts',(2.23880267166059,0.0581647039698643,0.349453349295584));
#9834=CARTESIAN_POINT('Ctrl Pts',(2.26367350499395,0.228396719511201,0.270805676897075));
#9835=CARTESIAN_POINT('Ctrl Pts',(2.31341517166061,0.354226690260795,-0.0049221981792906));
#9836=CARTESIAN_POINT('Ctrl Pts',(2.33828600499391,0.302088264853662,-0.185049875355534));
#9837=CARTESIAN_POINT('Ctrl Pts',(2.38802767166066,0.0484323820230672,-0.35093458151908));
#9838=CARTESIAN_POINT('Ctrl Pts',(2.41289850499395,-0.143410776145756,-0.330867337364959));
#9839=CARTESIAN_POINT('Ctrl Pts',(2.46264017166062,-0.352982441469296,-0.0737779831313645));
#9840=CARTESIAN_POINT('Ctrl Pts',(2.48751100499399,-0.337763753240763,0.162158433870005));
#9841=CARTESIAN_POINT('Ctrl Pts',(2.52481725499393,-0.0932470702329593,
0.321406124435269));
#9842=CARTESIAN_POINT('Ctrl Pts',(2.53725267166061,0.0190053929277427,0.337380785580927));
#9843=CARTESIAN_POINT('Ctrl Pts',(2.56212350499396,0.219372636038492,0.257026462998759));
#9844=CARTESIAN_POINT('Ctrl Pts',(2.57455892166062,0.304498261186167,0.158036960256453));
#9845=CARTESIAN_POINT('Ctrl Pts',(2.60181100499395,0.334565184126687,-0.110101437690833));
#9846=CARTESIAN_POINT('Ctrl Pts',(2.6166276716606,0.234412301358082,-0.268807102112665));
#9847=CARTESIAN_POINT('Ctrl Pts',(2.64626100499397,-0.0690744203659249,
-0.349907247979615));
#9848=CARTESIAN_POINT('Ctrl Pts',(2.66107767166061,-0.25509848631235,-0.257600250693836));
#9849=CARTESIAN_POINT('Ctrl Pts',(2.69071100499395,-0.356297408250315,0.0669720208899598));
#9850=CARTESIAN_POINT('Ctrl Pts',(2.7055276716606,-0.248193359951247,0.275331965616155));
#9851=CARTESIAN_POINT('Ctrl Pts',(2.72775267166063,0.0260133351577409,0.332531520656005));
#9852=CARTESIAN_POINT('Ctrl Pts',(2.73516100499395,0.129479797842547,0.30857999259518));
#9853=CARTESIAN_POINT('Ctrl Pts',(2.74997767166061,0.279179710841824,0.184513779240634));
#9854=CARTESIAN_POINT('Ctrl Pts',(2.75738600499398,0.321456882253298,0.0889909042902982));
#9855=CARTESIAN_POINT('Ctrl Pts',(2.77961100499389,0.31763413102518,-0.191092095289232));
#9856=CARTESIAN_POINT('Ctrl Pts',(2.79442767166071,0.130997652263864,-0.339949739101439));
#9857=CARTESIAN_POINT('Ctrl Pts',(2.82406100499386,-0.21360584886168,-0.295125018511119));
#9858=CARTESIAN_POINT('Ctrl Pts',(2.83887767166063,-0.339276360047527,-0.118509602736125));
#9859=CARTESIAN_POINT('Ctrl Pts',(2.86851100499394,-0.295307407444979,0.204808524580015));
#9860=CARTESIAN_POINT('Ctrl Pts',(2.88332767166059,-0.138035157877693,0.327539854117242));
#9861=CARTESIAN_POINT('Ctrl Pts',(2.91296100499397,0.170122652034616,0.312080701036453));
#9862=CARTESIAN_POINT('Ctrl Pts',(2.92777767166062,0.301870626663328,0.181469815709868));
#9863=CARTESIAN_POINT('Ctrl Pts',(2.95727871332728,0.334419652035709,-0.108803052338408));
#9864=CARTESIAN_POINT('Ctrl Pts',(2.97196308832728,0.242964676183171,-0.246673251249926));
#9865=CARTESIAN_POINT('Ctrl Pts',(3.00133183832729,-0.000882694248482619,
-0.346235153078017));
#9866=CARTESIAN_POINT('Ctrl Pts',(3.01601621332731,-0.143757579285043,-0.310761889567647));
#9867=CARTESIAN_POINT('Ctrl Pts',(3.04538496332726,-0.313539385424369,-0.137594606942543));
#9868=CARTESIAN_POINT('Ctrl Pts',(3.06006933832728,-0.3394930152827,-0.00640722581671685));
#9869=CARTESIAN_POINT('Ctrl Pts',(3.08943808832729,-0.268365908282453,0.208029622674056));
#9870=CARTESIAN_POINT('Ctrl Pts',(3.10412246332731,-0.174938538881636,0.288450793677625));
#9871=CARTESIAN_POINT('Ctrl Pts',(3.13349121332725,0.0320415451328115,0.335828399500052));
#9872=CARTESIAN_POINT('Ctrl Pts',(3.14817558832726,0.142390002965192,0.303898831075042));
#9873=CARTESIAN_POINT('Ctrl Pts',(3.1775443383273,0.290474979475526,0.168088423878687));
#9874=CARTESIAN_POINT('Ctrl Pts',(3.19222871332723,0.327458592063817,0.0666727391104861));
#9875=CARTESIAN_POINT('Ctrl Pts',(3.2362818383274,0.301896549264507,-0.218970350916783));
#9876=CARTESIAN_POINT('Ctrl Pts',(3.26565058832728,0.0989610841373823,-0.353220885060355));
#9877=CARTESIAN_POINT('Ctrl Pts',(3.32438808832728,-0.248976854351876,-0.269385997802607));
#9878=CARTESIAN_POINT('Ctrl Pts',(3.35375683832733,-0.361691893730928,-0.0611331646540646));
#9879=CARTESIAN_POINT('Ctrl Pts',(3.41249433832723,-0.241607302586635,0.276014856741579));
#9880=CARTESIAN_POINT('Ctrl Pts',(3.44186308832733,-0.0226225270071861,
0.366123628130334));
#9881=CARTESIAN_POINT('Ctrl Pts',(3.50060058832723,0.299970402150229,0.211130404347682));
#9882=CARTESIAN_POINT('Ctrl Pts',(3.52996933832718,0.366466595901068,-0.0161407527181615));
#9883=CARTESIAN_POINT('Ctrl Pts',(3.58870683832739,0.178295660610395,-0.320575961704233));
#9884=CARTESIAN_POINT('Ctrl Pts',(3.61807558832733,-0.0547237769948427,
-0.362716966859704));
#9885=CARTESIAN_POINT('Ctrl Pts',(3.67681308832723,-0.337601418242867,-0.143469760622411));
#9886=CARTESIAN_POINT('Ctrl Pts',(3.70618183832733,-0.354916615797499,0.0926956613823298));
#9887=CARTESIAN_POINT('Ctrl Pts',(3.76491933832723,-0.107041630314297,0.350856636225203));
#9888=CARTESIAN_POINT('Ctrl Pts',(3.79428808832733,0.129632346473704,0.343152654880307));
#9889=CARTESIAN_POINT('Ctrl Pts',(3.85302558832723,0.360193585090976,0.0694180889092124));
#9890=CARTESIAN_POINT('Ctrl Pts',(3.88239433832728,0.327556460763245,-0.165121333646279));
#9891=CARTESIAN_POINT('Ctrl Pts',(3.92644746332729,0.105153594428477,-0.315411327696396));
#9892=CARTESIAN_POINT('Ctrl Pts',(3.94113183832733,0.0107601103299767,-0.334145691467348));
#9893=CARTESIAN_POINT('Ctrl Pts',(3.97050058832724,-0.174991256116822,-0.284863349383269));
#9894=CARTESIAN_POINT('Ctrl Pts',(3.98518496332719,-0.265414278594007,-0.212732200030867));
#9895=CARTESIAN_POINT('Ctrl Pts',(4.01455371332737,-0.340120175603413,0.00423259171779124));
#9896=CARTESIAN_POINT('Ctrl Pts',(4.02923808832724,-0.318978962237489,0.153980720859561));
#9897=CARTESIAN_POINT('Ctrl Pts',(4.0512646508273,-0.142308373545505,0.296672709349968));
#9898=CARTESIAN_POINT('Ctrl Pts',(4.05860683832732,-0.0591840086333657,
0.328844009402384));
#9899=CARTESIAN_POINT('Ctrl Pts',(4.07329121332725,0.130470859128958,0.30760099749366));
#9900=CARTESIAN_POINT('Ctrl Pts',(4.08063340082733,0.234081327221167,0.242741176541495));
#9901=CARTESIAN_POINT('Ctrl Pts',(4.09531777582723,0.332603462715902,0.0556083009546968));
#9902=CARTESIAN_POINT('Ctrl Pts',(4.10265996332724,0.331333857104663,-0.0627313453062444));
#9903=CARTESIAN_POINT('Ctrl Pts',(4.11734433832732,0.228819554948603,-0.247707403652411));
#9904=CARTESIAN_POINT('Ctrl Pts',(4.1246865258273,0.129144974678778,-0.311510709394513));
#9905=CARTESIAN_POINT('Ctrl Pts',(4.13937090082726,-0.0817589475412876,
-0.327158709267428));
#9906=CARTESIAN_POINT('Ctrl Pts',(4.14671308832727,-0.189758070158439,-0.278763737529643));
#9907=CARTESIAN_POINT('Ctrl Pts',(4.16139746332729,-0.318448186390603,-0.110941872768287));
#9908=CARTESIAN_POINT('Ctrl Pts',(4.16873965082733,-0.337168153117832,0.00591464874982523));
#9909=CARTESIAN_POINT('Ctrl Pts',(4.18342402582723,-0.267341377128959,0.205538158544706));
#9910=CARTESIAN_POINT('Ctrl Pts',(4.1907662133272,-0.179864106233922,0.285247699079921));
#9911=CARTESIAN_POINT('Ctrl Pts',(4.20545058832735,0.025373942158493,0.336264047439062));
#9912=CARTESIAN_POINT('Ctrl Pts',(4.21279277582724,0.139991279245578,0.306789485276864));
#9913=CARTESIAN_POINT('Ctrl Pts',(4.22747715082732,0.295157680767112,0.163092887729517));
#9914=CARTESIAN_POINT('Ctrl Pts',(4.23481933832736,0.333330205662824,0.0510717195572891));
#9915=CARTESIAN_POINT('Ctrl Pts',(4.2495037133272,0.298194055990644,-0.157472700876446));
#9916=CARTESIAN_POINT('Ctrl Pts',(4.25684590082727,0.225423529167153,-0.250801872100364));
#9917=CARTESIAN_POINT('Ctrl Pts',(4.2715302758273,0.0317389580261636,-0.335723077991656));
#9918=CARTESIAN_POINT('Ctrl Pts',(4.2788724633273,-0.0862085997511814,-0.32601445348569));
#9919=CARTESIAN_POINT('Ctrl Pts',(4.29355683832726,-0.263400073719313,-0.210565305108148));
#9920=CARTESIAN_POINT('Ctrl Pts',(4.3008990258273,-0.319930112808442,-0.106593008528235));
#9921=CARTESIAN_POINT('Ctrl Pts',(4.32292558832725,-0.320773738335345,0.210631309563214));
#9922=CARTESIAN_POINT('Ctrl Pts',(4.33624283427913,-0.0851884689027324,
0.385642537277609));
#9923=CARTESIAN_POINT('Ctrl Pts',(4.35229433832728,0.127019632958853,0.293942219334905));
#9924=CARTESIAN_POINT('Ctrl Pts',(0.99464286057778,0.0294412449167277,0.337975451523564));
#9925=CARTESIAN_POINT('Ctrl Pts',(1.00974128722819,0.258950978526981,0.317982719804497));
#9926=CARTESIAN_POINT('Ctrl Pts',(1.02263921331252,0.395959679674628,0.0626967230037998));
#9927=CARTESIAN_POINT('Ctrl Pts',(1.04363647786357,0.26976537302791,-0.231788750430109));
#9928=CARTESIAN_POINT('Ctrl Pts',(1.05063556604726,0.178738148519851,-0.307493179722578));
#9929=CARTESIAN_POINT('Ctrl Pts',(1.06463374241462,-0.0296307222498173,
-0.354431095718268));
#9930=CARTESIAN_POINT('Ctrl Pts',(1.07163283059831,-0.144325743857321,-0.325068394299772));
#9931=CARTESIAN_POINT('Ctrl Pts',(1.09047820802348,-0.359973803370116,-0.134854335652183));
#9932=CARTESIAN_POINT('Ctrl Pts',(1.10232449726497,-0.371397587982624,0.0991496978989868));
#9933=CARTESIAN_POINT('Ctrl Pts',(1.12601707574796,-0.124865512599517,0.363559396400736));
#9934=CARTESIAN_POINT('Ctrl Pts',(1.13786336498945,0.110452457715494,0.367292440873467));
#9935=CARTESIAN_POINT('Ctrl Pts',(1.16155594347243,0.365482783194975,0.116300794609977));
#9936=CARTESIAN_POINT('Ctrl Pts',(1.17340223271393,0.362294225790631,-0.0950276997329229));
#9937=CARTESIAN_POINT('Ctrl Pts',(1.1970948111969,0.159219865219779,-0.339022785644136));
#9938=CARTESIAN_POINT('Ctrl Pts',(1.2089411004384,-0.021185073484679,-0.367988718410566));
#9939=CARTESIAN_POINT('Ctrl Pts',(1.23263367892137,-0.279561945460989,-0.24022834940352));
#9940=CARTESIAN_POINT('Ctrl Pts',(1.24447996816286,-0.351924465885171,-0.0944025009506608));
#9941=CARTESIAN_POINT('Ctrl Pts',(1.26817254664586,-0.322384406451783,0.169796901595542));
#9942=CARTESIAN_POINT('Ctrl Pts',(1.28001883588734,-0.225797858292239,0.281925923150108));
#9943=CARTESIAN_POINT('Ctrl Pts',(1.30371141437032,0.0092016023435929,0.361084833252573));
#9944=CARTESIAN_POINT('Ctrl Pts',(1.31555770361181,0.141968466816964,0.329460297272246));
#9945=CARTESIAN_POINT('Ctrl Pts',(1.3392502820948,0.31454998394879,0.172503521200405));
#9946=CARTESIAN_POINT('Ctrl Pts',(1.35109657133629,0.353083898115545,0.0512607078017542));
#9947=CARTESIAN_POINT('Ctrl Pts',(1.37537827724444,0.314644121486731,-0.171868505507121));
#9948=CARTESIAN_POINT('Ctrl Pts',(1.38781369391111,0.234114872100907,-0.268812337968222));
#9949=CARTESIAN_POINT('Ctrl Pts',(1.41268452724444,0.0329094775424296,-0.354946243281687));
#9950=CARTESIAN_POINT('Ctrl Pts',(1.42511994391111,-0.0846622010416541,
-0.344560505783956));
#9951=CARTESIAN_POINT('Ctrl Pts',(1.46242619391112,-0.352312220957331,-0.184802879979384));
#9952=CARTESIAN_POINT('Ctrl Pts',(1.48729702724445,-0.380099872538844,0.0817935583258037));
#9953=CARTESIAN_POINT('Ctrl Pts',(1.53703869391111,-0.128969873678843,0.366787275452725));
#9954=CARTESIAN_POINT('Ctrl Pts',(1.56190952724445,0.108743758385044,0.366389562056368));
#9955=CARTESIAN_POINT('Ctrl Pts',(1.6116511939111,0.362154227903697,0.122110036157274));
#9956=CARTESIAN_POINT('Ctrl Pts',(1.63652202724442,0.365497922835523,-0.0929596183240829));
#9957=CARTESIAN_POINT('Ctrl Pts',(1.68626369391113,0.152979527115125,-0.34471366721123));
#9958=CARTESIAN_POINT('Ctrl Pts',(1.71113452724442,-0.0433610554546744,
-0.372815502603644));
#9959=CARTESIAN_POINT('Ctrl Pts',(1.76087619391113,-0.315793593262003,-0.202844735114006));
#9960=CARTESIAN_POINT('Ctrl Pts',(1.78574702724444,-0.375095451444372,-0.0132280917050685));
#9961=CARTESIAN_POINT('Ctrl Pts',(1.83548869391111,-0.248051157558953,0.281677481053785));
#9962=CARTESIAN_POINT('Ctrl Pts',(1.86035952724445,-0.0695160461058216,
0.36883478609113));
#9963=CARTESIAN_POINT('Ctrl Pts',(1.9101011939111,0.241147804839987,0.287609659641842));
#9964=CARTESIAN_POINT('Ctrl Pts',(1.93497202724443,0.354176056749871,0.124221177449509));
#9965=CARTESIAN_POINT('Ctrl Pts',(1.98471369391113,0.320619526901267,-0.19512739191905));
#9966=CARTESIAN_POINT('Ctrl Pts',(2.00958452724445,0.176097895008407,-0.331453030584351));
#9967=CARTESIAN_POINT('Ctrl Pts',(2.0593261939111,-0.144664089130833,-0.34632915185735));
#9968=CARTESIAN_POINT('Ctrl Pts',(2.08419702724445,-0.301183092149719,-0.223965008676085));
#9969=CARTESIAN_POINT('Ctrl Pts',(2.1339386939111,-0.36415314752702,0.0909069042962285));
#9970=CARTESIAN_POINT('Ctrl Pts',(2.15880952724447,-0.266732623718634,0.264055463006534));
#9971=CARTESIAN_POINT('Ctrl Pts',(2.20855119391108,0.035079844213316,0.373685676240555));
#9972=CARTESIAN_POINT('Ctrl Pts',(2.23342202724445,0.220915508679532,0.303426956817395));
#9973=CARTESIAN_POINT('Ctrl Pts',(2.2831636939111,0.374709690195809,0.0215459550016471));
#9974=CARTESIAN_POINT('Ctrl Pts',(2.3080345272444,0.333212508277145,-0.17274549034593));
#9975=CARTESIAN_POINT('Ctrl Pts',(2.35777619391115,0.0776811706012123,-0.367201873422155));
#9976=CARTESIAN_POINT('Ctrl Pts',(2.38264702724444,-0.12656921481859,-0.360481358065389));
#9977=CARTESIAN_POINT('Ctrl Pts',(2.43238869391111,-0.367452158105316,-0.10462040937315));
#9978=CARTESIAN_POINT('Ctrl Pts',(2.45725952724448,-0.369184953254948,0.145860528881233));
#9979=CARTESIAN_POINT('Ctrl Pts',(2.49456577724442,-0.122810535975912,0.332612978011413));
#9980=CARTESIAN_POINT('Ctrl Pts',(2.5070011939111,-0.00539115057035334,
0.35797077453249));
#9981=CARTESIAN_POINT('Ctrl Pts',(2.53187202724445,0.212419546885139,0.288184016565996));
#9982=CARTESIAN_POINT('Ctrl Pts',(2.54430744391111,0.30985288943569,0.190002180608107));
#9983=CARTESIAN_POINT('Ctrl Pts',(2.57155952724444,0.361873967252514,-0.0910895048549113));
#9984=CARTESIAN_POINT('Ctrl Pts',(2.58637619391109,0.268018719453007,-0.266368261905713));
#9985=CARTESIAN_POINT('Ctrl Pts',(2.61600952724446,-0.046574689162019,-0.374989136456914));
#9986=CARTESIAN_POINT('Ctrl Pts',(2.6308261939111,-0.250130416267069,-0.291488035648288));
#9987=CARTESIAN_POINT('Ctrl Pts',(2.66045952724444,-0.381583348055283,0.0438704051409099));
#9988=CARTESIAN_POINT('Ctrl Pts',(2.67527619391109,-0.283074893350872,0.272222970484421));
#9989=CARTESIAN_POINT('Ctrl Pts',(2.69750119391112,0.00238083703702867,
0.353375359982239));
#9990=CARTESIAN_POINT('Ctrl Pts',(2.70490952724444,0.113530215666062,0.335876716284365));
#9991=CARTESIAN_POINT('Ctrl Pts',(2.7197261939111,0.281097609645596,0.216070428316685));
#9992=CARTESIAN_POINT('Ctrl Pts',(2.72713452724447,0.332988000168796,0.118316557666062));
#9993=CARTESIAN_POINT('Ctrl Pts',(2.74935952724438,0.350097242870868,-0.177956892725679));
#9994=CARTESIAN_POINT('Ctrl Pts',(2.7641761939112,0.164104644485034,-0.349358870238001));
#9995=CARTESIAN_POINT('Ctrl Pts',(2.79380952724435,-0.203448531564458,-0.328010179495513));
#9996=CARTESIAN_POINT('Ctrl Pts',(2.80862619391112,-0.34959023092532,-0.150856735475591));
#9997=CARTESIAN_POINT('Ctrl Pts',(2.83825952724443,-0.327538638775942,0.194137964422692));
#9998=CARTESIAN_POINT('Ctrl Pts',(2.85307619391108,-0.170604637727452,0.335713009198984));
#9999=CARTESIAN_POINT('Ctrl Pts',(2.88270952724447,0.156216241906119,0.342645115249197));
#10000=CARTESIAN_POINT('Ctrl Pts',(2.89752619391111,0.305306658241255,0.214567031028795));
#10001=CARTESIAN_POINT('Ctrl Pts',(2.92702723557777,0.361622131620679,-0.0897283923988306));
#10002=CARTESIAN_POINT('Ctrl Pts',(2.94171161057777,0.275385333624192,-0.242331966359049));
#10003=CARTESIAN_POINT('Ctrl Pts',(2.97108036057778,0.0252113630059491,
-0.365959408690628));
#10004=CARTESIAN_POINT('Ctrl Pts',(2.9857647355778,-0.128453867621383,-0.339260604568724));
#10005=CARTESIAN_POINT('Ctrl Pts',(3.01513348557775,-0.320950925689995,
-0.169081900766359));
#10006=CARTESIAN_POINT('Ctrl Pts',(3.02981786057777,-0.358284023084709,
-0.0324060724750572));
#10007=CARTESIAN_POINT('Ctrl Pts',(3.05918661057778,-0.299310752718133,
0.199576290499894));
#10008=CARTESIAN_POINT('Ctrl Pts',(3.0738709855778,-0.206651609135913,0.291618086144378));
#10009=CARTESIAN_POINT('Ctrl Pts',(3.10323973557774,0.00850235351768397,
0.357314609470692));
#10010=CARTESIAN_POINT('Ctrl Pts',(3.11792411057776,0.127526875425202,0.33190462838177));
#10011=CARTESIAN_POINT('Ctrl Pts',(3.1472928605778,0.294274447004807,0.199565422835109));
#10012=CARTESIAN_POINT('Ctrl Pts',(3.16197723557772,0.341015700654712,0.0951844603866993));
#10013=CARTESIAN_POINT('Ctrl Pts',(3.20603036057789,0.335571238784781,-0.208606287385154));
#10014=CARTESIAN_POINT('Ctrl Pts',(3.23539911057777,0.131251293251297,-0.365802566638744));
#10015=CARTESIAN_POINT('Ctrl Pts',(3.29413661057778,-0.242771286567897,
-0.303480678391203));
#10016=CARTESIAN_POINT('Ctrl Pts',(3.32350536057783,-0.377610900740653,
-0.0919153272126557));
#10017=CARTESIAN_POINT('Ctrl Pts',(3.38224286057773,-0.276166475648708,
0.27344194531202));
#10018=CARTESIAN_POINT('Ctrl Pts',(3.41161161057782,-0.0515528763975533,
0.385202181537489));
#10019=CARTESIAN_POINT('Ctrl Pts',(3.47034911057772,0.301058880632904,0.245768122669634));
#10020=CARTESIAN_POINT('Ctrl Pts',(3.49971786057767,0.38849163173817,0.0106146974243282));
#10021=CARTESIAN_POINT('Ctrl Pts',(3.55845536057788,0.212625099806993,-0.325313674274665));
#10022=CARTESIAN_POINT('Ctrl Pts',(3.58782411057783,-0.0304420235107648,
-0.387442515664467));
#10023=CARTESIAN_POINT('Ctrl Pts',(3.64656161057773,-0.345935455447694,
-0.177107539083941));
#10024=CARTESIAN_POINT('Ctrl Pts',(3.67593036057783,-0.382066549531601,
0.0711587764128032));
#10025=CARTESIAN_POINT('Ctrl Pts',(3.73466786057773,-0.139612090705191,
0.362693925859295));
#10026=CARTESIAN_POINT('Ctrl Pts',(3.76403661057782,0.11108084794799,0.372423770650072));
#10027=CARTESIAN_POINT('Ctrl Pts',(3.82277411057772,0.375401931602641,0.10055749340477));
#10028=CARTESIAN_POINT('Ctrl Pts',(3.85214286057777,0.358621866905215,-0.149762399529841));
#10029=CARTESIAN_POINT('Ctrl Pts',(3.89619598557778,0.134940390270642,-0.325378764777624));
#10030=CARTESIAN_POINT('Ctrl Pts',(3.91088036057782,0.0366023175542487,
-0.352304417615602));
#10031=CARTESIAN_POINT('Ctrl Pts',(3.94024911057773,-0.163416441200397,
-0.314250118060903));
#10032=CARTESIAN_POINT('Ctrl Pts',(3.95493348557769,-0.264419871527623,
-0.244851532271005));
#10033=CARTESIAN_POINT('Ctrl Pts',(3.98430223557786,-0.359750201890774,
-0.0212095329413401));
#10034=CARTESIAN_POINT('Ctrl Pts',(3.99898661057773,-0.348716152100423,
0.138636960975214));
#10035=CARTESIAN_POINT('Ctrl Pts',(4.02101317307779,-0.172789692296579,
0.302770703161812));
#10036=CARTESIAN_POINT('Ctrl Pts',(4.02835536057781,-0.0873751677037857,
0.343045248562912));
#10037=CARTESIAN_POINT('Ctrl Pts',(4.04303973557774,0.114651468546789,0.33491697335766));
#10038=CARTESIAN_POINT('Ctrl Pts',(4.05038192307782,0.229042008539205,0.274198330139359));
#10039=CARTESIAN_POINT('Ctrl Pts',(4.06506629807773,0.347288147185062,0.0838803240039883));
#10040=CARTESIAN_POINT('Ctrl Pts',(4.07240848557773,0.354882271014435,-0.0412739585223822));
#10041=CARTESIAN_POINT('Ctrl Pts',(4.08709286057782,0.260515207653899,-0.244492929380694));
#10042=CARTESIAN_POINT('Ctrl Pts',(4.09443504807779,0.159999353055524,-0.31944510163607));
#10043=CARTESIAN_POINT('Ctrl Pts',(4.10911942307775,-0.061697123401107,
-0.351906849751644));
#10044=CARTESIAN_POINT('Ctrl Pts',(4.11646161057776,-0.179482226405133,
-0.308919239190466));
#10045=CARTESIAN_POINT('Ctrl Pts',(4.13114598557778,-0.328150969862777,
-0.14128661264442));
#10046=CARTESIAN_POINT('Ctrl Pts',(4.13848817307782,-0.356757589366323,
-0.0192090697791802));
#10047=CARTESIAN_POINT('Ctrl Pts',(4.15317254807772,-0.298039923364285,
0.197020734973255));
#10048=CARTESIAN_POINT('Ctrl Pts',(4.1605147355777,-0.211614961768469,0.287861205935233));
#10049=CARTESIAN_POINT('Ctrl Pts',(4.17519911057784,0.00142329968680701,
0.357271521595923));
#10050=CARTESIAN_POINT('Ctrl Pts',(4.18254129807773,0.124773690523083,0.334778273009298));
#10051=CARTESIAN_POINT('Ctrl Pts',(4.19722567307782,0.299600222351598,0.194639853820224));
#10052=CARTESIAN_POINT('Ctrl Pts',(4.20456786057785,0.348398707864058,0.0791410531202648));
#10053=CARTESIAN_POINT('Ctrl Pts',(4.2192522355777,0.327014855604954,-0.143896664825743));
#10054=CARTESIAN_POINT('Ctrl Pts',(4.22659442307776,0.257160034421625,-0.248019520668267));
#10055=CARTESIAN_POINT('Ctrl Pts',(4.24127879807779,0.0588913538054091,
-0.35238725059956));
#10056=CARTESIAN_POINT('Ctrl Pts',(4.24862098557779,-0.0664858085435475,
-0.351033621182455));
#10057=CARTESIAN_POINT('Ctrl Pts',(4.26330536057775,-0.262454931534619,
-0.242409518891965));
#10058=CARTESIAN_POINT('Ctrl Pts',(4.27064754807779,-0.330045415279448,
-0.136802740423408));
#10059=CARTESIAN_POINT('Ctrl Pts',(4.29267411057774,-0.354890505909298,
0.198368380335226));
#10060=CARTESIAN_POINT('Ctrl Pts',(4.30599064042514,-0.119155202189792,
0.401108544623487));
#10061=CARTESIAN_POINT('Ctrl Pts',(4.32204286057777,0.11203567059342,0.320222112368558));
#10062=CARTESIAN_POINT('Ctrl Pts',(0.99464286057778,-0.0167475231779015,
0.385813246511066));
#10063=CARTESIAN_POINT('Ctrl Pts',(1.00974236227264,0.245266181935649,0.397186832856731));
#10064=CARTESIAN_POINT('Ctrl Pts',(1.02263921331252,0.437633271342588,0.129314239506741));
#10065=CARTESIAN_POINT('Ctrl Pts',(1.04363647786357,0.338748478140942,-0.221720516157409));
#10066=CARTESIAN_POINT('Ctrl Pts',(1.05063556604726,0.247204067643995,-0.320625432038627));
#10067=CARTESIAN_POINT('Ctrl Pts',(1.06463374241462,0.0189669772712844,
-0.404414110169807));
#10068=CARTESIAN_POINT('Ctrl Pts',(1.07163283059831,-0.114826719142451,
-0.388233619489567));
#10069=CARTESIAN_POINT('Ctrl Pts',(1.09047820802348,-0.386347406396672,
-0.205434468568824));
#10070=CARTESIAN_POINT('Ctrl Pts',(1.10232449726497,-0.433843358747209,
0.0569875369872155));
#10071=CARTESIAN_POINT('Ctrl Pts',(1.12601707574796,-0.19469067717268,0.391871381344639));
#10072=CARTESIAN_POINT('Ctrl Pts',(1.13786336498945,0.0703515538375152,
0.430881387385398));
#10073=CARTESIAN_POINT('Ctrl Pts',(1.16155594347243,0.395308705169904,0.185308425943613));
#10074=CARTESIAN_POINT('Ctrl Pts',(1.17340223271393,0.422959224655914,-0.0536813197350499));
#10075=CARTESIAN_POINT('Ctrl Pts',(1.1970948111969,0.229836849577014,-0.359097856546758));
#10076=CARTESIAN_POINT('Ctrl Pts',(1.2089411004384,0.030504029444853,-0.418467206415017));
#10077=CARTESIAN_POINT('Ctrl Pts',(1.23263367892137,-0.280007927295344,
-0.312475450621075));
#10078=CARTESIAN_POINT('Ctrl Pts',(1.24447996816286,-0.383244078727044,
-0.15858779405987));
#10079=CARTESIAN_POINT('Ctrl Pts',(1.26817254664586,-0.38897074808928,0.143971907587406));
#10080=CARTESIAN_POINT('Ctrl Pts',(1.28001883588734,-0.296537879988334,
0.284809905676727));
#10081=CARTESIAN_POINT('Ctrl Pts',(1.30371141437032,-0.0430084239368221,
0.408903053952613));
#10082=CARTESIAN_POINT('Ctrl Pts',(1.31555770361181,0.111516717895943,0.392842017018936));
#10083=CARTESIAN_POINT('Ctrl Pts',(1.3392502820948,0.329512091990527,0.24121078182261));
#10084=CARTESIAN_POINT('Ctrl Pts',(1.35109657133629,0.390932097610755,0.110066776526729));
#10085=CARTESIAN_POINT('Ctrl Pts',(1.37537827724444,0.380540919331063,-0.147454608710711));
#10086=CARTESIAN_POINT('Ctrl Pts',(1.38781369391111,0.303985853200045,-0.268779268440129));
#10087=CARTESIAN_POINT('Ctrl Pts',(1.41268452724444,0.0896298433081789,
-0.395747665835103));
#10088=CARTESIAN_POINT('Ctrl Pts',(1.42511994391111,-0.0446044844993117,
-0.401411109801768));
#10089=CARTESIAN_POINT('Ctrl Pts',(1.46242619391112,-0.370314143571173,
-0.260676523027128));
#10090=CARTESIAN_POINT('Ctrl Pts',(1.48729702724445,-0.441098822021655,
0.0361115233378628));
#10091=CARTESIAN_POINT('Ctrl Pts',(1.53703869391111,-0.199800419025996,
0.39490764758261));
#10092=CARTESIAN_POINT('Ctrl Pts',(1.56190952724445,0.0685565208118679,
0.429609676394924));
#10093=CARTESIAN_POINT('Ctrl Pts',(1.6116511939111,0.390692876912497,0.191372894663991));
#10094=CARTESIAN_POINT('Ctrl Pts',(1.63652202724442,0.426269303971344,-0.0508734233495468));
#10095=CARTESIAN_POINT('Ctrl Pts',(1.68626369391113,0.223635138092571,-0.366443697185382));
#10096=CARTESIAN_POINT('Ctrl Pts',(1.71113452724442,0.00618860181701403,
-0.427194190870506));
#10097=CARTESIAN_POINT('Ctrl Pts',(1.76087619391113,-0.326429124916814,
-0.27563962325725));
#10098=CARTESIAN_POINT('Ctrl Pts',(1.78574702724444,-0.421399596192079,
-0.0703957088717059));
#10099=CARTESIAN_POINT('Ctrl Pts',(1.83548869391111,-0.321617575894516,
0.281238884878775));
#10100=CARTESIAN_POINT('Ctrl Pts',(1.86035952724445,-0.132999963654732,
0.406010080117581));
#10101=CARTESIAN_POINT('Ctrl Pts',(1.9101011939111,0.229645067308836,0.360272561473514));
#10102=CARTESIAN_POINT('Ctrl Pts',(1.93497202724443,0.381376049257625,0.19257591891568));
#10103=CARTESIAN_POINT('Ctrl Pts',(1.98471369391113,0.390724437859066,-0.172822420882792));
#10104=CARTESIAN_POINT('Ctrl Pts',(2.00958452724445,0.24776707928107,-0.348058400168281));
#10105=CARTESIAN_POINT('Ctrl Pts',(2.0593261939111,-0.112064750391148,-0.41227984091412));
#10106=CARTESIAN_POINT('Ctrl Pts',(2.08419702724445,-0.306815748234103,
-0.297316787514528));
#10107=CARTESIAN_POINT('Ctrl Pts',(2.1339386939111,-0.424447971863693,0.0487554579208498));
#10108=CARTESIAN_POINT('Ctrl Pts',(2.15880952724447,-0.340096837590994,
0.258587154655987));
#10109=CARTESIAN_POINT('Ctrl Pts',(2.20855119391108,-0.0156639561140958,
0.426951772414939));
#10110=CARTESIAN_POINT('Ctrl Pts',(2.23342202724445,0.204470744767025,0.375133163056377));
#10111=CARTESIAN_POINT('Ctrl Pts',(2.2831636939111,0.419734233111395,0.0797267147815792));
#10112=CARTESIAN_POINT('Ctrl Pts',(2.30803452724441,0.40162801568238,-0.14569870458835));
#10113=CARTESIAN_POINT('Ctrl Pts',(2.35777619391115,0.141974161898553,-0.402959691355762));
#10114=CARTESIAN_POINT('Ctrl Pts',(2.38264702724444,-0.0895490711313386,
-0.425577181438902));
#10115=CARTESIAN_POINT('Ctrl Pts',(2.43238869391111,-0.399258650304775,
-0.172416442588471));
#10116=CARTESIAN_POINT('Ctrl Pts',(2.45725952724448,-0.438253213421214,
0.110035419037498));
#10117=CARTESIAN_POINT('Ctrl Pts',(2.49456577724442,-0.187795232372922,
0.357247233803463));
#10118=CARTESIAN_POINT('Ctrl Pts',(2.5070011939111,-0.0590182180510333,
0.403230494501339));
#10119=CARTESIAN_POINT('Ctrl Pts',(2.53187202724445,0.197135669427043,0.356672744398023));
#10120=CARTESIAN_POINT('Ctrl Pts',(2.54430744391111,0.32162312280886,0.260266274739582));
#10121=CARTESIAN_POINT('Ctrl Pts',(2.57155952724444,0.421902551040133,-0.0492985763485991));
#10122=CARTESIAN_POINT('Ctrl Pts',(2.58637619391109,0.341890399312119,-0.261007344759273));
#10123=CARTESIAN_POINT('Ctrl Pts',(2.61600952724446,0.00288291550493772,
-0.430122689536676));
#10124=CARTESIAN_POINT('Ctrl Pts',(2.6308261939111,-0.239209892727021,-0.365978199825241));
#10125=CARTESIAN_POINT('Ctrl Pts',(2.66045952724445,-0.437165434933245,
-0.00691022723774689));
#10126=CARTESIAN_POINT('Ctrl Pts',(2.67527619391109,-0.359749457745497,
0.265388957635839));
#10127=CARTESIAN_POINT('Ctrl Pts',(2.69750119391112,-0.0495667501920962,
0.399193079127242));
#10128=CARTESIAN_POINT('Ctrl Pts',(2.70490952724444,0.0784707688336089,
0.395878791717525));
#10129=CARTESIAN_POINT('Ctrl Pts',(2.7197261939111,0.285313423602159,0.285436424757851));
#10130=CARTESIAN_POINT('Ctrl Pts',(2.72713452724447,0.358335035031749,0.182778508705131));
#10131=CARTESIAN_POINT('Ctrl Pts',(2.74935952724438,0.421455773218332,-0.149083851989253));
#10132=CARTESIAN_POINT('Ctrl Pts',(2.7641761939112,0.236878515343637,-0.370041476789806));
#10133=CARTESIAN_POINT('Ctrl Pts',(2.79380952724435,-0.181121305571832,
-0.400296433790534));
#10134=CARTESIAN_POINT('Ctrl Pts',(2.80862619391112,-0.372261583922251,
-0.221960327275845));
#10135=CARTESIAN_POINT('Ctrl Pts',(2.83825952724443,-0.398387462819634,
0.170682557731243));
#10136=CARTESIAN_POINT('Ctrl Pts',(2.85307619391108,-0.242196980054545,
0.353678764845184));
#10137=CARTESIAN_POINT('Ctrl Pts',(2.88270952724446,0.125647977412702,0.409830038540562));
#10138=CARTESIAN_POINT('Ctrl Pts',(2.89752619391111,0.31285954364527,0.287319410867721));
#10139=CARTESIAN_POINT('Ctrl Pts',(2.92702723557777,0.42141704512795,-0.0477995808099746));
#10140=CARTESIAN_POINT('Ctrl Pts',(2.94171161057777,0.346650543160663,-0.232789205606312));
#10141=CARTESIAN_POINT('Ctrl Pts',(2.97108036057778,0.0825698068091612,
-0.409316123826375));
#10142=CARTESIAN_POINT('Ctrl Pts',(2.9857647355778,-0.0948141359046343,
-0.401904827615917));
#10143=CARTESIAN_POINT('Ctrl Pts',(3.01513348557775,-0.337242543803501,
-0.238295444513057));
#10144=CARTESIAN_POINT('Ctrl Pts',(3.02981786057777,-0.399589326990018,
-0.0895552298659706));
#10145=CARTESIAN_POINT('Ctrl Pts',(3.05918661057778,-0.367331915669398,
0.180994665812964));
#10146=CARTESIAN_POINT('Ctrl Pts',(3.0738709855778,-0.276361441542233,0.298580244814887));
#10147=CARTESIAN_POINT('Ctrl Pts',(3.10323973557774,-0.0432401327604829,
0.404544350523532));
#10148=CARTESIAN_POINT('Ctrl Pts',(3.11792411057776,0.0948556101853841,
0.393465348331105));
#10149=CARTESIAN_POINT('Ctrl Pts',(3.1472928605778,0.30262621624619,0.268756337001166));
#10150=CARTESIAN_POINT('Ctrl Pts',(3.16197723557772,0.370816150759604,0.157857273073839));
#10151=CARTESIAN_POINT('Ctrl Pts',(3.20603036057789,0.409592988932928,-0.185824603806578));
#10152=CARTESIAN_POINT('Ctrl Pts',(3.23539911057777,0.202229758838108,-0.393458889637015));
#10153=CARTESIAN_POINT('Ctrl Pts',(3.29413661057778,-0.229130567244946,
-0.378425628555944));
#10154=CARTESIAN_POINT('Ctrl Pts',(3.32350536057783,-0.412603139014162,
-0.159578892293491));
#10155=CARTESIAN_POINT('Ctrl Pts',(3.38224286057773,-0.35213244623882,0.267786320577087));
#10156=CARTESIAN_POINT('Ctrl Pts',(3.41161161057782,-0.115145893134445,
0.427139551521029));
#10157=CARTESIAN_POINT('Ctrl Pts',(3.47034911057772,0.303451510926871,0.321906746896179));
#10158=CARTESIAN_POINT('Ctrl Pts',(3.49971786057767,0.436905788571192,0.0694269767285333));
#10159=CARTESIAN_POINT('Ctrl Pts',(3.55845536057788,0.288086082733268,-0.335727839368933));
#10160=CARTESIAN_POINT('Ctrl Pts',(3.58782411057783,0.0229327192162597,
-0.441792783535545));
#10161=CARTESIAN_POINT('Ctrl Pts',(3.64656161057773,-0.364254852849392,
-0.251048153482747));
#10162=CARTESIAN_POINT('Ctrl Pts',(3.67593036057783,-0.44174595979593,0.023817644515393));
#10163=CARTESIAN_POINT('Ctrl Pts',(3.73466786057773,-0.211206588400967,
0.38871396964317));
#10164=CARTESIAN_POINT('Ctrl Pts',(3.76403661057782,0.0703020194478192,
0.436765840285573));
#10165=CARTESIAN_POINT('Ctrl Pts',(3.82277411057772,0.408832037171239,0.169006326999643));
#10166=CARTESIAN_POINT('Ctrl Pts',(3.85214286057777,0.426908041609411,-0.116001281019021));
#10167=CARTESIAN_POINT('Ctrl Pts',(3.89619598557778,0.20041599794375,-0.347288607088119));
#10168=CARTESIAN_POINT('Ctrl Pts',(3.91088036057782,0.093407159222647,-0.392219876647393));
#10169=CARTESIAN_POINT('Ctrl Pts',(3.94024911057773,-0.137973354123406,
-0.378846409213275));
#10170=CARTESIAN_POINT('Ctrl Pts',(3.95493348557769,-0.262234023566982,
-0.315454386220816));
#10171=CARTESIAN_POINT('Ctrl Pts',(3.98430223557786,-0.402899787586871,
-0.0771349363106142));
#10172=CARTESIAN_POINT('Ctrl Pts',(3.99898661057773,-0.41408271878597,0.104909197581626));
#10173=CARTESIAN_POINT('Ctrl Pts',(4.02101317307779,-0.239791959961733,
0.316174959616012));
#10174=CARTESIAN_POINT('Ctrl Pts',(4.02835536057781,-0.149343339135368,
0.374261589141247));
#10175=CARTESIAN_POINT('Ctrl Pts',(4.04303973557774,0.0798782013288631,
0.394961367805332));
#10176=CARTESIAN_POINT('Ctrl Pts',(4.05038192307782,0.217964870376779,0.343345621388819));
#10177=CARTESIAN_POINT('Ctrl Pts',(4.06506629807773,0.379567169212153,0.146026245945663));
#10178=CARTESIAN_POINT('Ctrl Pts',(4.07240848557773,0.406645029206017,0.00589242507235776));
#10179=CARTESIAN_POINT('Ctrl Pts',(4.08709286057782,0.330186753813855,-0.237427058401968));
#10180=CARTESIAN_POINT('Ctrl Pts',(4.09443504807779,0.227821658760967,-0.336886022649705));
#10181=CARTESIAN_POINT('Ctrl Pts',(4.10911942307775,-0.0175983846992486,
-0.4063067773427));
#10182=CARTESIAN_POINT('Ctrl Pts',(4.11646161057776,-0.156894462428556,
-0.375205314617701));
#10183=CARTESIAN_POINT('Ctrl Pts',(4.13114598557778,-0.349479065953652,
-0.207988660545102));
#10184=CARTESIAN_POINT('Ctrl Pts',(4.13848817307782,-0.399817952392261,
-0.0744345712534167));
#10185=CARTESIAN_POINT('Ctrl Pts',(4.15317254807772,-0.365519687891144,
0.178298228292606));
#10186=CARTESIAN_POINT('Ctrl Pts',(4.1605147355777,-0.281407851587186,0.293606065181447));
#10187=CARTESIAN_POINT('Ctrl Pts',(4.17519911057784,-0.0512236140095998,
0.403448933338573));
#10188=CARTESIAN_POINT('Ctrl Pts',(4.18254129807773,0.0913232692624582,
0.396301603498582));
#10189=CARTESIAN_POINT('Ctrl Pts',(4.19722567307782,0.30936555969767,0.263984565684389));
#10190=CARTESIAN_POINT('Ctrl Pts',(4.20456786057785,0.38152141577723,0.140841434784445));
#10191=CARTESIAN_POINT('Ctrl Pts',(4.2192522355777,0.390367066375479,-0.114054609476057));
#10192=CARTESIAN_POINT('Ctrl Pts',(4.22659442307776,0.326921380286675,-0.24190351706244));
#10193=CARTESIAN_POINT('Ctrl Pts',(4.24127879807779,0.118576175994638,-0.389017468688588));
#10194=CARTESIAN_POINT('Ctrl Pts',(4.24862098557779,-0.0231323123779224,
-0.406029305078802));
#10195=CARTESIAN_POINT('Ctrl Pts',(4.26330536057775,-0.260377374780677,
-0.312407623401614));
#10196=CARTESIAN_POINT('Ctrl Pts',(4.27064754807779,-0.352280286716973,
-0.20320802160769));
#10197=CARTESIAN_POINT('Ctrl Pts',(4.29267411057774,-0.429884006404714,
0.171412720273321));
#10198=CARTESIAN_POINT('Ctrl Pts',(4.3059893039162,-0.19382081712654,0.43510078738991));
#10199=CARTESIAN_POINT('Ctrl Pts',(4.32204286057777,0.0790987932459507,
0.377989049607463));
#10200=CARTESIAN_POINT('Ctrl Pts',(1.02489433832729,-0.0377601636761004,
0.407576078250581));
#10201=CARTESIAN_POINT('Ctrl Pts',(1.03999424002371,0.239040460338113,0.433220459898296));
#10202=CARTESIAN_POINT('Ctrl Pts',(1.05289069106202,0.4565918241707,0.159620523542965));
#10203=CARTESIAN_POINT('Ctrl Pts',(1.07388795561308,0.370130938595829,-0.217140177777513));
#10204=CARTESIAN_POINT('Ctrl Pts',(1.08088704379677,0.278351244853549,-0.326599683100778));
#10205=CARTESIAN_POINT('Ctrl Pts',(1.09488522016413,0.0410755121207999,
-0.427152865867614));
#10206=CARTESIAN_POINT('Ctrl Pts',(1.10188430834782,-0.101406737901313,
-0.416969353817478));
#10207=CARTESIAN_POINT('Ctrl Pts',(1.12072968577299,-0.39834554061632,-0.237543464337107));
#10208=CARTESIAN_POINT('Ctrl Pts',(1.13257597501448,-0.462251791919121,
0.0378067195198348));
#10209=CARTESIAN_POINT('Ctrl Pts',(1.15626855349747,-0.226456215450238,
0.404751342988081));
#10210=CARTESIAN_POINT('Ctrl Pts',(1.16811484273896,0.052108463328698,0.45980988510971));
#10211=CARTESIAN_POINT('Ctrl Pts',(1.19180742122194,0.408877401669945,0.216702044103665));
#10212=CARTESIAN_POINT('Ctrl Pts',(1.20365371046343,0.450557531875712,-0.0348716252002758));
#10213=CARTESIAN_POINT('Ctrl Pts',(1.2273462889464,0.261962610158584,-0.368230601697889));
#10214=CARTESIAN_POINT('Ctrl Pts',(1.23919257818791,0.054018935391412,-0.441431367727068));
#10215=CARTESIAN_POINT('Ctrl Pts',(1.26288515667088,-0.280210817658967,
-0.345342799709306));
#10216=CARTESIAN_POINT('Ctrl Pts',(1.27473144591237,-0.397492299503165,
-0.187787587538069));
#10217=CARTESIAN_POINT('Ctrl Pts',(1.29842402439536,-0.419262849754606,
0.132223351881201));
#10218=CARTESIAN_POINT('Ctrl Pts',(1.31027031363685,-0.328719613904455,
0.286121914862831));
#10219=CARTESIAN_POINT('Ctrl Pts',(1.33396289211983,-0.0667603133655289,
0.430656980768215));
#10220=CARTESIAN_POINT('Ctrl Pts',(1.34580918136132,0.0976633141570164,
0.421676241141694));
#10221=CARTESIAN_POINT('Ctrl Pts',(1.3695017598443,0.33631879869316,0.272467752437472));
#10222=CARTESIAN_POINT('Ctrl Pts',(1.3813480490858,0.408150366083896,0.136819401292536));
#10223=CARTESIAN_POINT('Ctrl Pts',(1.40562975499395,0.410519327074013,-0.136348002977216));
#10224=CARTESIAN_POINT('Ctrl Pts',(1.41806517166062,0.335772234774129,-0.26876422413101));
#10225=CARTESIAN_POINT('Ctrl Pts',(1.44293600499395,0.115433619938895,-0.414309443065734));
#10226=CARTESIAN_POINT('Ctrl Pts',(1.45537142166061,-0.0263810411903615,
-0.42727413567603));
#10227=CARTESIAN_POINT('Ctrl Pts',(1.49267767166063,-0.378503752079147,
-0.295193693551888));
#10228=CARTESIAN_POINT('Ctrl Pts',(1.51754850499396,-0.468849053281868,
0.0153294107588675));
#10229=CARTESIAN_POINT('Ctrl Pts',(1.56729017166061,-0.232023334835778,
0.407700438873997));
#10230=CARTESIAN_POINT('Ctrl Pts',(1.59216100499396,0.0502741545445731,
0.458370381424534));
#10231=CARTESIAN_POINT('Ctrl Pts',(1.64190267166061,0.403675954761594,0.222882623234751));
#10232=CARTESIAN_POINT('Ctrl Pts',(1.66677350499394,0.453916007641161,-0.0317271650400573));
#10233=CARTESIAN_POINT('Ctrl Pts',(1.71651517166063,0.255778471069275,-0.376329332301831));
#10234=CARTESIAN_POINT('Ctrl Pts',(1.74138600499393,0.0287302104809613,
-0.451932668956223));
#10235=CARTESIAN_POINT('Ctrl Pts',(1.79112767166064,-0.33126754370105,-0.30875617686454));
#10236=CARTESIAN_POINT('Ctrl Pts',(1.81599850499395,-0.442464724951668,
-0.0964029534295157));
#10237=CARTESIAN_POINT('Ctrl Pts',(1.86574017166062,-0.355085121468758,
0.281039354470631));
#10238=CARTESIAN_POINT('Ctrl Pts',(1.89061100499396,-0.161880680588757,
0.42292222393558));
#10239=CARTESIAN_POINT('Ctrl Pts',(1.94035267166061,0.224412130851379,0.393329070593149));
#10240=CARTESIAN_POINT('Ctrl Pts',(1.96522350499394,0.393750132561778,0.223672518111259));
#10241=CARTESIAN_POINT('Ctrl Pts',(2.01496517166062,0.42261724106387,-0.162675228025276));
#10242=CARTESIAN_POINT('Ctrl Pts',(2.03983600499396,0.280371516810887,-0.355612675283216));
#10243=CARTESIAN_POINT('Ctrl Pts',(2.08957767166061,-0.0972343443493012,
-0.442282765367944));
#10244=CARTESIAN_POINT('Ctrl Pts',(2.11444850499395,-0.309378210543306,
-0.330686687215631));
#10245=CARTESIAN_POINT('Ctrl Pts',(2.16419017166061,-0.451877875711592,
0.0295795148138465));
#10246=CARTESIAN_POINT('Ctrl Pts',(2.18906100499398,-0.373472394357838,
0.256099459005224));
#10247=CARTESIAN_POINT('Ctrl Pts',(2.23880267166059,-0.0387488158706436,
0.45118409935991));
#10248=CARTESIAN_POINT('Ctrl Pts',(2.26367350499395,0.196989533935362,0.407754442976699));
#10249=CARTESIAN_POINT('Ctrl Pts',(2.31341517166061,0.440217233046404,0.106194867962515));
#10250=CARTESIAN_POINT('Ctrl Pts',(2.33828600499391,0.432752259105859,-0.133394319578742));
#10251=CARTESIAN_POINT('Ctrl Pts',(2.38802767166066,0.171222950476702,-0.419226983258839));
#10252=CARTESIAN_POINT('Ctrl Pts',(2.41289850499395,-0.0727075098041648,
-0.45519120213933));
#10253=CARTESIAN_POINT('Ctrl Pts',(2.46264017166062,-0.413728366940801,
-0.203258868830259));
#10254=CARTESIAN_POINT('Ctrl Pts',(2.48751100499399,-0.469674413435403,
0.0937375140487214));
#10255=CARTESIAN_POINT('Ctrl Pts',(2.52481725499393,-0.217358698115873,
0.368454087379607));
#10256=CARTESIAN_POINT('Ctrl Pts',(2.53725267166061,-0.0834147615491292,
0.423820483452901));
#10257=CARTESIAN_POINT('Ctrl Pts',(2.56212350499396,0.190182580273691,0.387830297965262));
#10258=CARTESIAN_POINT('Ctrl Pts',(2.57455892166062,0.326977751058382,0.292231495091237));
#10259=CARTESIAN_POINT('Ctrl Pts',(2.60181100499395,0.449211334165962,-0.0302866435126805));
#10260=CARTESIAN_POINT('Ctrl Pts',(2.6166276716606,0.37549681740705,-0.258568504552332));
#10261=CARTESIAN_POINT('Ctrl Pts',(2.64626100499397,0.0253826467088378,
-0.455204578013965));
#10262=CARTESIAN_POINT('Ctrl Pts',(2.66107767166061,-0.234241822681741,
-0.399865984779694));
#10263=CARTESIAN_POINT('Ctrl Pts',(2.69071100499395,-0.462451374738213,
-0.0300118429867963));
#10264=CARTESIAN_POINT('Ctrl Pts',(2.7055276716606,-0.394630991145124,0.262279962504103));
#10265=CARTESIAN_POINT('Ctrl Pts',(2.72775267166063,-0.0731992483128077,
0.420036918453479));
#10266=CARTESIAN_POINT('Ctrl Pts',(2.73516100499395,0.0625211866571182,
0.423175515406711));
#10267=CARTESIAN_POINT('Ctrl Pts',(2.74997767166061,0.287231322405937,0.316993073833903));
#10268=CARTESIAN_POINT('Ctrl Pts',(2.75738600499398,0.369866152947246,0.212104162080897));
#10269=CARTESIAN_POINT('Ctrl Pts',(2.77961100499389,0.453918885064023,-0.135948649425703));
#10270=CARTESIAN_POINT('Ctrl Pts',(2.79442767166071,0.269985507564806,-0.379450607926368));
#10271=CARTESIAN_POINT('Ctrl Pts',(2.82406100499386,-0.17096398827461,-0.433181594774928));
#10272=CARTESIAN_POINT('Ctrl Pts',(2.83887767166063,-0.382575454800044,
-0.254307460015311));
#10273=CARTESIAN_POINT('Ctrl Pts',(2.86851100499393,-0.430618694150597,
0.16001199757392));
#10274=CARTESIAN_POINT('Ctrl Pts',(2.88332767166059,-0.274766459904305,
0.361851919926926));
#10275=CARTESIAN_POINT('Ctrl Pts',(2.91296100499397,0.111741567284207,0.440394452753304));
#10276=CARTESIAN_POINT('Ctrl Pts',(2.92777767166062,0.316295575223197,0.320416626186648));
#10277=CARTESIAN_POINT('Ctrl Pts',(2.95727871332728,0.448619524712919,-0.028724920870397));
#10278=CARTESIAN_POINT('Ctrl Pts',(2.97196308832728,0.379071200601679,-0.228447920715433));
#10279=CARTESIAN_POINT('Ctrl Pts',(3.00133183832729,0.108663864063597,-0.429040379438988));
#10280=CARTESIAN_POINT('Ctrl Pts',(3.01601621332731,-0.0795104242409777,
-0.430403542616996));
#10281=CARTESIAN_POINT('Ctrl Pts',(3.04538496332726,-0.344654084069124,
-0.269782738336869));
#10282=CARTESIAN_POINT('Ctrl Pts',(3.06006933832728,-0.418380334792017,
-0.115554076524313));
#10283=CARTESIAN_POINT('Ctrl Pts',(3.08943808832729,-0.398276760105087,
0.172541333638805));
#10284=CARTESIAN_POINT('Ctrl Pts',(3.10412246332731,-0.308074511796511,
0.30174753728164));
#10285=CARTESIAN_POINT('Ctrl Pts',(3.13349121332725,-0.0667793243756109,
0.426030560494171));
#10286=CARTESIAN_POINT('Ctrl Pts',(3.14817558832726,0.0799924826453941,
0.421471145637833));
#10287=CARTESIAN_POINT('Ctrl Pts',(3.1775443383273,0.30642568377547,0.300233335957587));
#10288=CARTESIAN_POINT('Ctrl Pts',(3.19222871332723,0.3843732593505,0.186368994350053));
#10289=CARTESIAN_POINT('Ctrl Pts',(3.2362818383274,0.443267678453199,-0.175460540274951));
#10290=CARTESIAN_POINT('Ctrl Pts',(3.26565058832728,0.23451996795202,-0.40604057121541));
#10291=CARTESIAN_POINT('Ctrl Pts',(3.32438808832728,-0.222924999460966,
-0.412520309144533));
#10292=CARTESIAN_POINT('Ctrl Pts',(3.35375683832733,-0.428522146023882,
-0.190361054852088));
#10293=CARTESIAN_POINT('Ctrl Pts',(3.41249433832723,-0.386691619300898,
0.265213409147532));
#10294=CARTESIAN_POINT('Ctrl Pts',(3.44186308832733,-0.144076242524807,
0.446218104928187));
#10295=CARTESIAN_POINT('Ctrl Pts',(3.50060058832723,0.30453998940954,0.356544465218128));
#10296=CARTESIAN_POINT('Ctrl Pts',(3.52996933832718,0.458930824408297,0.0961824268710344));
#10297=CARTESIAN_POINT('Ctrl Pts',(3.58870683832739,0.322415521929864,-0.340465551939378));
#10298=CARTESIAN_POINT('Ctrl Pts',(3.61807558832733,0.0472144727003443,
-0.466518332340306));
#10299=CARTESIAN_POINT('Ctrl Pts',(3.67681308832723,-0.372588890054225,
-0.28468593194428));
#10300=CARTESIAN_POINT('Ctrl Pts',(3.70618183832733,-0.468895893530021,
0.00228075954585963));
#10301=CARTESIAN_POINT('Ctrl Pts',(3.76491933832723,-0.243777048791871,
0.400551259277268));
#10302=CARTESIAN_POINT('Ctrl Pts',(3.79428808832733,0.0517505209221132,
0.466036956055339));
#10303=CARTESIAN_POINT('Ctrl Pts',(3.85302558832723,0.424040383682896,0.200145731495198));
#10304=CARTESIAN_POINT('Ctrl Pts',(3.88239433832728,0.457973447751371,-0.100642346902575));
#10305=CARTESIAN_POINT('Ctrl Pts',(3.92644746332729,0.230202793785921,-0.35725604416935));
#10306=CARTESIAN_POINT('Ctrl Pts',(3.94113183832733,0.119249366446917,-0.410378602795644));
#10307=CARTESIAN_POINT('Ctrl Pts',(3.97050058832724,-0.126398539206978,
-0.408233177890911));
#10308=CARTESIAN_POINT('Ctrl Pts',(3.98518496332719,-0.261239616500604,
-0.347573718460954));
#10309=CARTESIAN_POINT('Ctrl Pts',(4.01455371332737,-0.422529813874227,
-0.102577060969746));
#10310=CARTESIAN_POINT('Ctrl Pts',(4.02923808832724,-0.443819908648903,
0.0895654376972792));
#10311=CARTESIAN_POINT('Ctrl Pts',(4.0512646508273,-0.270273278712808,0.322272953427856));
#10312=CARTESIAN_POINT('Ctrl Pts',(4.05860683832732,-0.177534498205789,
0.388462828301775));
#10313=CARTESIAN_POINT('Ctrl Pts',(4.07329121332725,0.064058810746696,0.422277343669334));
#10314=CARTESIAN_POINT('Ctrl Pts',(4.08063340082733,0.212925551694819,0.374802774986686));
#10315=CARTESIAN_POINT('Ctrl Pts',(4.09531777582723,0.394251853681311,0.174298268994952));
#10316=CARTESIAN_POINT('Ctrl Pts',(4.10265996332724,0.430193443115797,0.0273498118562162));
#10317=CARTESIAN_POINT('Ctrl Pts',(4.11734433832732,0.361882406519145,-0.234212584130248));
#10318=CARTESIAN_POINT('Ctrl Pts',(4.1246865258273,0.258676037137713,-0.344820414891261));
#10319=CARTESIAN_POINT('Ctrl Pts',(4.13937090082726,0.00246343944093179,
-0.431054917826916));
#10320=CARTESIAN_POINT('Ctrl Pts',(4.14671308832727,-0.146618618675248,
-0.405360816278521));
#10321=CARTESIAN_POINT('Ctrl Pts',(4.16139746332729,-0.359181849425828,
-0.238333400421239));
#10322=CARTESIAN_POINT('Ctrl Pts',(4.16873965082733,-0.419407388640751,
-0.0995582897824213));
#10323=CARTESIAN_POINT('Ctrl Pts',(4.18342402582723,-0.396218234126472,
0.169780804721153));
#10324=CARTESIAN_POINT('Ctrl Pts',(4.1907662133272,-0.313158707121729,0.296219572036755));
#10325=CARTESIAN_POINT('Ctrl Pts',(4.20545058832735,-0.0751742564812906,
0.424456407495441));
#10326=CARTESIAN_POINT('Ctrl Pts',(4.21279277582724,0.0761056805399636,
0.424290391231015));
#10327=CARTESIAN_POINT('Ctrl Pts',(4.22747715082732,0.313808101282155,0.295531531775097));
#10328=CARTESIAN_POINT('Ctrl Pts',(4.23481933832736,0.396589917978469,0.168910768347419));
#10329=CARTESIAN_POINT('Ctrl Pts',(4.2495037133272,0.419187865989786,-0.100478573425352));
#10330=CARTESIAN_POINT('Ctrl Pts',(4.25684590082727,0.358657885541143,-0.239121165630341));
#10331=CARTESIAN_POINT('Ctrl Pts',(4.2715302758273,0.145728571773885,-0.405681641296495));
#10332=CARTESIAN_POINT('Ctrl Pts',(4.2788724633273,-0.00340952117028861,
-0.431048472775567));
#10333=CARTESIAN_POINT('Ctrl Pts',(4.29355683832726,-0.259432232595983,
-0.344251837185431));
#10334=CARTESIAN_POINT('Ctrl Pts',(4.3008990258273,-0.362395589187974,-0.233417753502859));
#10335=CARTESIAN_POINT('Ctrl Pts',(4.32292558832725,-0.464000773978675,
0.159149791045324));
#10336=CARTESIAN_POINT('Ctrl Pts',(4.33624028437868,-0.227788704851989,
0.450563237013695));
#10337=CARTESIAN_POINT('Ctrl Pts',(4.35229433832728,0.0641148308805181,
0.404268942641117));
#10338=CARTESIAN_POINT('Ctrl Pts',(1.09139138282827,-0.0377601636761,0.407576078250581));
#10339=CARTESIAN_POINT('Ctrl Pts',(1.10649128452469,0.239040460338113,0.433220459898296));
#10340=CARTESIAN_POINT('Ctrl Pts',(1.11938773556301,0.4565918241707,0.159620523542964));
#10341=CARTESIAN_POINT('Ctrl Pts',(1.14038500011406,0.370130938595829,-0.217140177777514));
#10342=CARTESIAN_POINT('Ctrl Pts',(1.14738408829775,0.278351244853549,-0.326599683100778));
#10343=CARTESIAN_POINT('Ctrl Pts',(1.16138226466511,0.0410755121207999,
-0.427152865867614));
#10344=CARTESIAN_POINT('Ctrl Pts',(1.1683813528488,-0.101406737901313,-0.416969353817478));
#10345=CARTESIAN_POINT('Ctrl Pts',(1.18722673027397,-0.398345540616319,
-0.237543464337107));
#10346=CARTESIAN_POINT('Ctrl Pts',(1.19907301951547,-0.462251791919121,
0.0378067195198348));
#10347=CARTESIAN_POINT('Ctrl Pts',(1.22276559799845,-0.226456215450238,
0.404751342988081));
#10348=CARTESIAN_POINT('Ctrl Pts',(1.23461188723994,0.052108463328698,0.45980988510971));
#10349=CARTESIAN_POINT('Ctrl Pts',(1.25830446572292,0.408877401669945,0.216702044103665));
#10350=CARTESIAN_POINT('Ctrl Pts',(1.27015075496442,0.450557531875711,-0.0348716252002757));
#10351=CARTESIAN_POINT('Ctrl Pts',(1.29384333344739,0.261962610158584,-0.368230601697888));
#10352=CARTESIAN_POINT('Ctrl Pts',(1.30568962268889,0.054018935391412,-0.441431367727068));
#10353=CARTESIAN_POINT('Ctrl Pts',(1.32938220117186,-0.280210817658967,
-0.345342799709306));
#10354=CARTESIAN_POINT('Ctrl Pts',(1.34122849041335,-0.397492299503165,
-0.187787587538068));
#10355=CARTESIAN_POINT('Ctrl Pts',(1.36492106889635,-0.419262849754606,
0.132223351881201));
#10356=CARTESIAN_POINT('Ctrl Pts',(1.37676735813783,-0.328719613904455,
0.286121914862831));
#10357=CARTESIAN_POINT('Ctrl Pts',(1.40045993662081,-0.0667603133655294,
0.430656980768215));
#10358=CARTESIAN_POINT('Ctrl Pts',(1.4123062258623,0.0976633141570164,0.421676241141694));
#10359=CARTESIAN_POINT('Ctrl Pts',(1.43599880434529,0.336318798693159,0.272467752437472));
#10360=CARTESIAN_POINT('Ctrl Pts',(1.44784509358678,0.408150366083896,0.136819401292536));
#10361=CARTESIAN_POINT('Ctrl Pts',(1.47212679949494,0.410519327074013,-0.136348002977217));
#10362=CARTESIAN_POINT('Ctrl Pts',(1.4845622161616,0.33577223477413,-0.26876422413101));
#10363=CARTESIAN_POINT('Ctrl Pts',(1.50943304949493,0.115433619938896,-0.414309443065734));
#10364=CARTESIAN_POINT('Ctrl Pts',(1.5218684661616,-0.0263810411903614,
-0.42727413567603));
#10365=CARTESIAN_POINT('Ctrl Pts',(1.55917471616161,-0.378503752079147,
-0.295193693551888));
#10366=CARTESIAN_POINT('Ctrl Pts',(1.58404554949494,-0.468849053281868,
0.0153294107588677));
#10367=CARTESIAN_POINT('Ctrl Pts',(1.6337872161616,-0.232023334835778,0.407700438873997));
#10368=CARTESIAN_POINT('Ctrl Pts',(1.65865804949493,0.0502741545445731,
0.458370381424534));
#10369=CARTESIAN_POINT('Ctrl Pts',(1.70839971616161,0.403675954761594,0.222882623234751));
#10370=CARTESIAN_POINT('Ctrl Pts',(1.73327054949491,0.453916007641161,-0.0317271650400572));
#10371=CARTESIAN_POINT('Ctrl Pts',(1.78301221616163,0.255778471069275,-0.376329332301831));
#10372=CARTESIAN_POINT('Ctrl Pts',(1.80788304949492,0.0287302104809616,
-0.451932668956223));
#10373=CARTESIAN_POINT('Ctrl Pts',(1.85762471616162,-0.33126754370105,-0.308756176864541));
#10374=CARTESIAN_POINT('Ctrl Pts',(1.88249554949494,-0.442464724951668,
-0.0964029534295157));
#10375=CARTESIAN_POINT('Ctrl Pts',(1.9322372161616,-0.355085121468758,0.281039354470631));
#10376=CARTESIAN_POINT('Ctrl Pts',(1.95710804949494,-0.161880680588757,
0.42292222393558));
#10377=CARTESIAN_POINT('Ctrl Pts',(2.0068497161616,0.224412130851378,0.393329070593148));
#10378=CARTESIAN_POINT('Ctrl Pts',(2.03172054949493,0.393750132561778,0.223672518111259));
#10379=CARTESIAN_POINT('Ctrl Pts',(2.08146221616161,0.422617241063871,-0.162675228025276));
#10380=CARTESIAN_POINT('Ctrl Pts',(2.10633304949494,0.280371516810887,-0.355612675283216));
#10381=CARTESIAN_POINT('Ctrl Pts',(2.1560747161616,-0.097234344349301,-0.442282765367944));
#10382=CARTESIAN_POINT('Ctrl Pts',(2.18094554949494,-0.309378210543307,
-0.330686687215631));
#10383=CARTESIAN_POINT('Ctrl Pts',(2.2306872161616,-0.451877875711592,0.0295795148138465));
#10384=CARTESIAN_POINT('Ctrl Pts',(2.25555804949496,-0.373472394357838,
0.256099459005224));
#10385=CARTESIAN_POINT('Ctrl Pts',(2.30529971616157,-0.0387488158706436,
0.45118409935991));
#10386=CARTESIAN_POINT('Ctrl Pts',(2.33017054949494,0.196989533935362,0.407754442976699));
#10387=CARTESIAN_POINT('Ctrl Pts',(2.3799122161616,0.440217233046404,0.106194867962515));
#10388=CARTESIAN_POINT('Ctrl Pts',(2.4047830494949,0.432752259105859,-0.133394319578742));
#10389=CARTESIAN_POINT('Ctrl Pts',(2.45452471616164,0.171222950476702,-0.419226983258839));
#10390=CARTESIAN_POINT('Ctrl Pts',(2.47939554949493,-0.072707509804165,
-0.45519120213933));
#10391=CARTESIAN_POINT('Ctrl Pts',(2.52913721616161,-0.413728366940802,
-0.203258868830259));
#10392=CARTESIAN_POINT('Ctrl Pts',(2.55400804949497,-0.469674413435403,
0.0937375140487214));
#10393=CARTESIAN_POINT('Ctrl Pts',(2.59131429949492,-0.217358698115873,
0.368454087379607));
#10394=CARTESIAN_POINT('Ctrl Pts',(2.60374971616159,-0.0834147615491292,
0.423820483452901));
#10395=CARTESIAN_POINT('Ctrl Pts',(2.62862054949495,0.190182580273691,0.387830297965262));
#10396=CARTESIAN_POINT('Ctrl Pts',(2.6410559661616,0.326977751058382,0.292231495091237));
#10397=CARTESIAN_POINT('Ctrl Pts',(2.66830804949493,0.449211334165962,-0.0302866435126807));
#10398=CARTESIAN_POINT('Ctrl Pts',(2.68312471616158,0.37549681740705,-0.258568504552332));
#10399=CARTESIAN_POINT('Ctrl Pts',(2.71275804949495,0.0253826467088379,
-0.455204578013965));
#10400=CARTESIAN_POINT('Ctrl Pts',(2.7275747161616,-0.23424182268174,-0.399865984779694));
#10401=CARTESIAN_POINT('Ctrl Pts',(2.75720804949494,-0.462451374738213,
-0.0300118429867962));
#10402=CARTESIAN_POINT('Ctrl Pts',(2.77202471616158,-0.394630991145124,
0.262279962504103));
#10403=CARTESIAN_POINT('Ctrl Pts',(2.79424971616161,-0.0731992483128076,
0.420036918453479));
#10404=CARTESIAN_POINT('Ctrl Pts',(2.80165804949494,0.0625211866571184,
0.42317551540671));
#10405=CARTESIAN_POINT('Ctrl Pts',(2.8164747161616,0.287231322405936,0.316993073833902));
#10406=CARTESIAN_POINT('Ctrl Pts',(2.82388304949496,0.369866152947246,0.212104162080896));
#10407=CARTESIAN_POINT('Ctrl Pts',(2.84610804949487,0.453918885064022,-0.135948649425703));
#10408=CARTESIAN_POINT('Ctrl Pts',(2.86092471616169,0.269985507564806,-0.379450607926368));
#10409=CARTESIAN_POINT('Ctrl Pts',(2.89055804949484,-0.17096398827461,-0.433181594774928));
#10410=CARTESIAN_POINT('Ctrl Pts',(2.90537471616161,-0.382575454800044,
-0.254307460015311));
#10411=CARTESIAN_POINT('Ctrl Pts',(2.93500804949492,-0.430618694150596,
0.16001199757392));
#10412=CARTESIAN_POINT('Ctrl Pts',(2.94982471616157,-0.274766459904305,
0.361851919926926));
#10413=CARTESIAN_POINT('Ctrl Pts',(2.97945804949496,0.111741567284206,0.440394452753304));
#10414=CARTESIAN_POINT('Ctrl Pts',(2.9942747161616,0.316295575223197,0.320416626186647));
#10415=CARTESIAN_POINT('Ctrl Pts',(3.02377575782826,0.448619524712919,-0.028724920870397));
#10416=CARTESIAN_POINT('Ctrl Pts',(3.03846013282827,0.379071200601679,-0.228447920715433));
#10417=CARTESIAN_POINT('Ctrl Pts',(3.06782888282827,0.108663864063597,-0.429040379438988));
#10418=CARTESIAN_POINT('Ctrl Pts',(3.08251325782831,-0.0795104242409772,
-0.430403542616996));
#10419=CARTESIAN_POINT('Ctrl Pts',(3.11188200782822,-0.344654084069124,
-0.269782738336869));
#10420=CARTESIAN_POINT('Ctrl Pts',(3.12656638282826,-0.418380334792018,
-0.115554076524314));
#10421=CARTESIAN_POINT('Ctrl Pts',(3.15593513282827,-0.398276760105087,
0.172541333638805));
#10422=CARTESIAN_POINT('Ctrl Pts',(3.1706195078283,-0.308074511796511,0.30174753728164));
#10423=CARTESIAN_POINT('Ctrl Pts',(3.19998825782824,-0.0667793243756109,
0.426030560494171));
#10424=CARTESIAN_POINT('Ctrl Pts',(3.21467263282825,0.0799924826453941,
0.421471145637833));
#10425=CARTESIAN_POINT('Ctrl Pts',(3.24404138282829,0.306425683775471,0.300233335957587));
#10426=CARTESIAN_POINT('Ctrl Pts',(3.25872575782821,0.3843732593505,0.186368994350053));
#10427=CARTESIAN_POINT('Ctrl Pts',(3.30277888282838,0.443267678453199,-0.175460540274951));
#10428=CARTESIAN_POINT('Ctrl Pts',(3.33214763282826,0.23451996795202,-0.40604057121541));
#10429=CARTESIAN_POINT('Ctrl Pts',(3.39088513282827,-0.222924999460966,
-0.412520309144533));
#10430=CARTESIAN_POINT('Ctrl Pts',(3.42025388282832,-0.428522146023882,
-0.190361054852088));
#10431=CARTESIAN_POINT('Ctrl Pts',(3.47899138282822,-0.386691619300898,
0.265213409147532));
#10432=CARTESIAN_POINT('Ctrl Pts',(3.50836013282832,-0.144076242524807,
0.446218104928187));
#10433=CARTESIAN_POINT('Ctrl Pts',(3.56709763282822,0.30453998940954,0.356544465218128));
#10434=CARTESIAN_POINT('Ctrl Pts',(3.59646638282816,0.458930824408297,0.0961824268710345));
#10435=CARTESIAN_POINT('Ctrl Pts',(3.65520388282837,0.322415521929864,-0.340465551939378));
#10436=CARTESIAN_POINT('Ctrl Pts',(3.68457263282832,0.0472144727003443,
-0.466518332340306));
#10437=CARTESIAN_POINT('Ctrl Pts',(3.74331013282822,-0.372588890054225,
-0.284685931944279));
#10438=CARTESIAN_POINT('Ctrl Pts',(3.77267888282832,-0.468895893530021,
0.00228075954585963));
#10439=CARTESIAN_POINT('Ctrl Pts',(3.83141638282822,-0.243777048791871,
0.400551259277268));
#10440=CARTESIAN_POINT('Ctrl Pts',(3.86078513282832,0.0517505209221132,
0.466036956055339));
#10441=CARTESIAN_POINT('Ctrl Pts',(3.91952263282822,0.424040383682896,0.200145731495199));
#10442=CARTESIAN_POINT('Ctrl Pts',(3.94889138282827,0.457973447751371,-0.100642346902575));
#10443=CARTESIAN_POINT('Ctrl Pts',(3.99294450782827,0.230202793785921,-0.35725604416935));
#10444=CARTESIAN_POINT('Ctrl Pts',(4.00762888282831,0.119249366446917,-0.410378602795643));
#10445=CARTESIAN_POINT('Ctrl Pts',(4.03699763282822,-0.126398539206978,
-0.408233177890911));
#10446=CARTESIAN_POINT('Ctrl Pts',(4.05168200782818,-0.261239616500605,
-0.347573718460954));
#10447=CARTESIAN_POINT('Ctrl Pts',(4.08105075782835,-0.422529813874227,
-0.102577060969746));
#10448=CARTESIAN_POINT('Ctrl Pts',(4.09573513282822,-0.443819908648903,
0.0895654376972793));
#10449=CARTESIAN_POINT('Ctrl Pts',(4.11776169532828,-0.270273278712808,
0.322272953427857));
#10450=CARTESIAN_POINT('Ctrl Pts',(4.1251038828283,-0.177534498205789,0.388462828301775));
#10451=CARTESIAN_POINT('Ctrl Pts',(4.13978825782823,0.0640588107466957,
0.422277343669334));
#10452=CARTESIAN_POINT('Ctrl Pts',(4.14713044532831,0.212925551694819,0.374802774986686));
#10453=CARTESIAN_POINT('Ctrl Pts',(4.16181482032822,0.394251853681311,0.174298268994952));
#10454=CARTESIAN_POINT('Ctrl Pts',(4.16915700782822,0.430193443115797,0.0273498118562162));
#10455=CARTESIAN_POINT('Ctrl Pts',(4.18384138282831,0.361882406519144,-0.234212584130248));
#10456=CARTESIAN_POINT('Ctrl Pts',(4.19118357032828,0.258676037137713,-0.344820414891261));
#10457=CARTESIAN_POINT('Ctrl Pts',(4.20586794532825,0.00246343944093179,
-0.431054917826916));
#10458=CARTESIAN_POINT('Ctrl Pts',(4.21321013282825,-0.146618618675248,
-0.405360816278521));
#10459=CARTESIAN_POINT('Ctrl Pts',(4.22789450782828,-0.359181849425829,
-0.238333400421239));
#10460=CARTESIAN_POINT('Ctrl Pts',(4.23523669532831,-0.419407388640751,
-0.0995582897824216));
#10461=CARTESIAN_POINT('Ctrl Pts',(4.24992107032821,-0.396218234126472,
0.169780804721153));
#10462=CARTESIAN_POINT('Ctrl Pts',(4.25726325782819,-0.313158707121729,
0.296219572036755));
#10463=CARTESIAN_POINT('Ctrl Pts',(4.27194763282834,-0.0751742564812907,
0.424456407495441));
#10464=CARTESIAN_POINT('Ctrl Pts',(4.27928982032822,0.0761056805399642,
0.424290391231015));
#10465=CARTESIAN_POINT('Ctrl Pts',(4.29397419532831,0.313808101282156,0.295531531775097));
#10466=CARTESIAN_POINT('Ctrl Pts',(4.30131638282834,0.396589917978469,0.168910768347419));
#10467=CARTESIAN_POINT('Ctrl Pts',(4.31600075782819,0.419187865989786,-0.100478573425353));
#10468=CARTESIAN_POINT('Ctrl Pts',(4.32334294532825,0.358657885541143,-0.239121165630341));
#10469=CARTESIAN_POINT('Ctrl Pts',(4.33802732032828,0.145728571773885,-0.405681641296495));
#10470=CARTESIAN_POINT('Ctrl Pts',(4.34536950782828,-0.00340952117028861,
-0.431048472775567));
#10471=CARTESIAN_POINT('Ctrl Pts',(4.36005388282825,-0.259432232595983,
-0.344251837185431));
#10472=CARTESIAN_POINT('Ctrl Pts',(4.36739607032828,-0.362395589187974,
-0.233417753502859));
#10473=CARTESIAN_POINT('Ctrl Pts',(4.38942263282823,-0.464000773978675,
0.159149791045324));
#10474=CARTESIAN_POINT('Ctrl Pts',(4.40273732887966,-0.227788704851989,
0.450563237013695));
#10475=CARTESIAN_POINT('Ctrl Pts',(4.41879138282826,0.0641148308805181,
0.404268942641117));
#10476=CARTESIAN_POINT('Ctrl Pts',(1.12164286057778,-0.0167475231779016,
0.385813246511066));
#10477=CARTESIAN_POINT('Ctrl Pts',(1.13674236227264,0.245266181935649,0.397186832856731));
#10478=CARTESIAN_POINT('Ctrl Pts',(1.14963921331252,0.437633271342588,0.129314239506741));
#10479=CARTESIAN_POINT('Ctrl Pts',(1.17063647786357,0.338748478140942,-0.221720516157409));
#10480=CARTESIAN_POINT('Ctrl Pts',(1.17763556604726,0.247204067643995,-0.320625432038627));
#10481=CARTESIAN_POINT('Ctrl Pts',(1.19163374241462,0.0189669772712844,
-0.404414110169807));
#10482=CARTESIAN_POINT('Ctrl Pts',(1.19863283059831,-0.114826719142451,
-0.388233619489567));
#10483=CARTESIAN_POINT('Ctrl Pts',(1.21747820802348,-0.386347406396672,
-0.205434468568824));
#10484=CARTESIAN_POINT('Ctrl Pts',(1.22932449726497,-0.433843358747209,
0.0569875369872155));
#10485=CARTESIAN_POINT('Ctrl Pts',(1.25301707574796,-0.19469067717268,0.391871381344639));
#10486=CARTESIAN_POINT('Ctrl Pts',(1.26486336498945,0.0703515538375153,
0.430881387385398));
#10487=CARTESIAN_POINT('Ctrl Pts',(1.28855594347243,0.395308705169904,0.185308425943613));
#10488=CARTESIAN_POINT('Ctrl Pts',(1.30040223271393,0.422959224655914,-0.0536813197350497));
#10489=CARTESIAN_POINT('Ctrl Pts',(1.32409481119689,0.229836849577014,-0.359097856546758));
#10490=CARTESIAN_POINT('Ctrl Pts',(1.3359411004384,0.0305040294448536,-0.418467206415016));
#10491=CARTESIAN_POINT('Ctrl Pts',(1.35963367892137,-0.280007927295344,
-0.312475450621075));
#10492=CARTESIAN_POINT('Ctrl Pts',(1.37147996816286,-0.383244078727044,
-0.15858779405987));
#10493=CARTESIAN_POINT('Ctrl Pts',(1.39517254664586,-0.38897074808928,0.143971907587406));
#10494=CARTESIAN_POINT('Ctrl Pts',(1.40701883588734,-0.296537879988334,
0.284809905676727));
#10495=CARTESIAN_POINT('Ctrl Pts',(1.43071141437032,-0.0430084239368221,
0.408903053952613));
#10496=CARTESIAN_POINT('Ctrl Pts',(1.44255770361181,0.111516717895943,0.392842017018936));
#10497=CARTESIAN_POINT('Ctrl Pts',(1.4662502820948,0.329512091990527,0.24121078182261));
#10498=CARTESIAN_POINT('Ctrl Pts',(1.47809657133629,0.390932097610755,0.11006677652673));
#10499=CARTESIAN_POINT('Ctrl Pts',(1.50237827724444,0.380540919331063,-0.147454608710711));
#10500=CARTESIAN_POINT('Ctrl Pts',(1.51481369391111,0.303985853200045,-0.268779268440129));
#10501=CARTESIAN_POINT('Ctrl Pts',(1.53968452724444,0.0896298433081788,
-0.395747665835103));
#10502=CARTESIAN_POINT('Ctrl Pts',(1.5521199439111,-0.0446044844993117,
-0.401411109801768));
#10503=CARTESIAN_POINT('Ctrl Pts',(1.58942619391112,-0.370314143571173,
-0.260676523027128));
#10504=CARTESIAN_POINT('Ctrl Pts',(1.61429702724446,-0.441098822021655,
0.0361115233378629));
#10505=CARTESIAN_POINT('Ctrl Pts',(1.66403869391109,-0.199800419025996,
0.39490764758261));
#10506=CARTESIAN_POINT('Ctrl Pts',(1.68890952724446,0.0685565208118679,
0.429609676394924));
#10507=CARTESIAN_POINT('Ctrl Pts',(1.73865119391109,0.390692876912497,0.191372894663991));
#10508=CARTESIAN_POINT('Ctrl Pts',(1.76352202724444,0.426269303971344,-0.0508734233495468));
#10509=CARTESIAN_POINT('Ctrl Pts',(1.81326369391111,0.223635138092571,-0.366443697185382));
#10510=CARTESIAN_POINT('Ctrl Pts',(1.83813452724442,0.00618860181701403,
-0.427194190870506));
#10511=CARTESIAN_POINT('Ctrl Pts',(1.88787619391113,-0.326429124916814,
-0.27563962325725));
#10512=CARTESIAN_POINT('Ctrl Pts',(1.91274702724444,-0.421399596192079,
-0.0703957088717059));
#10513=CARTESIAN_POINT('Ctrl Pts',(1.96248869391111,-0.321617575894516,
0.281238884878775));
#10514=CARTESIAN_POINT('Ctrl Pts',(1.98735952724445,-0.132999963654732,
0.406010080117581));
#10515=CARTESIAN_POINT('Ctrl Pts',(2.03710119391111,0.229645067308836,0.360272561473514));
#10516=CARTESIAN_POINT('Ctrl Pts',(2.06197202724445,0.381376049257625,0.192575918915679));
#10517=CARTESIAN_POINT('Ctrl Pts',(2.1117136939111,0.390724437859066,-0.172822420882792));
#10518=CARTESIAN_POINT('Ctrl Pts',(2.13658452724445,0.24776707928107,-0.348058400168281));
#10519=CARTESIAN_POINT('Ctrl Pts',(2.1863261939111,-0.112064750391148,-0.41227984091412));
#10520=CARTESIAN_POINT('Ctrl Pts',(2.21119702724445,-0.306815748234103,
-0.297316787514528));
#10521=CARTESIAN_POINT('Ctrl Pts',(2.2609386939111,-0.424447971863693,0.0487554579208498));
#10522=CARTESIAN_POINT('Ctrl Pts',(2.28580952724447,-0.340096837590994,
0.258587154655987));
#10523=CARTESIAN_POINT('Ctrl Pts',(2.33555119391108,-0.0156639561140957,
0.426951772414939));
#10524=CARTESIAN_POINT('Ctrl Pts',(2.36042202724445,0.204470744767025,0.375133163056377));
#10525=CARTESIAN_POINT('Ctrl Pts',(2.4101636939111,0.419734233111395,0.0797267147815792));
#10526=CARTESIAN_POINT('Ctrl Pts',(2.43503452724441,0.40162801568238,-0.14569870458835));
#10527=CARTESIAN_POINT('Ctrl Pts',(2.48477619391115,0.141974161898553,-0.402959691355761));
#10528=CARTESIAN_POINT('Ctrl Pts',(2.50964702724444,-0.0895490711313386,
-0.425577181438902));
#10529=CARTESIAN_POINT('Ctrl Pts',(2.55938869391111,-0.399258650304775,
-0.172416442588471));
#10530=CARTESIAN_POINT('Ctrl Pts',(2.58425952724448,-0.438253213421214,
0.110035419037497));
#10531=CARTESIAN_POINT('Ctrl Pts',(2.62156577724442,-0.187795232372922,
0.357247233803463));
#10532=CARTESIAN_POINT('Ctrl Pts',(2.6340011939111,-0.0590182180510333,
0.403230494501339));
#10533=CARTESIAN_POINT('Ctrl Pts',(2.65887202724445,0.197135669427044,0.356672744398024));
#10534=CARTESIAN_POINT('Ctrl Pts',(2.67130744391111,0.32162312280886,0.260266274739582));
#10535=CARTESIAN_POINT('Ctrl Pts',(2.69855952724444,0.421902551040133,-0.0492985763485996));
#10536=CARTESIAN_POINT('Ctrl Pts',(2.71337619391109,0.34189039931212,-0.261007344759274));
#10537=CARTESIAN_POINT('Ctrl Pts',(2.74300952724446,0.00288291550493783,
-0.430122689536676));
#10538=CARTESIAN_POINT('Ctrl Pts',(2.7578261939111,-0.239209892727021,-0.365978199825241));
#10539=CARTESIAN_POINT('Ctrl Pts',(2.78745952724444,-0.437165434933245,
-0.00691022723774665));
#10540=CARTESIAN_POINT('Ctrl Pts',(2.80227619391109,-0.359749457745497,
0.265388957635839));
#10541=CARTESIAN_POINT('Ctrl Pts',(2.82450119391112,-0.0495667501920962,
0.399193079127242));
#10542=CARTESIAN_POINT('Ctrl Pts',(2.83190952724444,0.0784707688336089,
0.395878791717525));
#10543=CARTESIAN_POINT('Ctrl Pts',(2.8467261939111,0.285313423602158,0.285436424757851));
#10544=CARTESIAN_POINT('Ctrl Pts',(2.85413452724447,0.358335035031749,0.182778508705131));
#10545=CARTESIAN_POINT('Ctrl Pts',(2.87635952724438,0.421455773218332,-0.149083851989253));
#10546=CARTESIAN_POINT('Ctrl Pts',(2.8911761939112,0.236878515343637,-0.370041476789806));
#10547=CARTESIAN_POINT('Ctrl Pts',(2.92080952724435,-0.181121305571832,
-0.400296433790534));
#10548=CARTESIAN_POINT('Ctrl Pts',(2.93562619391112,-0.372261583922251,
-0.221960327275845));
#10549=CARTESIAN_POINT('Ctrl Pts',(2.96525952724443,-0.398387462819634,
0.170682557731243));
#10550=CARTESIAN_POINT('Ctrl Pts',(2.98007619391108,-0.242196980054546,
0.353678764845184));
#10551=CARTESIAN_POINT('Ctrl Pts',(3.00970952724446,0.125647977412702,0.409830038540562));
#10552=CARTESIAN_POINT('Ctrl Pts',(3.02452619391111,0.312859543645269,0.287319410867721));
#10553=CARTESIAN_POINT('Ctrl Pts',(3.05402723557777,0.42141704512795,-0.0477995808099749));
#10554=CARTESIAN_POINT('Ctrl Pts',(3.06871161057777,0.346650543160663,-0.232789205606312));
#10555=CARTESIAN_POINT('Ctrl Pts',(3.09808036057778,0.0825698068091612,
-0.409316123826375));
#10556=CARTESIAN_POINT('Ctrl Pts',(3.11276473557782,-0.0948141359046343,
-0.401904827615917));
#10557=CARTESIAN_POINT('Ctrl Pts',(3.14213348557773,-0.337242543803501,
-0.238295444513057));
#10558=CARTESIAN_POINT('Ctrl Pts',(3.15681786057777,-0.399589326990018,
-0.0895552298659707));
#10559=CARTESIAN_POINT('Ctrl Pts',(3.18618661057778,-0.367331915669398,
0.180994665812964));
#10560=CARTESIAN_POINT('Ctrl Pts',(3.2008709855778,-0.276361441542233,0.298580244814887));
#10561=CARTESIAN_POINT('Ctrl Pts',(3.23023973557774,-0.0432401327604833,
0.404544350523532));
#10562=CARTESIAN_POINT('Ctrl Pts',(3.24492411057776,0.0948556101853841,
0.393465348331105));
#10563=CARTESIAN_POINT('Ctrl Pts',(3.2742928605778,0.30262621624619,0.268756337001166));
#10564=CARTESIAN_POINT('Ctrl Pts',(3.28897723557772,0.370816150759604,0.157857273073839));
#10565=CARTESIAN_POINT('Ctrl Pts',(3.33303036057789,0.409592988932928,-0.185824603806578));
#10566=CARTESIAN_POINT('Ctrl Pts',(3.36239911057777,0.202229758838108,-0.393458889637014));
#10567=CARTESIAN_POINT('Ctrl Pts',(3.42113661057778,-0.229130567244946,
-0.378425628555944));
#10568=CARTESIAN_POINT('Ctrl Pts',(3.45050536057783,-0.412603139014162,
-0.159578892293491));
#10569=CARTESIAN_POINT('Ctrl Pts',(3.50924286057773,-0.35213244623882,0.267786320577087));
#10570=CARTESIAN_POINT('Ctrl Pts',(3.53861161057783,-0.115145893134445,
0.427139551521029));
#10571=CARTESIAN_POINT('Ctrl Pts',(3.59734911057772,0.303451510926871,0.321906746896179));
#10572=CARTESIAN_POINT('Ctrl Pts',(3.62671786057767,0.436905788571192,0.0694269767285332));
#10573=CARTESIAN_POINT('Ctrl Pts',(3.68545536057788,0.288086082733268,-0.335727839368934));
#10574=CARTESIAN_POINT('Ctrl Pts',(3.71482411057783,0.0229327192162597,
-0.441792783535545));
#10575=CARTESIAN_POINT('Ctrl Pts',(3.77356161057773,-0.364254852849392,
-0.251048153482747));
#10576=CARTESIAN_POINT('Ctrl Pts',(3.80293036057783,-0.44174595979593,0.0238176445153928));
#10577=CARTESIAN_POINT('Ctrl Pts',(3.86166786057773,-0.211206588400967,
0.38871396964317));
#10578=CARTESIAN_POINT('Ctrl Pts',(3.89103661057782,0.0703020194478188,
0.436765840285572));
#10579=CARTESIAN_POINT('Ctrl Pts',(3.94977411057772,0.408832037171239,0.169006326999643));
#10580=CARTESIAN_POINT('Ctrl Pts',(3.97914286057778,0.426908041609411,-0.116001281019021));
#10581=CARTESIAN_POINT('Ctrl Pts',(4.02319598557778,0.20041599794375,-0.347288607088119));
#10582=CARTESIAN_POINT('Ctrl Pts',(4.03788036057782,0.093407159222647,-0.392219876647393));
#10583=CARTESIAN_POINT('Ctrl Pts',(4.06724911057773,-0.137973354123406,
-0.378846409213275));
#10584=CARTESIAN_POINT('Ctrl Pts',(4.08193348557768,-0.262234023566982,
-0.315454386220816));
#10585=CARTESIAN_POINT('Ctrl Pts',(4.11130223557786,-0.402899787586871,
-0.0771349363106143));
#10586=CARTESIAN_POINT('Ctrl Pts',(4.12598661057773,-0.41408271878597,0.104909197581626));
#10587=CARTESIAN_POINT('Ctrl Pts',(4.14801317307779,-0.239791959961734,
0.316174959616012));
#10588=CARTESIAN_POINT('Ctrl Pts',(4.15535536057781,-0.149343339135368,
0.374261589141248));
#10589=CARTESIAN_POINT('Ctrl Pts',(4.17003973557774,0.0798782013288635,
0.394961367805332));
#10590=CARTESIAN_POINT('Ctrl Pts',(4.17738192307782,0.217964870376779,0.343345621388819));
#10591=CARTESIAN_POINT('Ctrl Pts',(4.19206629807772,0.379567169212153,0.146026245945663));
#10592=CARTESIAN_POINT('Ctrl Pts',(4.19940848557773,0.406645029206017,0.00589242507235768));
#10593=CARTESIAN_POINT('Ctrl Pts',(4.21409286057782,0.330186753813856,-0.237427058401968));
#10594=CARTESIAN_POINT('Ctrl Pts',(4.22143504807779,0.227821658760968,-0.336886022649705));
#10595=CARTESIAN_POINT('Ctrl Pts',(4.23611942307775,-0.0175983846992485,
-0.4063067773427));
#10596=CARTESIAN_POINT('Ctrl Pts',(4.24346161057776,-0.156894462428556,
-0.375205314617701));
#10597=CARTESIAN_POINT('Ctrl Pts',(4.25814598557778,-0.349479065953652,
-0.207988660545102));
#10598=CARTESIAN_POINT('Ctrl Pts',(4.26548817307782,-0.399817952392261,
-0.0744345712534167));
#10599=CARTESIAN_POINT('Ctrl Pts',(4.28017254807772,-0.365519687891144,
0.178298228292606));
#10600=CARTESIAN_POINT('Ctrl Pts',(4.2875147355777,-0.281407851587186,0.293606065181447));
#10601=CARTESIAN_POINT('Ctrl Pts',(4.30219911057785,-0.0512236140095997,
0.403448933338573));
#10602=CARTESIAN_POINT('Ctrl Pts',(4.30954129807773,0.0913232692624582,
0.396301603498582));
#10603=CARTESIAN_POINT('Ctrl Pts',(4.32422567307782,0.30936555969767,0.263984565684389));
#10604=CARTESIAN_POINT('Ctrl Pts',(4.33156786057785,0.38152141577723,0.140841434784445));
#10605=CARTESIAN_POINT('Ctrl Pts',(4.3462522355777,0.39036706637548,-0.114054609476056));
#10606=CARTESIAN_POINT('Ctrl Pts',(4.35359442307776,0.326921380286675,-0.24190351706244));
#10607=CARTESIAN_POINT('Ctrl Pts',(4.36827879807779,0.118576175994638,-0.389017468688588));
#10608=CARTESIAN_POINT('Ctrl Pts',(4.37562098557779,-0.0231323123779221,
-0.406029305078802));
#10609=CARTESIAN_POINT('Ctrl Pts',(4.39030536057775,-0.260377374780677,
-0.312407623401614));
#10610=CARTESIAN_POINT('Ctrl Pts',(4.39764754807779,-0.352280286716973,
-0.20320802160769));
#10611=CARTESIAN_POINT('Ctrl Pts',(4.41967411057774,-0.429884006404714,
0.171412720273321));
#10612=CARTESIAN_POINT('Ctrl Pts',(4.4329893039162,-0.19382081712654,0.43510078738991));
#10613=CARTESIAN_POINT('Ctrl Pts',(4.44904286057777,0.0790987932459507,
0.377989049607463));
#10614=CARTESIAN_POINT('Ctrl Pts',(1.12164286057778,0.00634686086941287,
0.361894349017315));
#10615=CARTESIAN_POINT('Ctrl Pts',(1.13674182475042,0.252108580231316,0.357584776330614));
#10616=CARTESIAN_POINT('Ctrl Pts',(1.14963921331252,0.416796475508607,0.0960054812552742));
#10617=CARTESIAN_POINT('Ctrl Pts',(1.17063647786357,0.304256925584427,-0.226754633293761));
#10618=CARTESIAN_POINT('Ctrl Pts',(1.17763556604726,0.212971108081925,-0.314059305880603));
#10619=CARTESIAN_POINT('Ctrl Pts',(1.19163374241462,-0.00533187248926822,
-0.379422602944036));
#10620=CARTESIAN_POINT('Ctrl Pts',(1.19863283059831,-0.129576231499885,
-0.356651006894668));
#10621=CARTESIAN_POINT('Ctrl Pts',(1.21747820802348,-0.373160604883394,
-0.170144402110507));
#10622=CARTESIAN_POINT('Ctrl Pts',(1.22932449726497,-0.402620473364916,
0.0780686174431011));
#10623=CARTESIAN_POINT('Ctrl Pts',(1.25301707574796,-0.159778094886098,
0.377715388872687));
#10624=CARTESIAN_POINT('Ctrl Pts',(1.26486336498945,0.0904020057765073,
0.399086914129435));
#10625=CARTESIAN_POINT('Ctrl Pts',(1.28855594347243,0.380395744182437,0.150804610276793));
#10626=CARTESIAN_POINT('Ctrl Pts',(1.30040223271393,0.392626725223271,-0.0743545097339873));
#10627=CARTESIAN_POINT('Ctrl Pts',(1.32409481119689,0.194528357398397,-0.349060321095446));
#10628=CARTESIAN_POINT('Ctrl Pts',(1.3359411004384,0.00465947798008732,
-0.393227962412791));
#10629=CARTESIAN_POINT('Ctrl Pts',(1.35963367892137,-0.279784936378166,
-0.276351900012298));
#10630=CARTESIAN_POINT('Ctrl Pts',(1.37147996816286,-0.367584272306107,
-0.126495147505265));
#10631=CARTESIAN_POINT('Ctrl Pts',(1.39517254664586,-0.355677577270531,
0.156884404591474));
#10632=CARTESIAN_POINT('Ctrl Pts',(1.40701883588734,-0.261167869140288,
0.283367914413419));
#10633=CARTESIAN_POINT('Ctrl Pts',(1.43071141437032,-0.0169034107966133,
0.384993943602592));
#10634=CARTESIAN_POINT('Ctrl Pts',(1.44255770361181,0.126742592356453,0.361151157145591));
#10635=CARTESIAN_POINT('Ctrl Pts',(1.4662502820948,0.322031037969658,0.206857151511507));
#10636=CARTESIAN_POINT('Ctrl Pts',(1.47809657133629,0.37200799786315,0.0806637421642419));
#10637=CARTESIAN_POINT('Ctrl Pts',(1.50237827724444,0.347592520408897,-0.159661557108916));
#10638=CARTESIAN_POINT('Ctrl Pts',(1.51481369391111,0.269050362650475,-0.268795803204174));
#10639=CARTESIAN_POINT('Ctrl Pts',(1.53968452724444,0.0612696604253054,
-0.375346954558397));
#10640=CARTESIAN_POINT('Ctrl Pts',(1.5521199439111,-0.0646333427704829,
-0.372985807792862));
#10641=CARTESIAN_POINT('Ctrl Pts',(1.58942619391112,-0.361313182264252,
-0.222739701503256));
#10642=CARTESIAN_POINT('Ctrl Pts',(1.61429702724446,-0.410599347280251,
0.0589525408318324));
#10643=CARTESIAN_POINT('Ctrl Pts',(1.66403869391109,-0.164385146352418,
0.380847461517668));
#10644=CARTESIAN_POINT('Ctrl Pts',(1.68890952724446,0.0886501395984548,
0.397999619225647));
#10645=CARTESIAN_POINT('Ctrl Pts',(1.73865119391109,0.376423552408097,0.156741465410631));
#10646=CARTESIAN_POINT('Ctrl Pts',(1.76352202724444,0.395883613403432,-0.0719165208368128));
#10647=CARTESIAN_POINT('Ctrl Pts',(1.81326369391111,0.18830733260385,-0.355578682198309));
#10648=CARTESIAN_POINT('Ctrl Pts',(1.83813452724442,-0.0185862268188281,
-0.400004846737073));
#10649=CARTESIAN_POINT('Ctrl Pts',(1.88787619391113,-0.32111135908941,-0.23924217918563));
#10650=CARTESIAN_POINT('Ctrl Pts',(1.91274702724444,-0.398247523818224,
-0.0418119002883855));
#10651=CARTESIAN_POINT('Ctrl Pts',(1.96248869391111,-0.284834366726737,
0.281458182966278));
#10652=CARTESIAN_POINT('Ctrl Pts',(1.98735952724445,-0.101258004880279,
0.387422433104354));
#10653=CARTESIAN_POINT('Ctrl Pts',(2.03710119391111,0.235396436074413,0.32394111055768));
#10654=CARTESIAN_POINT('Ctrl Pts',(2.06197202724445,0.367776053003748,0.158398548182594));
#10655=CARTESIAN_POINT('Ctrl Pts',(2.1117136939111,0.355671982380167,-0.183974906400921));
#10656=CARTESIAN_POINT('Ctrl Pts',(2.13658452724445,0.21193248714474,-0.339755715376318));
#10657=CARTESIAN_POINT('Ctrl Pts',(2.1863261939111,-0.128364419760992,-0.379304496385733));
#10658=CARTESIAN_POINT('Ctrl Pts',(2.21119702724445,-0.303999420191913,
-0.260640898095309));
#10659=CARTESIAN_POINT('Ctrl Pts',(2.2609386939111,-0.394300559695355,0.0698311811085411));
#10660=CARTESIAN_POINT('Ctrl Pts',(2.28580952724447,-0.303414730654812,
0.261321308831258));
#10661=CARTESIAN_POINT('Ctrl Pts',(2.33555119391108,0.00970794404960843,
0.400318724327749));
#10662=CARTESIAN_POINT('Ctrl Pts',(2.36042202724445,0.212693126723276,0.339280059936884));
#10663=CARTESIAN_POINT('Ctrl Pts',(2.4101636939111,0.397221961653604,0.0506363348916151));
#10664=CARTESIAN_POINT('Ctrl Pts',(2.43503452724441,0.36742026197976,-0.159222097467138));
#10665=CARTESIAN_POINT('Ctrl Pts',(2.48477619391115,0.109827666249884,-0.38508078238896));
#10666=CARTESIAN_POINT('Ctrl Pts',(2.50964702724444,-0.108059142974964,
-0.393029269752146));
#10667=CARTESIAN_POINT('Ctrl Pts',(2.55938869391111,-0.383355404205045,
-0.138518425980811));
#10668=CARTESIAN_POINT('Ctrl Pts',(2.58425952724448,-0.403719083338077,
0.127947973959364));
#10669=CARTESIAN_POINT('Ctrl Pts',(2.62156577724442,-0.155302884174419,
0.344930105907438));
#10670=CARTESIAN_POINT('Ctrl Pts',(2.6340011939111,-0.0322046843106927,
0.380600634516914));
#10671=CARTESIAN_POINT('Ctrl Pts',(2.65887202724445,0.20477760815609,0.322428380482011));
#10672=CARTESIAN_POINT('Ctrl Pts',(2.67130744391111,0.315738006122275,0.225134227673844));
#10673=CARTESIAN_POINT('Ctrl Pts',(2.69855952724444,0.391888259146323,-0.0701940406017556));
#10674=CARTESIAN_POINT('Ctrl Pts',(2.71337619391109,0.304954559382564,-0.263687803332493));
#10675=CARTESIAN_POINT('Ctrl Pts',(2.74300952724446,-0.0218458868285416,
-0.402555912996796));
#10676=CARTESIAN_POINT('Ctrl Pts',(2.7578261939111,-0.244670154497046,-0.328733117736764));
#10677=CARTESIAN_POINT('Ctrl Pts',(2.78745952724444,-0.409374391494263,
0.0184800889515804));
#10678=CARTESIAN_POINT('Ctrl Pts',(2.80227619391109,-0.321412175548184,
0.26880596406013));
#10679=CARTESIAN_POINT('Ctrl Pts',(2.82450119391112,-0.0235929565775337,
0.376284219554741));
#10680=CARTESIAN_POINT('Ctrl Pts',(2.83190952724444,0.0960004922498349,
0.365877754000946));
#10681=CARTESIAN_POINT('Ctrl Pts',(2.8467261939111,0.283205516623877,0.250753426537267));
#10682=CARTESIAN_POINT('Ctrl Pts',(2.85413452724447,0.345661517600272,0.150547533185595));
#10683=CARTESIAN_POINT('Ctrl Pts',(2.87635952724438,0.385776508044603,-0.163520372357464));
#10684=CARTESIAN_POINT('Ctrl Pts',(2.8911761939112,0.200491579914336,-0.359700173513903));
#10685=CARTESIAN_POINT('Ctrl Pts',(2.92080952724435,-0.192284918568145,
-0.364153306643024));
#10686=CARTESIAN_POINT('Ctrl Pts',(2.93562619391112,-0.360925907423785,
-0.186408531375718));
#10687=CARTESIAN_POINT('Ctrl Pts',(2.96525952724443,-0.362963050797788,
0.182410261076968));
#10688=CARTESIAN_POINT('Ctrl Pts',(2.98007619391108,-0.206400808890997,
0.344695887022084));
#10689=CARTESIAN_POINT('Ctrl Pts',(3.00970952724447,0.140932109659409,0.376237576894878));
#10690=CARTESIAN_POINT('Ctrl Pts',(3.02452619391111,0.30908310094326,0.250943220948256));
#10691=CARTESIAN_POINT('Ctrl Pts',(3.05402723557777,0.391519588374316,-0.0687639866044009));
#10692=CARTESIAN_POINT('Ctrl Pts',(3.06871161057777,0.311017938392426,-0.237560585982678));
#10693=CARTESIAN_POINT('Ctrl Pts',(3.09808036057778,0.0538905849075569,
-0.387637766258503));
#10694=CARTESIAN_POINT('Ctrl Pts',(3.11276473557782,-0.11163400176301,-0.37058271609232));
#10695=CARTESIAN_POINT('Ctrl Pts',(3.14213348557773,-0.329096734746747,
-0.203688672639709));
#10696=CARTESIAN_POINT('Ctrl Pts',(3.15681786057777,-0.378936675037363,
-0.060980651170514));
#10697=CARTESIAN_POINT('Ctrl Pts',(3.18618661057778,-0.333321334193766,
0.190285478156429));
#10698=CARTESIAN_POINT('Ctrl Pts',(3.2008709855778,-0.241506525339074,0.295099165479632));
#10699=CARTESIAN_POINT('Ctrl Pts',(3.23023973557774,-0.0173688896213991,
0.380929479997113));
#10700=CARTESIAN_POINT('Ctrl Pts',(3.24492411057776,0.111191242805292,0.362684988356436));
#10701=CARTESIAN_POINT('Ctrl Pts',(3.2742928605778,0.298450331625499,0.234160879918139));
#10702=CARTESIAN_POINT('Ctrl Pts',(3.28897723557772,0.355915925707158,0.126520866730269));
#10703=CARTESIAN_POINT('Ctrl Pts',(3.33303036057789,0.372582113858854,-0.197215445595866));
#10704=CARTESIAN_POINT('Ctrl Pts',(3.36239911057777,0.166740526044702,-0.379630728137879));
#10705=CARTESIAN_POINT('Ctrl Pts',(3.42113661057778,-0.235950926906422,
-0.340953153473574));
#10706=CARTESIAN_POINT('Ctrl Pts',(3.45050536057783,-0.395107019877407,
-0.125747109753073));
#10707=CARTESIAN_POINT('Ctrl Pts',(3.50924286057773,-0.314149460943764,
0.270614132944553));
#10708=CARTESIAN_POINT('Ctrl Pts',(3.53861161057783,-0.0833493847659982,
0.406170866529257));
#10709=CARTESIAN_POINT('Ctrl Pts',(3.59734911057772,0.302255195779886,0.283837434782908));
#10710=CARTESIAN_POINT('Ctrl Pts',(3.62671786057767,0.412698710154681,0.0400208370764307));
#10711=CARTESIAN_POINT('Ctrl Pts',(3.68545536057788,0.250355591270131,-0.330520756821799));
#10712=CARTESIAN_POINT('Ctrl Pts',(3.71482411057783,-0.00375465214725375,
-0.414617649600004));
#10713=CARTESIAN_POINT('Ctrl Pts',(3.77356161057773,-0.355095154148541,
-0.214077846283345));
#10714=CARTESIAN_POINT('Ctrl Pts',(3.80293036057783,-0.411906254663764,
0.0474882104640991));
#10715=CARTESIAN_POINT('Ctrl Pts',(3.86166786057773,-0.17540933955308,0.375703947751231));
#10716=CARTESIAN_POINT('Ctrl Pts',(3.89103661057782,0.0906914336979071,
0.404594805467824));
#10717=CARTESIAN_POINT('Ctrl Pts',(3.94977411057772,0.392116984386938,0.134781910202205));
#10718=CARTESIAN_POINT('Ctrl Pts',(3.97914286057778,0.392764954257312,-0.132881840274432));
#10719=CARTESIAN_POINT('Ctrl Pts',(4.02319598557778,0.167678194107197,-0.336333685932871));
#10720=CARTESIAN_POINT('Ctrl Pts',(4.03788036057782,0.0650047383884479,
-0.372262147131498));
#10721=CARTESIAN_POINT('Ctrl Pts',(4.06724911057773,-0.150694897661901,
-0.346548263637089));
#10722=CARTESIAN_POINT('Ctrl Pts',(4.08193348557768,-0.263326947547304,
-0.280152959245912));
#10723=CARTESIAN_POINT('Ctrl Pts',(4.11130223557786,-0.381324994738821,
-0.0491722346259758));
#10724=CARTESIAN_POINT('Ctrl Pts',(4.12598661057773,-0.381399435443194,
0.121773079278419));
#10725=CARTESIAN_POINT('Ctrl Pts',(4.14801317307779,-0.206290826129159,
0.309472831388913));
#10726=CARTESIAN_POINT('Ctrl Pts',(4.15535536057781,-0.118359253419577,
0.35865341885208));
#10727=CARTESIAN_POINT('Ctrl Pts',(4.17003973557774,0.0972648349378264,
0.364939170581496));
#10728=CARTESIAN_POINT('Ctrl Pts',(4.17738192307782,0.223503439457993,0.308771975764091));
#10729=CARTESIAN_POINT('Ctrl Pts',(4.19206629807772,0.363427658198607,0.114953284974823));
#10730=CARTESIAN_POINT('Ctrl Pts',(4.19940848557773,0.380763650110227,-0.0176907667250143));
#10731=CARTESIAN_POINT('Ctrl Pts',(4.21409286057782,0.295350980733877,-0.240959993891329));
#10732=CARTESIAN_POINT('Ctrl Pts',(4.22143504807779,0.193910505908246,-0.328165562142887));
#10733=CARTESIAN_POINT('Ctrl Pts',(4.23611942307775,-0.0396477540501778,
-0.379106813547172));
#10734=CARTESIAN_POINT('Ctrl Pts',(4.24346161057776,-0.168188344416846,
-0.342062276904083));
#10735=CARTESIAN_POINT('Ctrl Pts',(4.25814598557778,-0.338815017908214,
-0.174637636594762));
#10736=CARTESIAN_POINT('Ctrl Pts',(4.26548817307782,-0.378287770879292,
-0.0468218205162979));
#10737=CARTESIAN_POINT('Ctrl Pts',(4.28017254807772,-0.331779805627715,
0.18765948163293));
#10738=CARTESIAN_POINT('Ctrl Pts',(4.2875147355777,-0.246511406677826,0.290733635558339));
#10739=CARTESIAN_POINT('Ctrl Pts',(4.30219911057785,-0.0249001571613975,
0.38036022746725));
#10740=CARTESIAN_POINT('Ctrl Pts',(4.30954129807773,0.108048479892772,0.365539938253941));
#10741=CARTESIAN_POINT('Ctrl Pts',(4.32422567307782,0.304482891024633,0.229312209752305));
#10742=CARTESIAN_POINT('Ctrl Pts',(4.33156786057785,0.364960061820644,0.109991243952355));
#10743=CARTESIAN_POINT('Ctrl Pts',(4.3462522355777,0.358690960990217,-0.1289756371509));
#10744=CARTESIAN_POINT('Ctrl Pts',(4.35359442307776,0.29204070735415,-0.244961518865354));
#10745=CARTESIAN_POINT('Ctrl Pts',(4.36827879807779,0.0887337649000235,
-0.370702359644074));
#10746=CARTESIAN_POINT('Ctrl Pts',(4.37562098557779,-0.0448090604607348,
-0.378531463130628));
#10747=CARTESIAN_POINT('Ctrl Pts',(4.39030536057775,-0.261416153157648,
-0.27740857114679));
#10748=CARTESIAN_POINT('Ctrl Pts',(4.39764754807779,-0.341162850998211,
-0.170005381015549));
#10749=CARTESIAN_POINT('Ctrl Pts',(4.41967411057774,-0.392387256157006,
0.184890550304274));
#10750=CARTESIAN_POINT('Ctrl Pts',(4.43298997217067,-0.156488009658167,
0.418104666006696));
#10751=CARTESIAN_POINT('Ctrl Pts',(4.44904286057777,0.0955672319196855,
0.349105580988011));
#10752=CARTESIAN_POINT('',(4.16368750199948,0.00409406768515963,0.361862330472046));
#10753=CARTESIAN_POINT('',(4.16368750200647,-0.195636696544859,0.304135171682542));
#10754=CARTESIAN_POINT('Ctrl Pts',(4.16368750200647,0.00409406771128835,
0.36186233049759));
#10755=CARTESIAN_POINT('Ctrl Pts',(4.16368750200647,0.00473752236658092,
0.361204149285794));
#10756=CARTESIAN_POINT('Ctrl Pts',(4.16368750200647,0.00570004713561908,
0.360565780247035));
#10757=CARTESIAN_POINT('Ctrl Pts',(4.16368750200647,0.00832998324545375,
0.359191869621608));
#10758=CARTESIAN_POINT('Ctrl Pts',(4.16368750200647,0.0100350199100176,
0.358502585857747));
#10759=CARTESIAN_POINT('Ctrl Pts',(4.16368750200647,0.0154125977974898,
0.356507163049556));
#10760=CARTESIAN_POINT('Ctrl Pts',(4.16368750200647,0.0204954343479365,
0.355000711574767));
#10761=CARTESIAN_POINT('Ctrl Pts',(4.16368750200647,0.0383812610840205,
0.349897645843236));
#10762=CARTESIAN_POINT('Ctrl Pts',(4.16368750200647,0.0553619306106088,
0.34531534705592));
#10763=CARTESIAN_POINT('Ctrl Pts',(4.16368750200647,0.100171746633882,0.329525454441529));
#10764=CARTESIAN_POINT('Ctrl Pts',(4.16368750200647,0.142440742292333,0.312344436208608));
#10765=CARTESIAN_POINT('Ctrl Pts',(4.16368750200647,0.217283488878817,0.256890107888111));
#10766=CARTESIAN_POINT('Ctrl Pts',(4.16368750200647,0.244934115435086,0.229375496989715));
#10767=CARTESIAN_POINT('Ctrl Pts',(4.16368750200647,0.294142611222103,0.15889590660189));
#10768=CARTESIAN_POINT('Ctrl Pts',(4.16368750200647,0.308868323678001,0.118936311918798));
#10769=CARTESIAN_POINT('Ctrl Pts',(4.16368750200647,0.326124699265308,0.0414426101479125));
#10770=CARTESIAN_POINT('Ctrl Pts',(4.16368750200647,0.32752996158892,-0.00206292755350906));
#10771=CARTESIAN_POINT('Ctrl Pts',(4.16368750200647,0.315007660825377,-0.082797181869881));
#10772=CARTESIAN_POINT('Ctrl Pts',(4.16368750200647,0.302444250031853,-0.120179811569731));
#10773=CARTESIAN_POINT('Ctrl Pts',(4.16368750200647,0.262297056135142,-0.19133404561251));
#10774=CARTESIAN_POINT('Ctrl Pts',(4.16368750200647,0.233606902722839,-0.22394771748659));
#10775=CARTESIAN_POINT('Ctrl Pts',(4.16368750200647,0.166833342809115,-0.275908609972217));
#10776=CARTESIAN_POINT('Ctrl Pts',(4.16368750200647,0.128975257232772,-0.295507796860338));
#10777=CARTESIAN_POINT('Ctrl Pts',(4.16368750200647,0.048824622142163,-0.319142984734082));
#10778=CARTESIAN_POINT('Ctrl Pts',(4.16368750200647,0.00769515779794564,
-0.322884009597474));
#10779=CARTESIAN_POINT('Ctrl Pts',(4.16368750200647,-0.0748008016274231,
-0.313815156938763));
#10780=CARTESIAN_POINT('Ctrl Pts',(4.16368750200647,-0.114807471486552,
-0.301499623916689));
#10781=CARTESIAN_POINT('Ctrl Pts',(4.16368750200647,-0.18952340860605,-0.262838113272109));
#10782=CARTESIAN_POINT('Ctrl Pts',(4.16368750200647,-0.224001506408644,
-0.235812938451798));
#10783=CARTESIAN_POINT('Ctrl Pts',(4.16368750200647,-0.276491982439631,
-0.173240990652977));
#10784=CARTESIAN_POINT('Ctrl Pts',(4.16368750200647,-0.295501244890644,
-0.139151632903261));
#10785=CARTESIAN_POINT('Ctrl Pts',(4.16368750200647,-0.322725821991244,
-0.0630080793107021));
#10786=CARTESIAN_POINT('Ctrl Pts',(4.16368750200647,-0.329691731493422,
-0.020294592960757));
#10787=CARTESIAN_POINT('Ctrl Pts',(4.16368750200647,-0.327788808325115,
0.0717326372936553));
#10788=CARTESIAN_POINT('Ctrl Pts',(4.16368750200647,-0.316488415984139,
0.111318826613297));
#10789=CARTESIAN_POINT('Ctrl Pts',(4.16368750200647,-0.286057569547812,
0.185772180725519));
#10790=CARTESIAN_POINT('Ctrl Pts',(4.16368750200647,-0.262108861868505,
0.219306805402843));
#10791=CARTESIAN_POINT('Ctrl Pts',(4.16368750200647,-0.227799472850397,
0.261793482513467));
#10792=CARTESIAN_POINT('Ctrl Pts',(4.16368750200647,-0.212926394336168,
0.276888478241003));
#10793=CARTESIAN_POINT('Ctrl Pts',(4.16368750200647,-0.199235646090314,
0.292321298720239));
#10794=CARTESIAN_POINT('Ctrl Pts',(4.16368750200647,-0.196005097144527,
0.296314119318382));
#10795=CARTESIAN_POINT('Ctrl Pts',(4.16368750200647,-0.194185714659807,
0.299934867852218));
#10796=CARTESIAN_POINT('Ctrl Pts',(4.16368750200647,-0.193886482183135,
0.300680145465003));
#10797=CARTESIAN_POINT('Ctrl Pts',(4.16368750200647,-0.193695436408237,
0.301732090059914));
#10798=CARTESIAN_POINT('Ctrl Pts',(4.16368750200647,-0.193671311618881,
0.302114524200102));
#10799=CARTESIAN_POINT('Ctrl Pts',(4.16368750200647,-0.193782367468121,
0.302722744503645));
#10800=CARTESIAN_POINT('Ctrl Pts',(4.16368750200647,-0.19386760037926,0.302953928229358));
#10801=CARTESIAN_POINT('Ctrl Pts',(4.16368750200647,-0.194129703075444,
0.303358919062341));
#10802=CARTESIAN_POINT('Ctrl Pts',(4.16368750200647,-0.19429139002443,0.303522266035084));
#10803=CARTESIAN_POINT('Ctrl Pts',(4.16368750200647,-0.194639966538404,
0.303773033322282));
#10804=CARTESIAN_POINT('Ctrl Pts',(4.16368750200647,-0.194815229111837,
0.303865532930995));
#10805=CARTESIAN_POINT('Ctrl Pts',(4.16368750200647,-0.195202624829526,
0.304024890081479));
#10806=CARTESIAN_POINT('Ctrl Pts',(4.16368750200647,-0.195419449874868,
0.304088008298755));
#10807=CARTESIAN_POINT('Ctrl Pts',(4.16368750200647,-0.195636696544859,
0.304135171682546));
#10808=CARTESIAN_POINT('',(4.1910000000002,0.220907135294374,0.286680040702383));
#10809=CARTESIAN_POINT('Ctrl Pts',(4.16368750200647,-0.195636696544859,
0.304135171682542));
#10810=CARTESIAN_POINT('Ctrl Pts',(4.16507730903024,-0.17673968418262,0.316493920170788));
#10811=CARTESIAN_POINT('Ctrl Pts',(4.16646711605401,-0.156680244307041,
0.327064196159743));
#10812=CARTESIAN_POINT('Ctrl Pts',(4.17519911057784,-0.0249001571613964,
0.380360227467248));
#10813=CARTESIAN_POINT('Ctrl Pts',(4.18254129807773,0.108048479892771,0.36553993825394));
#10814=CARTESIAN_POINT('Ctrl Pts',(4.19025565705175,0.211244261961234,0.293973419428991));
#10815=CARTESIAN_POINT('Ctrl Pts',(4.19062782852572,0.216125868436261,0.290389192266863));
#10816=CARTESIAN_POINT('Ctrl Pts',(4.1910000000002,0.220907135294374,0.286680040702383));
#10817=CARTESIAN_POINT('',(4.19099999998393,0.34027879182066,0.121636856508917));
#10818=CARTESIAN_POINT('Ctrl Pts',(4.191,0.340278791903536,0.121636856469688));
#10819=CARTESIAN_POINT('Ctrl Pts',(4.191,0.339883589395695,0.120801928715827));
#10820=CARTESIAN_POINT('Ctrl Pts',(4.191,0.339629399549667,0.119640705096538));
#10821=CARTESIAN_POINT('Ctrl Pts',(4.191,0.339294994453564,0.11654438952008));
#10822=CARTESIAN_POINT('Ctrl Pts',(4.191,0.339276595517329,0.114584594031113));
#10823=CARTESIAN_POINT('Ctrl Pts',(4.191,0.339384237973906,0.108558558395948));
#10824=CARTESIAN_POINT('Ctrl Pts',(4.191,0.339839801176553,0.102999693907455));
#10825=CARTESIAN_POINT('Ctrl Pts',(4.191,0.341678136720199,0.082782514956357));
#10826=CARTESIAN_POINT('Ctrl Pts',(4.191,0.343559803825384,0.0646886460318195));
#10827=CARTESIAN_POINT('Ctrl Pts',(4.191,0.344723631300962,0.0138052980394637));
#10828=CARTESIAN_POINT('Ctrl Pts',(4.191,0.343037320757898,-0.0282699808687467));
#10829=CARTESIAN_POINT('Ctrl Pts',(4.191,0.317788130072816,-0.117523021935667));
#10830=CARTESIAN_POINT('Ctrl Pts',(4.191,0.299616105998896,-0.152908378434069));
#10831=CARTESIAN_POINT('Ctrl Pts',(4.191,0.251973938820788,-0.21802428571374));
#10832=CARTESIAN_POINT('Ctrl Pts',(4.191,0.219910166854457,-0.247799061167421));
#10833=CARTESIAN_POINT('Ctrl Pts',(4.191,0.149227278855264,-0.292643562510323));
#10834=CARTESIAN_POINT('Ctrl Pts',(4.191,0.111118863481477,-0.308419284074152));
#10835=CARTESIAN_POINT('Ctrl Pts',(4.191,0.0201297298662838,-0.327388011823478));
#10836=CARTESIAN_POINT('Ctrl Pts',(4.191,-0.0228984504063086,-0.323440400406061));
#10837=CARTESIAN_POINT('Ctrl Pts',(4.191,-0.0960901012590465,-0.309297423930318));
#10838=CARTESIAN_POINT('Ctrl Pts',(4.191,-0.136684969955869,-0.292935221435766));
#10839=CARTESIAN_POINT('Ctrl Pts',(4.191,-0.197286388870299,-0.253865235514565));
#10840=CARTESIAN_POINT('Ctrl Pts',(4.191,-0.229857241377818,-0.228458731679148));
#10841=CARTESIAN_POINT('Ctrl Pts',(4.191,-0.281541194734025,-0.157375478226293));
#10842=CARTESIAN_POINT('Ctrl Pts',(4.191,-0.298478222823285,-0.12101433848984));
#10843=CARTESIAN_POINT('Ctrl Pts',(4.191,-0.319843997055654,-0.0412809297528685));
#10844=CARTESIAN_POINT('Ctrl Pts',(4.191,-0.323062575764487,0.00247930160254412));
#10845=CARTESIAN_POINT('Ctrl Pts',(4.191,-0.312719584857409,0.0864418427465763));
#10846=CARTESIAN_POINT('Ctrl Pts',(4.191,-0.299860848048412,0.125324699193942));
#10847=CARTESIAN_POINT('Ctrl Pts',(4.191,-0.259242826423543,0.197303402414761));
#10848=CARTESIAN_POINT('Ctrl Pts',(4.191,-0.232303968974921,0.229319655362121));
#10849=CARTESIAN_POINT('Ctrl Pts',(4.191,-0.170595322830495,0.280917906450787));
#10850=CARTESIAN_POINT('Ctrl Pts',(4.191,-0.133175274771423,0.303499402127527));
#10851=CARTESIAN_POINT('Ctrl Pts',(4.191,-0.0531750421137196,0.329337477323267));
#10852=CARTESIAN_POINT('Ctrl Pts',(4.191,-0.0150354099068361,0.334456660911395));
#10853=CARTESIAN_POINT('Ctrl Pts',(4.191,0.0563532237674911,0.333073777046573));
#10854=CARTESIAN_POINT('Ctrl Pts',(4.191,0.0962275539798194,0.328144870717886));
#10855=CARTESIAN_POINT('Ctrl Pts',(4.191,0.168972913897407,0.303650872830796));
#10856=CARTESIAN_POINT('Ctrl Pts',(4.191,0.188386675244773,0.294602903192026));
#10857=CARTESIAN_POINT('Ctrl Pts',(4.191,0.20833232807301,0.286360237818634));
#10858=CARTESIAN_POINT('Ctrl Pts',(4.191,0.213259890615633,0.284547583479933));
#10859=CARTESIAN_POINT('Ctrl Pts',(4.191,0.217357614693979,0.283952558835895));
#10860=CARTESIAN_POINT('Ctrl Pts',(4.191,0.218180360041321,0.283901325184374));
#10861=CARTESIAN_POINT('Ctrl Pts',(4.191,0.219254733174192,0.284051537288804));
#10862=CARTESIAN_POINT('Ctrl Pts',(4.191,0.219627725136949,0.28414797288314));
#10863=CARTESIAN_POINT('Ctrl Pts',(4.191,0.220169773964769,0.284441397689505));
#10864=CARTESIAN_POINT('Ctrl Pts',(4.191,0.220361552237184,0.284592242175843));
#10865=CARTESIAN_POINT('Ctrl Pts',(4.191,0.220660383423057,0.284960762423635));
#10866=CARTESIAN_POINT('Ctrl Pts',(4.191,0.22076319626669,0.2851602800631));
#10867=CARTESIAN_POINT('Ctrl Pts',(4.191,0.220893435668903,0.285572025135549));
#10868=CARTESIAN_POINT('Ctrl Pts',(4.191,0.220925766808452,0.285775517770147));
#10869=CARTESIAN_POINT('Ctrl Pts',(4.191,0.220950600472122,0.286212084967887));
#10870=CARTESIAN_POINT('Ctrl Pts',(4.191,0.220937079478138,0.286448953385028));
#10871=CARTESIAN_POINT('Ctrl Pts',(4.191,0.220907135292884,0.286680040702191));
#10872=CARTESIAN_POINT('Ctrl Pts',(4.16368750199948,0.00409406768515963,
0.361862330472046));
#10873=CARTESIAN_POINT('Ctrl Pts',(4.17069970486217,0.10849840545492,0.359808157726038));
#10874=CARTESIAN_POINT('Ctrl Pts',(4.17771190772003,0.226647791414233,0.304416516894823));
#10875=CARTESIAN_POINT('Ctrl Pts',(4.18681607371679,0.313399411036511,0.184250862297117));
#10876=CARTESIAN_POINT('Ctrl Pts',(4.18890803685582,0.329061005676039,0.1537380968836));
#10877=CARTESIAN_POINT('Ctrl Pts',(4.19099999998393,0.34027879182066,0.121636856508917));
#10878=CARTESIAN_POINT('Origin',(2.794,1.53572788425574E-32,3.84253707651813E-32));
#10879=CARTESIAN_POINT('',(4.191,-0.315119090424348,-0.331257903830432));
#10880=CARTESIAN_POINT('Origin',(4.191,2.6727647100922E-47,3.20731765211063E-47));
#10881=CARTESIAN_POINT('',(4.16368750200647,-0.315119090424348,-0.331257903830432));
#10882=CARTESIAN_POINT('',(2.794,-0.315119090424348,-0.331257903830432));
#10883=CARTESIAN_POINT('Origin',(4.16368750200647,3.00247421312394E-34,
7.51247574749154E-34));
#10884=CARTESIAN_POINT('Origin',(4.191,0.,0.));
#10885=CARTESIAN_POINT('Ctrl Pts',(4.191,0.220907135292884,0.286680040702192));
#10886=CARTESIAN_POINT('Ctrl Pts',(4.191,0.220823082677227,0.287328697304064));
#10887=CARTESIAN_POINT('Ctrl Pts',(4.191,0.220598971896124,0.288011705933133));
#10888=CARTESIAN_POINT('Ctrl Pts',(4.191,0.220015013657786,0.289447630429613));
#10889=CARTESIAN_POINT('Ctrl Pts',(4.191,0.219568331361165,0.290295842887631));
#10890=CARTESIAN_POINT('Ctrl Pts',(4.191,0.217854932716958,0.293224739683874));
#10891=CARTESIAN_POINT('Ctrl Pts',(4.191,0.216151610208682,0.295487474830917));
#10892=CARTESIAN_POINT('Ctrl Pts',(4.191,0.210466899468896,0.30242735992526));
#10893=CARTESIAN_POINT('Ctrl Pts',(4.191,0.204485284129411,0.308527205429977));
#10894=CARTESIAN_POINT('Ctrl Pts',(4.191,0.180048860708716,0.329464993117644));
#10895=CARTESIAN_POINT('Ctrl Pts',(4.191,0.155413315805536,0.346030150625447));
#10896=CARTESIAN_POINT('Ctrl Pts',(4.191,0.0835406749434085,0.376735443591808));
#10897=CARTESIAN_POINT('Ctrl Pts',(4.191,0.040751786877193,0.386138582525956));
#10898=CARTESIAN_POINT('Ctrl Pts',(4.191,-0.046785378337247,0.390477695691868));
#10899=CARTESIAN_POINT('Ctrl Pts',(4.191,-0.0917245442119556,0.384905870702097));
#10900=CARTESIAN_POINT('Ctrl Pts',(4.191,-0.180107606210101,0.357440986414801));
#10901=CARTESIAN_POINT('Ctrl Pts',(4.191,-0.22212217390849,0.334796189275469));
#10902=CARTESIAN_POINT('Ctrl Pts',(4.191,-0.299885386069981,0.270937456806215));
#10903=CARTESIAN_POINT('Ctrl Pts',(4.191,-0.332971038202838,0.230881961961825));
#10904=CARTESIAN_POINT('Ctrl Pts',(4.191,-0.380833391607366,0.144419388774924));
#10905=CARTESIAN_POINT('Ctrl Pts',(4.191,-0.396625069176172,0.0986127377461406));
#10906=CARTESIAN_POINT('Ctrl Pts',(4.191,-0.412782375604514,-0.0131121265817914));
#10907=CARTESIAN_POINT('Ctrl Pts',(4.191,-0.403724783921529,-0.0670834595427741));
#10908=CARTESIAN_POINT('Ctrl Pts',(4.191,-0.38146557831291,-0.153437143482789));
#10909=CARTESIAN_POINT('Ctrl Pts',(4.191,-0.358729367142432,-0.201699798147175));
#10910=CARTESIAN_POINT('Ctrl Pts',(4.191,-0.301396374494943,-0.280219499271751));
#10911=CARTESIAN_POINT('Ctrl Pts',(4.191,-0.265325269794745,-0.317366577231363));
#10912=CARTESIAN_POINT('Ctrl Pts',(4.191,-0.172893007622601,-0.373270907271679));
#10913=CARTESIAN_POINT('Ctrl Pts',(4.191,-0.125572450628551,-0.390782241427665));
#10914=CARTESIAN_POINT('Ctrl Pts',(4.191,-0.0249653148347172,-0.408866415168991));
#10915=CARTESIAN_POINT('Ctrl Pts',(4.191,0.0285988949850017,-0.408395057440028));
#10916=CARTESIAN_POINT('Ctrl Pts',(4.191,0.12675296863911,-0.387383226751191));
#10917=CARTESIAN_POINT('Ctrl Pts',(4.191,0.170466112734944,-0.369106577774573));
#10918=CARTESIAN_POINT('Ctrl Pts',(4.191,0.2523914226112,-0.314220201562209));
#10919=CARTESIAN_POINT('Ctrl Pts',(4.191,0.28780009650785,-0.279754551530177));
#10920=CARTESIAN_POINT('Ctrl Pts',(4.191,0.343340546423634,-0.201717641569212));
#10921=CARTESIAN_POINT('Ctrl Pts',(4.191,0.363871324391229,-0.158317481995747));
#10922=CARTESIAN_POINT('Ctrl Pts',(4.191,0.384308762669815,-0.0745061640784622));
#10923=CARTESIAN_POINT('Ctrl Pts',(4.191,0.387092322073096,-0.0348290152514874));
#10924=CARTESIAN_POINT('Ctrl Pts',(4.191,0.379315827068696,0.0467995437844853));
#10925=CARTESIAN_POINT('Ctrl Pts',(4.191,0.368054997363395,0.0806351130955789));
#10926=CARTESIAN_POINT('Ctrl Pts',(4.191,0.354016283317364,0.109877352089498));
#10927=CARTESIAN_POINT('Ctrl Pts',(4.191,0.349911793022737,0.116476724383496));
#10928=CARTESIAN_POINT('Ctrl Pts',(4.191,0.345844994406822,0.120966099209546));
#10929=CARTESIAN_POINT('Ctrl Pts',(4.191,0.344853621714486,0.121923995716387));
#10930=CARTESIAN_POINT('Ctrl Pts',(4.191,0.343496451121182,0.122741999028009));
#10931=CARTESIAN_POINT('Ctrl Pts',(4.191,0.343069546627479,0.122945368609297));
#10932=CARTESIAN_POINT('Ctrl Pts',(4.191,0.3423732135962,0.123092985080456));
#10933=CARTESIAN_POINT('Ctrl Pts',(4.191,0.342103914413763,0.123108430116072));
#10934=CARTESIAN_POINT('Ctrl Pts',(4.191,0.341616662501171,0.123020616710716));
#10935=CARTESIAN_POINT('Ctrl Pts',(4.191,0.341410884784392,0.122938509225642));
#10936=CARTESIAN_POINT('Ctrl Pts',(4.191,0.341023170849785,0.122688585175575));
#10937=CARTESIAN_POINT('Ctrl Pts',(4.191,0.34085319879842,0.122524127753509));
#10938=CARTESIAN_POINT('Ctrl Pts',(4.191,0.340536364039795,0.122126376531892));
#10939=CARTESIAN_POINT('Ctrl Pts',(4.191,0.340395659501079,0.121883757738721));
#10940=CARTESIAN_POINT('Ctrl Pts',(4.191,0.340278791903539,0.121636856469685));
#10941=CARTESIAN_POINT('Ctrl Pts',(1.12164286057778,0.00634686086941287,
0.361894349017315));
#10942=CARTESIAN_POINT('Ctrl Pts',(1.13674182475042,0.252108580231316,0.357584776330614));
#10943=CARTESIAN_POINT('Ctrl Pts',(1.14963921331252,0.416796475508607,0.0960054812552742));
#10944=CARTESIAN_POINT('Ctrl Pts',(1.17063647786357,0.304256925584427,-0.226754633293761));
#10945=CARTESIAN_POINT('Ctrl Pts',(1.17763556604726,0.212971108081925,-0.314059305880603));
#10946=CARTESIAN_POINT('Ctrl Pts',(1.19163374241462,-0.00533187248926822,
-0.379422602944036));
#10947=CARTESIAN_POINT('Ctrl Pts',(1.19863283059831,-0.129576231499885,
-0.356651006894668));
#10948=CARTESIAN_POINT('Ctrl Pts',(1.21747820802348,-0.373160604883394,
-0.170144402110507));
#10949=CARTESIAN_POINT('Ctrl Pts',(1.22932449726497,-0.402620473364916,
0.0780686174431011));
#10950=CARTESIAN_POINT('Ctrl Pts',(1.25301707574796,-0.159778094886098,
0.377715388872687));
#10951=CARTESIAN_POINT('Ctrl Pts',(1.26486336498945,0.0904020057765073,
0.399086914129435));
#10952=CARTESIAN_POINT('Ctrl Pts',(1.28855594347243,0.380395744182437,0.150804610276793));
#10953=CARTESIAN_POINT('Ctrl Pts',(1.30040223271393,0.392626725223271,-0.0743545097339873));
#10954=CARTESIAN_POINT('Ctrl Pts',(1.32409481119689,0.194528357398397,-0.349060321095446));
#10955=CARTESIAN_POINT('Ctrl Pts',(1.3359411004384,0.00465947798008732,
-0.393227962412791));
#10956=CARTESIAN_POINT('Ctrl Pts',(1.35963367892137,-0.279784936378166,
-0.276351900012298));
#10957=CARTESIAN_POINT('Ctrl Pts',(1.37147996816286,-0.367584272306107,
-0.126495147505265));
#10958=CARTESIAN_POINT('Ctrl Pts',(1.39517254664586,-0.355677577270531,
0.156884404591474));
#10959=CARTESIAN_POINT('Ctrl Pts',(1.40701883588734,-0.261167869140288,
0.283367914413419));
#10960=CARTESIAN_POINT('Ctrl Pts',(1.43071141437032,-0.0169034107966133,
0.384993943602592));
#10961=CARTESIAN_POINT('Ctrl Pts',(1.44255770361181,0.126742592356453,0.361151157145591));
#10962=CARTESIAN_POINT('Ctrl Pts',(1.4662502820948,0.322031037969658,0.206857151511507));
#10963=CARTESIAN_POINT('Ctrl Pts',(1.47809657133629,0.37200799786315,0.0806637421642419));
#10964=CARTESIAN_POINT('Ctrl Pts',(1.50237827724444,0.347592520408897,-0.159661557108916));
#10965=CARTESIAN_POINT('Ctrl Pts',(1.51481369391111,0.269050362650475,-0.268795803204174));
#10966=CARTESIAN_POINT('Ctrl Pts',(1.53968452724444,0.0612696604253054,
-0.375346954558397));
#10967=CARTESIAN_POINT('Ctrl Pts',(1.5521199439111,-0.0646333427704829,
-0.372985807792862));
#10968=CARTESIAN_POINT('Ctrl Pts',(1.58942619391112,-0.361313182264252,
-0.222739701503256));
#10969=CARTESIAN_POINT('Ctrl Pts',(1.61429702724446,-0.410599347280251,
0.0589525408318324));
#10970=CARTESIAN_POINT('Ctrl Pts',(1.66403869391109,-0.164385146352418,
0.380847461517668));
#10971=CARTESIAN_POINT('Ctrl Pts',(1.68890952724446,0.0886501395984548,
0.397999619225647));
#10972=CARTESIAN_POINT('Ctrl Pts',(1.73865119391109,0.376423552408097,0.156741465410631));
#10973=CARTESIAN_POINT('Ctrl Pts',(1.76352202724444,0.395883613403432,-0.0719165208368128));
#10974=CARTESIAN_POINT('Ctrl Pts',(1.81326369391111,0.18830733260385,-0.355578682198309));
#10975=CARTESIAN_POINT('Ctrl Pts',(1.83813452724442,-0.0185862268188281,
-0.400004846737073));
#10976=CARTESIAN_POINT('Ctrl Pts',(1.88787619391113,-0.32111135908941,-0.23924217918563));
#10977=CARTESIAN_POINT('Ctrl Pts',(1.91274702724444,-0.398247523818224,
-0.0418119002883855));
#10978=CARTESIAN_POINT('Ctrl Pts',(1.96248869391111,-0.284834366726737,
0.281458182966278));
#10979=CARTESIAN_POINT('Ctrl Pts',(1.98735952724445,-0.101258004880279,
0.387422433104354));
#10980=CARTESIAN_POINT('Ctrl Pts',(2.03710119391111,0.235396436074413,0.32394111055768));
#10981=CARTESIAN_POINT('Ctrl Pts',(2.06197202724445,0.367776053003748,0.158398548182594));
#10982=CARTESIAN_POINT('Ctrl Pts',(2.1117136939111,0.355671982380167,-0.183974906400921));
#10983=CARTESIAN_POINT('Ctrl Pts',(2.13658452724445,0.21193248714474,-0.339755715376318));
#10984=CARTESIAN_POINT('Ctrl Pts',(2.1863261939111,-0.128364419760992,-0.379304496385733));
#10985=CARTESIAN_POINT('Ctrl Pts',(2.21119702724445,-0.303999420191913,
-0.260640898095309));
#10986=CARTESIAN_POINT('Ctrl Pts',(2.2609386939111,-0.394300559695355,0.0698311811085411));
#10987=CARTESIAN_POINT('Ctrl Pts',(2.28580952724447,-0.303414730654812,
0.261321308831258));
#10988=CARTESIAN_POINT('Ctrl Pts',(2.33555119391108,0.00970794404960843,
0.400318724327749));
#10989=CARTESIAN_POINT('Ctrl Pts',(2.36042202724445,0.212693126723276,0.339280059936884));
#10990=CARTESIAN_POINT('Ctrl Pts',(2.4101636939111,0.397221961653604,0.0506363348916151));
#10991=CARTESIAN_POINT('Ctrl Pts',(2.43503452724441,0.36742026197976,-0.159222097467138));
#10992=CARTESIAN_POINT('Ctrl Pts',(2.48477619391115,0.109827666249884,-0.38508078238896));
#10993=CARTESIAN_POINT('Ctrl Pts',(2.50964702724444,-0.108059142974964,
-0.393029269752146));
#10994=CARTESIAN_POINT('Ctrl Pts',(2.55938869391111,-0.383355404205045,
-0.138518425980811));
#10995=CARTESIAN_POINT('Ctrl Pts',(2.58425952724448,-0.403719083338077,
0.127947973959364));
#10996=CARTESIAN_POINT('Ctrl Pts',(2.62156577724442,-0.155302884174419,
0.344930105907438));
#10997=CARTESIAN_POINT('Ctrl Pts',(2.6340011939111,-0.0322046843106927,
0.380600634516914));
#10998=CARTESIAN_POINT('Ctrl Pts',(2.65887202724445,0.20477760815609,0.322428380482011));
#10999=CARTESIAN_POINT('Ctrl Pts',(2.67130744391111,0.315738006122275,0.225134227673844));
#11000=CARTESIAN_POINT('Ctrl Pts',(2.69855952724444,0.391888259146323,-0.0701940406017556));
#11001=CARTESIAN_POINT('Ctrl Pts',(2.71337619391109,0.304954559382564,-0.263687803332493));
#11002=CARTESIAN_POINT('Ctrl Pts',(2.74300952724446,-0.0218458868285416,
-0.402555912996796));
#11003=CARTESIAN_POINT('Ctrl Pts',(2.7578261939111,-0.244670154497046,-0.328733117736764));
#11004=CARTESIAN_POINT('Ctrl Pts',(2.78745952724444,-0.409374391494263,
0.0184800889515804));
#11005=CARTESIAN_POINT('Ctrl Pts',(2.80227619391109,-0.321412175548184,
0.26880596406013));
#11006=CARTESIAN_POINT('Ctrl Pts',(2.82450119391112,-0.0235929565775337,
0.376284219554741));
#11007=CARTESIAN_POINT('Ctrl Pts',(2.83190952724444,0.0960004922498349,
0.365877754000946));
#11008=CARTESIAN_POINT('Ctrl Pts',(2.8467261939111,0.283205516623877,0.250753426537267));
#11009=CARTESIAN_POINT('Ctrl Pts',(2.85413452724447,0.345661517600272,0.150547533185595));
#11010=CARTESIAN_POINT('Ctrl Pts',(2.87635952724438,0.385776508044603,-0.163520372357464));
#11011=CARTESIAN_POINT('Ctrl Pts',(2.8911761939112,0.200491579914336,-0.359700173513903));
#11012=CARTESIAN_POINT('Ctrl Pts',(2.92080952724435,-0.192284918568145,
-0.364153306643024));
#11013=CARTESIAN_POINT('Ctrl Pts',(2.93562619391112,-0.360925907423785,
-0.186408531375718));
#11014=CARTESIAN_POINT('Ctrl Pts',(2.96525952724443,-0.362963050797788,
0.182410261076968));
#11015=CARTESIAN_POINT('Ctrl Pts',(2.98007619391108,-0.206400808890997,
0.344695887022084));
#11016=CARTESIAN_POINT('Ctrl Pts',(3.00970952724447,0.140932109659409,0.376237576894878));
#11017=CARTESIAN_POINT('Ctrl Pts',(3.02452619391111,0.30908310094326,0.250943220948256));
#11018=CARTESIAN_POINT('Ctrl Pts',(3.05402723557777,0.391519588374316,-0.0687639866044009));
#11019=CARTESIAN_POINT('Ctrl Pts',(3.06871161057777,0.311017938392426,-0.237560585982678));
#11020=CARTESIAN_POINT('Ctrl Pts',(3.09808036057778,0.0538905849075569,
-0.387637766258503));
#11021=CARTESIAN_POINT('Ctrl Pts',(3.11276473557782,-0.11163400176301,-0.37058271609232));
#11022=CARTESIAN_POINT('Ctrl Pts',(3.14213348557773,-0.329096734746747,
-0.203688672639709));
#11023=CARTESIAN_POINT('Ctrl Pts',(3.15681786057777,-0.378936675037363,
-0.060980651170514));
#11024=CARTESIAN_POINT('Ctrl Pts',(3.18618661057778,-0.333321334193766,
0.190285478156429));
#11025=CARTESIAN_POINT('Ctrl Pts',(3.2008709855778,-0.241506525339074,0.295099165479632));
#11026=CARTESIAN_POINT('Ctrl Pts',(3.23023973557774,-0.0173688896213991,
0.380929479997113));
#11027=CARTESIAN_POINT('Ctrl Pts',(3.24492411057776,0.111191242805292,0.362684988356436));
#11028=CARTESIAN_POINT('Ctrl Pts',(3.2742928605778,0.298450331625499,0.234160879918139));
#11029=CARTESIAN_POINT('Ctrl Pts',(3.28897723557772,0.355915925707158,0.126520866730269));
#11030=CARTESIAN_POINT('Ctrl Pts',(3.33303036057789,0.372582113858854,-0.197215445595866));
#11031=CARTESIAN_POINT('Ctrl Pts',(3.36239911057777,0.166740526044702,-0.379630728137879));
#11032=CARTESIAN_POINT('Ctrl Pts',(3.42113661057778,-0.235950926906422,
-0.340953153473574));
#11033=CARTESIAN_POINT('Ctrl Pts',(3.45050536057783,-0.395107019877407,
-0.125747109753073));
#11034=CARTESIAN_POINT('Ctrl Pts',(3.50924286057773,-0.314149460943764,
0.270614132944553));
#11035=CARTESIAN_POINT('Ctrl Pts',(3.53861161057783,-0.0833493847659982,
0.406170866529257));
#11036=CARTESIAN_POINT('Ctrl Pts',(3.59734911057772,0.302255195779886,0.283837434782908));
#11037=CARTESIAN_POINT('Ctrl Pts',(3.62671786057767,0.412698710154681,0.0400208370764307));
#11038=CARTESIAN_POINT('Ctrl Pts',(3.68545536057788,0.250355591270131,-0.330520756821799));
#11039=CARTESIAN_POINT('Ctrl Pts',(3.71482411057783,-0.00375465214725375,
-0.414617649600004));
#11040=CARTESIAN_POINT('Ctrl Pts',(3.77356161057773,-0.355095154148541,
-0.214077846283345));
#11041=CARTESIAN_POINT('Ctrl Pts',(3.80293036057783,-0.411906254663764,
0.0474882104640991));
#11042=CARTESIAN_POINT('Ctrl Pts',(3.86166786057773,-0.17540933955308,0.375703947751231));
#11043=CARTESIAN_POINT('Ctrl Pts',(3.89103661057782,0.0906914336979071,
0.404594805467824));
#11044=CARTESIAN_POINT('Ctrl Pts',(3.94977411057772,0.392116984386938,0.134781910202205));
#11045=CARTESIAN_POINT('Ctrl Pts',(3.97914286057778,0.392764954257312,-0.132881840274432));
#11046=CARTESIAN_POINT('Ctrl Pts',(4.02319598557778,0.167678194107197,-0.336333685932871));
#11047=CARTESIAN_POINT('Ctrl Pts',(4.03788036057782,0.0650047383884479,
-0.372262147131498));
#11048=CARTESIAN_POINT('Ctrl Pts',(4.06724911057773,-0.150694897661901,
-0.346548263637089));
#11049=CARTESIAN_POINT('Ctrl Pts',(4.08193348557768,-0.263326947547304,
-0.280152959245912));
#11050=CARTESIAN_POINT('Ctrl Pts',(4.11130223557786,-0.381324994738821,
-0.0491722346259758));
#11051=CARTESIAN_POINT('Ctrl Pts',(4.12598661057773,-0.381399435443194,
0.121773079278419));
#11052=CARTESIAN_POINT('Ctrl Pts',(4.14801317307779,-0.206290826129159,
0.309472831388913));
#11053=CARTESIAN_POINT('Ctrl Pts',(4.15535536057781,-0.118359253419577,
0.35865341885208));
#11054=CARTESIAN_POINT('Ctrl Pts',(4.17003973557774,0.0972648349378264,
0.364939170581496));
#11055=CARTESIAN_POINT('Ctrl Pts',(4.17738192307782,0.223503439457993,0.308771975764091));
#11056=CARTESIAN_POINT('Ctrl Pts',(4.19206629807772,0.363427658198607,0.114953284974823));
#11057=CARTESIAN_POINT('Ctrl Pts',(4.19940848557773,0.380763650110227,-0.0176907667250143));
#11058=CARTESIAN_POINT('Ctrl Pts',(4.21409286057782,0.295350980733877,-0.240959993891329));
#11059=CARTESIAN_POINT('Ctrl Pts',(4.22143504807779,0.193910505908246,-0.328165562142887));
#11060=CARTESIAN_POINT('Ctrl Pts',(4.23611942307775,-0.0396477540501778,
-0.379106813547172));
#11061=CARTESIAN_POINT('Ctrl Pts',(4.24346161057776,-0.168188344416846,
-0.342062276904083));
#11062=CARTESIAN_POINT('Ctrl Pts',(4.25814598557778,-0.338815017908214,
-0.174637636594762));
#11063=CARTESIAN_POINT('Ctrl Pts',(4.26548817307782,-0.378287770879292,
-0.0468218205162979));
#11064=CARTESIAN_POINT('Ctrl Pts',(4.28017254807772,-0.331779805627715,
0.18765948163293));
#11065=CARTESIAN_POINT('Ctrl Pts',(4.2875147355777,-0.246511406677826,0.290733635558339));
#11066=CARTESIAN_POINT('Ctrl Pts',(4.30219911057785,-0.0249001571613975,
0.38036022746725));
#11067=CARTESIAN_POINT('Ctrl Pts',(4.30954129807773,0.108048479892772,0.365539938253941));
#11068=CARTESIAN_POINT('Ctrl Pts',(4.32422567307782,0.304482891024633,0.229312209752305));
#11069=CARTESIAN_POINT('Ctrl Pts',(4.33156786057785,0.364960061820644,0.109991243952355));
#11070=CARTESIAN_POINT('Ctrl Pts',(4.3462522355777,0.358690960990217,-0.1289756371509));
#11071=CARTESIAN_POINT('Ctrl Pts',(4.35359442307776,0.29204070735415,-0.244961518865354));
#11072=CARTESIAN_POINT('Ctrl Pts',(4.36827879807779,0.0887337649000235,
-0.370702359644074));
#11073=CARTESIAN_POINT('Ctrl Pts',(4.37562098557779,-0.0448090604607348,
-0.378531463130628));
#11074=CARTESIAN_POINT('Ctrl Pts',(4.39030536057775,-0.261416153157648,
-0.27740857114679));
#11075=CARTESIAN_POINT('Ctrl Pts',(4.39764754807779,-0.341162850998211,
-0.170005381015549));
#11076=CARTESIAN_POINT('Ctrl Pts',(4.41967411057774,-0.392387256157006,
0.184890550304274));
#11077=CARTESIAN_POINT('Ctrl Pts',(4.43298997217067,-0.156488009658167,
0.418104666006696));
#11078=CARTESIAN_POINT('Ctrl Pts',(4.44904286057777,0.0955672319196855,
0.349105580988011));
#11079=CARTESIAN_POINT('Ctrl Pts',(1.12164286057778,0.0294412449167273,
0.337975451523563));
#11080=CARTESIAN_POINT('Ctrl Pts',(1.13674128722819,0.258950978526983,0.317982719804497));
#11081=CARTESIAN_POINT('Ctrl Pts',(1.14963921331252,0.395959679674625,0.0626967230038075));
#11082=CARTESIAN_POINT('Ctrl Pts',(1.17063647786357,0.269765373027912,-0.231788750430113));
#11083=CARTESIAN_POINT('Ctrl Pts',(1.17763556604726,0.178738148519855,-0.307493179722579));
#11084=CARTESIAN_POINT('Ctrl Pts',(1.19163374241462,-0.0296307222498208,
-0.354431095718266));
#11085=CARTESIAN_POINT('Ctrl Pts',(1.19863283059831,-0.14432574385732,-0.325068394299768));
#11086=CARTESIAN_POINT('Ctrl Pts',(1.21747820802348,-0.359973803370118,
-0.13485433565219));
#11087=CARTESIAN_POINT('Ctrl Pts',(1.22932449726497,-0.371397587982624,
0.0991496978989868));
#11088=CARTESIAN_POINT('Ctrl Pts',(1.25301707574796,-0.124865512599517,
0.363559396400736));
#11089=CARTESIAN_POINT('Ctrl Pts',(1.26486336498945,0.110452457715499,0.367292440873472));
#11090=CARTESIAN_POINT('Ctrl Pts',(1.28855594347243,0.36548278319497,0.116300794609972));
#11091=CARTESIAN_POINT('Ctrl Pts',(1.30040223271393,0.362294225790628,-0.095027699732925));
#11092=CARTESIAN_POINT('Ctrl Pts',(1.32409481119689,0.159219865219781,-0.339022785644134));
#11093=CARTESIAN_POINT('Ctrl Pts',(1.3359411004384,-0.021185073484679,-0.367988718410566));
#11094=CARTESIAN_POINT('Ctrl Pts',(1.35963367892137,-0.279561945460989,
-0.240228349403521));
#11095=CARTESIAN_POINT('Ctrl Pts',(1.37147996816286,-0.35192446588517,-0.0944025009506607));
#11096=CARTESIAN_POINT('Ctrl Pts',(1.39517254664586,-0.322384406451783,
0.169796901595542));
#11097=CARTESIAN_POINT('Ctrl Pts',(1.40701883588734,-0.225797858292243,
0.28192592315011));
#11098=CARTESIAN_POINT('Ctrl Pts',(1.43071141437032,0.00920160234359558,
0.36108483325257));
#11099=CARTESIAN_POINT('Ctrl Pts',(1.44255770361181,0.141968466816963,0.329460297272247));
#11100=CARTESIAN_POINT('Ctrl Pts',(1.4662502820948,0.31454998394879,0.172503521200405));
#11101=CARTESIAN_POINT('Ctrl Pts',(1.47809657133629,0.353083898115545,0.0512607078017543));
#11102=CARTESIAN_POINT('Ctrl Pts',(1.50237827724444,0.314644121486731,-0.171868505507121));
#11103=CARTESIAN_POINT('Ctrl Pts',(1.51481369391111,0.234114872100905,-0.268812337968219));
#11104=CARTESIAN_POINT('Ctrl Pts',(1.53968452724444,0.032909477542432,-0.35494624328169));
#11105=CARTESIAN_POINT('Ctrl Pts',(1.5521199439111,-0.0846622010416541,
-0.344560505783956));
#11106=CARTESIAN_POINT('Ctrl Pts',(1.58942619391112,-0.352312220957331,
-0.184802879979383));
#11107=CARTESIAN_POINT('Ctrl Pts',(1.61429702724446,-0.380099872538846,
0.0817935583258018));
#11108=CARTESIAN_POINT('Ctrl Pts',(1.66403869391109,-0.128969873678841,
0.366787275452727));
#11109=CARTESIAN_POINT('Ctrl Pts',(1.68890952724446,0.108743758385042,0.36638956205637));
#11110=CARTESIAN_POINT('Ctrl Pts',(1.73865119391109,0.362154227903698,0.122110036157272));
#11111=CARTESIAN_POINT('Ctrl Pts',(1.76352202724444,0.36549792283552,-0.0929596183240788));
#11112=CARTESIAN_POINT('Ctrl Pts',(1.81326369391111,0.152979527115128,-0.344713667211235));
#11113=CARTESIAN_POINT('Ctrl Pts',(1.83813452724442,-0.0433610554546703,
-0.37281550260364));
#11114=CARTESIAN_POINT('Ctrl Pts',(1.88787619391113,-0.315793593262007,
-0.20284473511401));
#11115=CARTESIAN_POINT('Ctrl Pts',(1.91274702724444,-0.375095451444369,
-0.0132280917050651));
#11116=CARTESIAN_POINT('Ctrl Pts',(1.96248869391111,-0.248051157558958,
0.281677481053782));
#11117=CARTESIAN_POINT('Ctrl Pts',(1.98735952724445,-0.0695160461058265,
0.368834786091126));
#11118=CARTESIAN_POINT('Ctrl Pts',(2.03710119391111,0.241147804839991,0.287609659641846));
#11119=CARTESIAN_POINT('Ctrl Pts',(2.06197202724445,0.354176056749871,0.124221177449509));
#11120=CARTESIAN_POINT('Ctrl Pts',(2.1117136939111,0.320619526901267,-0.19512739191905));
#11121=CARTESIAN_POINT('Ctrl Pts',(2.13658452724445,0.17609789500841,-0.331453030584355));
#11122=CARTESIAN_POINT('Ctrl Pts',(2.1863261939111,-0.144664089130836,-0.346329151857346));
#11123=CARTESIAN_POINT('Ctrl Pts',(2.21119702724445,-0.301183092149724,
-0.223965008676089));
#11124=CARTESIAN_POINT('Ctrl Pts',(2.2609386939111,-0.364153147527016,0.0909069042962323));
#11125=CARTESIAN_POINT('Ctrl Pts',(2.28580952724447,-0.26673262371863,0.26405546300653));
#11126=CARTESIAN_POINT('Ctrl Pts',(2.33555119391108,0.0350798442133126,
0.373685676240559));
#11127=CARTESIAN_POINT('Ctrl Pts',(2.36042202724445,0.220915508679528,0.303426956817391));
#11128=CARTESIAN_POINT('Ctrl Pts',(2.4101636939111,0.374709690195814,0.0215459550016511));
#11129=CARTESIAN_POINT('Ctrl Pts',(2.4350345272444,0.33321250827714,-0.172745490345926));
#11130=CARTESIAN_POINT('Ctrl Pts',(2.48477619391115,0.0776811706012154,
-0.367201873422159));
#11131=CARTESIAN_POINT('Ctrl Pts',(2.50964702724444,-0.12656921481859,-0.360481358065389));
#11132=CARTESIAN_POINT('Ctrl Pts',(2.55938869391111,-0.367452158105316,
-0.10462040937315));
#11133=CARTESIAN_POINT('Ctrl Pts',(2.58425952724448,-0.36918495325494,0.14586052888123));
#11134=CARTESIAN_POINT('Ctrl Pts',(2.62156577724442,-0.122810535975916,
0.332612978011414));
#11135=CARTESIAN_POINT('Ctrl Pts',(2.6340011939111,-0.00539115057035209,
0.357970774532488));
#11136=CARTESIAN_POINT('Ctrl Pts',(2.65887202724445,0.212419546885137,0.288184016565998));
#11137=CARTESIAN_POINT('Ctrl Pts',(2.67130744391111,0.30985288943569,0.190002180608107));
#11138=CARTESIAN_POINT('Ctrl Pts',(2.69855952724444,0.361873967252514,-0.0910895048549117));
#11139=CARTESIAN_POINT('Ctrl Pts',(2.71337619391109,0.268018719453008,-0.266368261905712));
#11140=CARTESIAN_POINT('Ctrl Pts',(2.74300952724446,-0.046574689162021,
-0.374989136456916));
#11141=CARTESIAN_POINT('Ctrl Pts',(2.7578261939111,-0.250130416267071,-0.291488035648286));
#11142=CARTESIAN_POINT('Ctrl Pts',(2.78745952724444,-0.381583348055281,
0.0438704051409075));
#11143=CARTESIAN_POINT('Ctrl Pts',(2.80227619391109,-0.283074893350872,
0.272222970484421));
#11144=CARTESIAN_POINT('Ctrl Pts',(2.82450119391112,0.0023808370370288,
0.35337535998224));
#11145=CARTESIAN_POINT('Ctrl Pts',(2.83190952724444,0.113530215666061,0.335876716284367));
#11146=CARTESIAN_POINT('Ctrl Pts',(2.8467261939111,0.281097609645596,0.216070428316683));
#11147=CARTESIAN_POINT('Ctrl Pts',(2.85413452724447,0.332988000168794,0.118316557666059));
#11148=CARTESIAN_POINT('Ctrl Pts',(2.87635952724438,0.350097242870874,-0.177956892725675));
#11149=CARTESIAN_POINT('Ctrl Pts',(2.8911761939112,0.164104644485034,-0.349358870238001));
#11150=CARTESIAN_POINT('Ctrl Pts',(2.92080952724435,-0.203448531564458,
-0.328010179495513));
#11151=CARTESIAN_POINT('Ctrl Pts',(2.93562619391112,-0.349590230925319,
-0.150856735475591));
#11152=CARTESIAN_POINT('Ctrl Pts',(2.96525952724443,-0.327538638775942,
0.194137964422692));
#11153=CARTESIAN_POINT('Ctrl Pts',(2.98007619391108,-0.170604637727449,
0.335713009198985));
#11154=CARTESIAN_POINT('Ctrl Pts',(3.00970952724447,0.156216241906117,0.342645115249194));
#11155=CARTESIAN_POINT('Ctrl Pts',(3.02452619391111,0.305306658241251,0.214567031028792));
#11156=CARTESIAN_POINT('Ctrl Pts',(3.05402723557777,0.361622131620683,-0.0897283923988269));
#11157=CARTESIAN_POINT('Ctrl Pts',(3.06871161057777,0.275385333624189,-0.242331966359045));
#11158=CARTESIAN_POINT('Ctrl Pts',(3.09808036057778,0.0252113630059526,
-0.365959408690632));
#11159=CARTESIAN_POINT('Ctrl Pts',(3.11276473557782,-0.128453867621385,
-0.339260604568722));
#11160=CARTESIAN_POINT('Ctrl Pts',(3.14213348557773,-0.320950925689993,
-0.16908190076636));
#11161=CARTESIAN_POINT('Ctrl Pts',(3.15681786057777,-0.358284023084709,
-0.0324060724750572));
#11162=CARTESIAN_POINT('Ctrl Pts',(3.18618661057778,-0.299310752718133,
0.199576290499894));
#11163=CARTESIAN_POINT('Ctrl Pts',(3.2008709855778,-0.206651609135915,0.291618086144377));
#11164=CARTESIAN_POINT('Ctrl Pts',(3.23023973557774,0.00850235351768505,
0.357314609470694));
#11165=CARTESIAN_POINT('Ctrl Pts',(3.24492411057776,0.1275268754252,0.331904628381767));
#11166=CARTESIAN_POINT('Ctrl Pts',(3.2742928605778,0.294274447004809,0.199565422835112));
#11167=CARTESIAN_POINT('Ctrl Pts',(3.28897723557772,0.341015700654712,0.0951844603866993));
#11168=CARTESIAN_POINT('Ctrl Pts',(3.33303036057789,0.33557123878478,-0.208606287385154));
#11169=CARTESIAN_POINT('Ctrl Pts',(3.36239911057777,0.131251293251297,-0.365802566638744));
#11170=CARTESIAN_POINT('Ctrl Pts',(3.42113661057778,-0.242771286567897,
-0.303480678391203));
#11171=CARTESIAN_POINT('Ctrl Pts',(3.45050536057783,-0.377610900740653,
-0.0919153272126557));
#11172=CARTESIAN_POINT('Ctrl Pts',(3.50924286057773,-0.276166475648708,
0.27344194531202));
#11173=CARTESIAN_POINT('Ctrl Pts',(3.53861161057783,-0.051552876397551,
0.385202181537486));
#11174=CARTESIAN_POINT('Ctrl Pts',(3.59734911057772,0.301058880632901,0.245768122669637));
#11175=CARTESIAN_POINT('Ctrl Pts',(3.62671786057767,0.38849163173817,0.0106146974243283));
#11176=CARTESIAN_POINT('Ctrl Pts',(3.68545536057788,0.212625099806993,-0.325313674274665));
#11177=CARTESIAN_POINT('Ctrl Pts',(3.71482411057783,-0.0304420235107672,
-0.387442515664464));
#11178=CARTESIAN_POINT('Ctrl Pts',(3.77356161057773,-0.345935455447691,
-0.177107539083943));
#11179=CARTESIAN_POINT('Ctrl Pts',(3.80293036057783,-0.382066549531598,
0.0711587764128054));
#11180=CARTESIAN_POINT('Ctrl Pts',(3.86166786057773,-0.139612090705193,
0.362693925859292));
#11181=CARTESIAN_POINT('Ctrl Pts',(3.89103661057782,0.111080847947996,0.372423770650076));
#11182=CARTESIAN_POINT('Ctrl Pts',(3.94977411057772,0.375401931602636,0.100557493404766));
#11183=CARTESIAN_POINT('Ctrl Pts',(3.97914286057778,0.358621866905212,-0.149762399529843));
#11184=CARTESIAN_POINT('Ctrl Pts',(4.02319598557778,0.134940390270643,-0.325378764777622));
#11185=CARTESIAN_POINT('Ctrl Pts',(4.03788036057782,0.0366023175542489,
-0.352304417615602));
#11186=CARTESIAN_POINT('Ctrl Pts',(4.06724911057773,-0.163416441200397,
-0.314250118060903));
#11187=CARTESIAN_POINT('Ctrl Pts',(4.08193348557768,-0.264419871527626,
-0.244851532271009));
#11188=CARTESIAN_POINT('Ctrl Pts',(4.11130223557786,-0.359750201890772,
-0.0212095329413373));
#11189=CARTESIAN_POINT('Ctrl Pts',(4.12598661057773,-0.348716152100417,
0.138636960975213));
#11190=CARTESIAN_POINT('Ctrl Pts',(4.14801317307779,-0.172789692296584,
0.302770703161814));
#11191=CARTESIAN_POINT('Ctrl Pts',(4.15535536057781,-0.0873751677037858,
0.343045248562912));
#11192=CARTESIAN_POINT('Ctrl Pts',(4.17003973557774,0.114651468546789,0.33491697335766));
#11193=CARTESIAN_POINT('Ctrl Pts',(4.17738192307782,0.229042008539207,0.274198330139363));
#11194=CARTESIAN_POINT('Ctrl Pts',(4.19206629807772,0.347288147185061,0.0838803240039839));
#11195=CARTESIAN_POINT('Ctrl Pts',(4.19940848557773,0.354882271014437,-0.0412739585223863));
#11196=CARTESIAN_POINT('Ctrl Pts',(4.21409286057782,0.260515207653898,-0.24449292938069));
#11197=CARTESIAN_POINT('Ctrl Pts',(4.22143504807779,0.159999353055524,-0.31944510163607));
#11198=CARTESIAN_POINT('Ctrl Pts',(4.23611942307775,-0.0616971234011071,
-0.351906849751644));
#11199=CARTESIAN_POINT('Ctrl Pts',(4.24346161057776,-0.179482226405135,
-0.308919239190465));
#11200=CARTESIAN_POINT('Ctrl Pts',(4.25814598557778,-0.328150969862776,
-0.141286612644422));
#11201=CARTESIAN_POINT('Ctrl Pts',(4.26548817307782,-0.356757589366323,
-0.0192090697791791));
#11202=CARTESIAN_POINT('Ctrl Pts',(4.28017254807772,-0.298039923364286,
0.197020734973254));
#11203=CARTESIAN_POINT('Ctrl Pts',(4.2875147355777,-0.211614961768466,0.287861205935231));
#11204=CARTESIAN_POINT('Ctrl Pts',(4.30219911057785,0.00142329968680465,
0.357271521595927));
#11205=CARTESIAN_POINT('Ctrl Pts',(4.30954129807773,0.124773690523086,0.334778273009301));
#11206=CARTESIAN_POINT('Ctrl Pts',(4.32422567307782,0.299600222351595,0.194639853820222));
#11207=CARTESIAN_POINT('Ctrl Pts',(4.33156786057785,0.348398707864059,0.0791410531202651));
#11208=CARTESIAN_POINT('Ctrl Pts',(4.3462522355777,0.327014855604954,-0.143896664825743));
#11209=CARTESIAN_POINT('Ctrl Pts',(4.35359442307776,0.257160034421625,-0.248019520668267));
#11210=CARTESIAN_POINT('Ctrl Pts',(4.36827879807779,0.0588913538054091,
-0.352387250599559));
#11211=CARTESIAN_POINT('Ctrl Pts',(4.37562098557779,-0.0664858085435474,
-0.351033621182455));
#11212=CARTESIAN_POINT('Ctrl Pts',(4.39030536057775,-0.26245493153462,-0.242409518891965));
#11213=CARTESIAN_POINT('Ctrl Pts',(4.39764754807779,-0.330045415279449,
-0.136802740423408));
#11214=CARTESIAN_POINT('Ctrl Pts',(4.41967411057774,-0.354890505909298,
0.198368380335226));
#11215=CARTESIAN_POINT('Ctrl Pts',(4.43299064042514,-0.119155202189794,
0.401108544623481));
#11216=CARTESIAN_POINT('Ctrl Pts',(4.44904286057777,0.11203567059342,0.320222112368558));
#11217=CARTESIAN_POINT('Ctrl Pts',(1.09139138282827,0.0504538854149268,
0.316212619784048));
#11218=CARTESIAN_POINT('Ctrl Pts',(1.10648923346746,0.265176892850966,0.281952095188808));
#11219=CARTESIAN_POINT('Ctrl Pts',(1.11938773556301,0.37700112684652,0.0323904389675804));
#11220=CARTESIAN_POINT('Ctrl Pts',(1.14038500011406,0.238382912573022,-0.236369088810007));
#11221=CARTESIAN_POINT('Ctrl Pts',(1.14738408829775,0.147590971310302,-0.301518928660427));
#11222=CARTESIAN_POINT('Ctrl Pts',(1.16138226466511,-0.0517392570993372,
-0.33169234002046));
#11223=CARTESIAN_POINT('Ctrl Pts',(1.1683813528488,-0.157745725098457,-0.296332659971858));
#11224=CARTESIAN_POINT('Ctrl Pts',(1.18722673027397,-0.347975669150473,
-0.102745339883904));
#11225=CARTESIAN_POINT('Ctrl Pts',(1.19907301951547,-0.342989154810717,
0.11833051536637));
#11226=CARTESIAN_POINT('Ctrl Pts',(1.22276559799845,-0.0930999743219513,
0.350679434757292));
#11227=CARTESIAN_POINT('Ctrl Pts',(1.23461188723994,0.128695548224318,0.338363943149167));
#11228=CARTESIAN_POINT('Ctrl Pts',(1.25830446572292,0.351914086694926,0.0849071764499141));
#11229=CARTESIAN_POINT('Ctrl Pts',(1.27015075496442,0.334695918570823,-0.113837394267691));
#11230=CARTESIAN_POINT('Ctrl Pts',(1.29384333344739,0.127094104638218,-0.32989004049301));
#11231=CARTESIAN_POINT('Ctrl Pts',(1.30568962268889,-0.0446999794312414,
-0.345024557098518));
#11232=CARTESIAN_POINT('Ctrl Pts',(1.32938220117186,-0.279359055097363,
-0.207361000315286));
#11233=CARTESIAN_POINT('Ctrl Pts',(1.34122849041335,-0.337676245109056,
-0.065202707472467));
#11234=CARTESIAN_POINT('Ctrl Pts',(1.36492106889635,-0.292092304786451,
0.181545457301752));
#11235=CARTESIAN_POINT('Ctrl Pts',(1.37676735813783,-0.193616124376119,
0.280613913964003));
#11236=CARTESIAN_POINT('Ctrl Pts',(1.40045993662081,0.032953491772299,0.339330906436971));
#11237=CARTESIAN_POINT('Ctrl Pts',(1.4123062258623,0.155821870555891,0.300626073149483));
#11238=CARTESIAN_POINT('Ctrl Pts',(1.43599880434529,0.307743277246157,0.141246550585548));
#11239=CARTESIAN_POINT('Ctrl Pts',(1.44784509358678,0.335865629642406,0.024508083035954));
#11240=CARTESIAN_POINT('Ctrl Pts',(1.47212679949494,0.284665713743779,-0.182975111240622));
#11241=CARTESIAN_POINT('Ctrl Pts',(1.48456221616161,0.202328490526826,-0.268827382277343));
#11242=CARTESIAN_POINT('Ctrl Pts',(1.50943304949493,0.00710570091170952,
-0.336384466051055));
#11243=CARTESIAN_POINT('Ctrl Pts',(1.5218684661616,-0.102885644350607,-0.318697479909692));
#11244=CARTESIAN_POINT('Ctrl Pts',(1.55917471616161,-0.344122612449352,
-0.150285709454628));
#11245=CARTESIAN_POINT('Ctrl Pts',(1.58404554949494,-0.352349641278635,
0.102575670904795));
#11246=CARTESIAN_POINT('Ctrl Pts',(1.6337872161616,-0.0967469578690564,
0.353994484161342));
#11247=CARTESIAN_POINT('Ctrl Pts',(1.65865804949494,0.127026124652338,0.337628857026751));
#11248=CARTESIAN_POINT('Ctrl Pts',(1.70839971616159,0.349171150054601,0.0906003075865198));
#11249=CARTESIAN_POINT('Ctrl Pts',(1.73327054949492,0.337851219165705,-0.112105876633572));
#11250=CARTESIAN_POINT('Ctrl Pts',(1.78301221616162,0.120836194138421,-0.334828032094781));
#11251=CARTESIAN_POINT('Ctrl Pts',(1.80788304949491,-0.0659026641186159,
-0.348077024517918));
#11252=CARTESIAN_POINT('Ctrl Pts',(1.85762471616162,-0.310955174477773,
-0.169728181506726));
#11253=CARTESIAN_POINT('Ctrl Pts',(1.88249554949494,-0.354030322684788,
0.0127791528527509));
#11254=CARTESIAN_POINT('Ctrl Pts',(1.9322372161616,-0.214583611984705,0.281877011461919));
#11255=CARTESIAN_POINT('Ctrl Pts',(1.95710804949494,-0.0406353291717987,
0.351922642273125));
#11256=CARTESIAN_POINT('Ctrl Pts',(2.0068497161616,0.246380741297446,0.254553150522213));
#11257=CARTESIAN_POINT('Ctrl Pts',(2.03172054949493,0.341801973445722,0.0931245782539339));
#11258=CARTESIAN_POINT('Ctrl Pts',(2.08146221616161,0.288726723696458,-0.205274584776571));
#11259=CARTESIAN_POINT('Ctrl Pts',(2.10633304949494,0.143493457478589,-0.323898755469414));
#11260=CARTESIAN_POINT('Ctrl Pts',(2.1560747161616,-0.159494495172679,-0.316326227403525));
#11261=CARTESIAN_POINT('Ctrl Pts',(2.18094554949494,-0.298620629840516,
-0.190595108974982));
#11262=CARTESIAN_POINT('Ctrl Pts',(2.2306872161616,-0.336723243679122,0.110082847403231));
#11263=CARTESIAN_POINT('Ctrl Pts',(2.25555804949496,-0.23335706695179,0.266543158657295));
#11264=CARTESIAN_POINT('Ctrl Pts',(2.30529971616157,0.0581647039698643,
0.349453349295584));
#11265=CARTESIAN_POINT('Ctrl Pts',(2.33017054949494,0.228396719511201,0.270805676897075));
#11266=CARTESIAN_POINT('Ctrl Pts',(2.3799122161616,0.354226690260795,-0.00492219817929065));
#11267=CARTESIAN_POINT('Ctrl Pts',(2.4047830494949,0.302088264853661,-0.185049875355534));
#11268=CARTESIAN_POINT('Ctrl Pts',(2.45452471616164,0.0484323820230669,
-0.35093458151908));
#11269=CARTESIAN_POINT('Ctrl Pts',(2.47939554949493,-0.143410776145757,
-0.330867337364959));
#11270=CARTESIAN_POINT('Ctrl Pts',(2.52913721616161,-0.352982441469296,
-0.0737779831313645));
#11271=CARTESIAN_POINT('Ctrl Pts',(2.55400804949497,-0.337763753240763,
0.162158433870005));
#11272=CARTESIAN_POINT('Ctrl Pts',(2.59131429949492,-0.0932470702329592,
0.321406124435269));
#11273=CARTESIAN_POINT('Ctrl Pts',(2.60374971616159,0.0190053929277427,
0.337380785580927));
#11274=CARTESIAN_POINT('Ctrl Pts',(2.62862054949494,0.219372636038492,0.257026462998759));
#11275=CARTESIAN_POINT('Ctrl Pts',(2.6410559661616,0.304498261186167,0.158036960256453));
#11276=CARTESIAN_POINT('Ctrl Pts',(2.66830804949493,0.334565184126687,-0.110101437690833));
#11277=CARTESIAN_POINT('Ctrl Pts',(2.68312471616158,0.234412301358082,-0.268807102112665));
#11278=CARTESIAN_POINT('Ctrl Pts',(2.71275804949495,-0.0690744203659249,
-0.349907247979615));
#11279=CARTESIAN_POINT('Ctrl Pts',(2.7275747161616,-0.25509848631235,-0.257600250693836));
#11280=CARTESIAN_POINT('Ctrl Pts',(2.75720804949494,-0.356297408250315,
0.0669720208899598));
#11281=CARTESIAN_POINT('Ctrl Pts',(2.77202471616158,-0.248193359951247,
0.275331965616155));
#11282=CARTESIAN_POINT('Ctrl Pts',(2.79424971616161,0.0260133351577409,
0.332531520656005));
#11283=CARTESIAN_POINT('Ctrl Pts',(2.80165804949494,0.129479797842547,0.30857999259518));
#11284=CARTESIAN_POINT('Ctrl Pts',(2.8164747161616,0.279179710841823,0.184513779240633));
#11285=CARTESIAN_POINT('Ctrl Pts',(2.82388304949496,0.321456882253298,0.088990904290298));
#11286=CARTESIAN_POINT('Ctrl Pts',(2.84610804949487,0.317634131025181,-0.191092095289232));
#11287=CARTESIAN_POINT('Ctrl Pts',(2.86092471616169,0.130997652263864,-0.339949739101439));
#11288=CARTESIAN_POINT('Ctrl Pts',(2.89055804949484,-0.213605848861679,
-0.295125018511119));
#11289=CARTESIAN_POINT('Ctrl Pts',(2.90537471616161,-0.339276360047527,
-0.118509602736125));
#11290=CARTESIAN_POINT('Ctrl Pts',(2.93500804949492,-0.295307407444979,
0.204808524580015));
#11291=CARTESIAN_POINT('Ctrl Pts',(2.94982471616157,-0.138035157877693,
0.327539854117242));
#11292=CARTESIAN_POINT('Ctrl Pts',(2.97945804949496,0.170122652034616,0.312080701036453));
#11293=CARTESIAN_POINT('Ctrl Pts',(2.9942747161616,0.301870626663327,0.181469815709868));
#11294=CARTESIAN_POINT('Ctrl Pts',(3.02377575782826,0.334419652035709,-0.108803052338408));
#11295=CARTESIAN_POINT('Ctrl Pts',(3.03846013282827,0.242964676183171,-0.246673251249926));
#11296=CARTESIAN_POINT('Ctrl Pts',(3.06782888282827,-0.000882694248482619,
-0.346235153078017));
#11297=CARTESIAN_POINT('Ctrl Pts',(3.08251325782831,-0.143757579285042,
-0.310761889567647));
#11298=CARTESIAN_POINT('Ctrl Pts',(3.11188200782822,-0.313539385424368,
-0.137594606942543));
#11299=CARTESIAN_POINT('Ctrl Pts',(3.12656638282826,-0.339493015282701,
-0.00640722581671709));
#11300=CARTESIAN_POINT('Ctrl Pts',(3.15593513282827,-0.268365908282453,
0.208029622674056));
#11301=CARTESIAN_POINT('Ctrl Pts',(3.1706195078283,-0.174938538881635,0.288450793677625));
#11302=CARTESIAN_POINT('Ctrl Pts',(3.19998825782824,0.0320415451328115,
0.335828399500052));
#11303=CARTESIAN_POINT('Ctrl Pts',(3.21467263282825,0.142390002965192,0.303898831075042));
#11304=CARTESIAN_POINT('Ctrl Pts',(3.24404138282829,0.290474979475527,0.168088423878688));
#11305=CARTESIAN_POINT('Ctrl Pts',(3.25872575782821,0.327458592063817,0.0666727391104861));
#11306=CARTESIAN_POINT('Ctrl Pts',(3.30277888282838,0.301896549264506,-0.218970350916783));
#11307=CARTESIAN_POINT('Ctrl Pts',(3.33214763282826,0.0989610841373823,
-0.353220885060355));
#11308=CARTESIAN_POINT('Ctrl Pts',(3.39088513282827,-0.248976854351876,
-0.269385997802607));
#11309=CARTESIAN_POINT('Ctrl Pts',(3.42025388282832,-0.361691893730928,
-0.0611331646540646));
#11310=CARTESIAN_POINT('Ctrl Pts',(3.47899138282822,-0.241607302586635,
0.276014856741579));
#11311=CARTESIAN_POINT('Ctrl Pts',(3.50836013282832,-0.0226225270071861,
0.366123628130334));
#11312=CARTESIAN_POINT('Ctrl Pts',(3.56709763282822,0.299970402150229,0.211130404347682));
#11313=CARTESIAN_POINT('Ctrl Pts',(3.59646638282816,0.366466595901068,-0.0161407527181615));
#11314=CARTESIAN_POINT('Ctrl Pts',(3.65520388282837,0.178295660610395,-0.320575961704233));
#11315=CARTESIAN_POINT('Ctrl Pts',(3.68457263282832,-0.0547237769948427,
-0.362716966859704));
#11316=CARTESIAN_POINT('Ctrl Pts',(3.74331013282822,-0.337601418242867,
-0.143469760622411));
#11317=CARTESIAN_POINT('Ctrl Pts',(3.77267888282832,-0.354916615797499,
0.0926956613823298));
#11318=CARTESIAN_POINT('Ctrl Pts',(3.83141638282822,-0.107041630314297,
0.350856636225203));
#11319=CARTESIAN_POINT('Ctrl Pts',(3.86078513282832,0.129632346473704,0.343152654880307));
#11320=CARTESIAN_POINT('Ctrl Pts',(3.91952263282822,0.360193585090976,0.0694180889092124));
#11321=CARTESIAN_POINT('Ctrl Pts',(3.94889138282827,0.327556460763245,-0.165121333646279));
#11322=CARTESIAN_POINT('Ctrl Pts',(3.99294450782827,0.105153594428477,-0.315411327696396));
#11323=CARTESIAN_POINT('Ctrl Pts',(4.00762888282831,0.0107601103299767,
-0.334145691467348));
#11324=CARTESIAN_POINT('Ctrl Pts',(4.03699763282822,-0.174991256116822,
-0.284863349383269));
#11325=CARTESIAN_POINT('Ctrl Pts',(4.05168200782818,-0.265414278594007,
-0.212732200030867));
#11326=CARTESIAN_POINT('Ctrl Pts',(4.08105075782835,-0.340120175603413,
0.00423259171779124));
#11327=CARTESIAN_POINT('Ctrl Pts',(4.09573513282822,-0.31897896223749,0.153980720859561));
#11328=CARTESIAN_POINT('Ctrl Pts',(4.11776169532828,-0.142308373545505,
0.296672709349968));
#11329=CARTESIAN_POINT('Ctrl Pts',(4.1251038828283,-0.059184008633366,0.328844009402384));
#11330=CARTESIAN_POINT('Ctrl Pts',(4.13978825782823,0.130470859128958,0.30760099749366));
#11331=CARTESIAN_POINT('Ctrl Pts',(4.14713044532831,0.234081327221167,0.242741176541495));
#11332=CARTESIAN_POINT('Ctrl Pts',(4.16181482032822,0.332603462715902,0.0556083009546968));
#11333=CARTESIAN_POINT('Ctrl Pts',(4.16915700782822,0.331333857104663,-0.0627313453062444));
#11334=CARTESIAN_POINT('Ctrl Pts',(4.18384138282831,0.228819554948603,-0.247707403652411));
#11335=CARTESIAN_POINT('Ctrl Pts',(4.19118357032828,0.129144974678778,-0.311510709394513));
#11336=CARTESIAN_POINT('Ctrl Pts',(4.20586794532825,-0.0817589475412876,
-0.327158709267428));
#11337=CARTESIAN_POINT('Ctrl Pts',(4.21321013282825,-0.189758070158439,
-0.278763737529643));
#11338=CARTESIAN_POINT('Ctrl Pts',(4.22789450782828,-0.318448186390603,
-0.110941872768287));
#11339=CARTESIAN_POINT('Ctrl Pts',(4.23523669532831,-0.337168153117832,
0.0059146487498252));
#11340=CARTESIAN_POINT('Ctrl Pts',(4.24992107032821,-0.267341377128959,
0.205538158544706));
#11341=CARTESIAN_POINT('Ctrl Pts',(4.25726325782819,-0.179864106233922,
0.285247699079921));
#11342=CARTESIAN_POINT('Ctrl Pts',(4.27194763282834,0.025373942158493,0.336264047439062));
#11343=CARTESIAN_POINT('Ctrl Pts',(4.27928982032822,0.139991279245578,0.306789485276864));
#11344=CARTESIAN_POINT('Ctrl Pts',(4.29397419532831,0.295157680767112,0.163092887729517));
#11345=CARTESIAN_POINT('Ctrl Pts',(4.30131638282834,0.333330205662824,0.0510717195572896));
#11346=CARTESIAN_POINT('Ctrl Pts',(4.31600075782819,0.298194055990644,-0.157472700876446));
#11347=CARTESIAN_POINT('Ctrl Pts',(4.32334294532825,0.225423529167153,-0.250801872100364));
#11348=CARTESIAN_POINT('Ctrl Pts',(4.33802732032828,0.0317389580261636,
-0.335723077991656));
#11349=CARTESIAN_POINT('Ctrl Pts',(4.34536950782828,-0.0862085997511814,
-0.32601445348569));
#11350=CARTESIAN_POINT('Ctrl Pts',(4.36005388282825,-0.263400073719313,
-0.210565305108148));
#11351=CARTESIAN_POINT('Ctrl Pts',(4.36739607032828,-0.319930112808443,
-0.106593008528235));
#11352=CARTESIAN_POINT('Ctrl Pts',(4.38942263282823,-0.320773738335346,
0.210631309563215));
#11353=CARTESIAN_POINT('Ctrl Pts',(4.40273987878011,-0.0851884689027324,
0.385642537277609));
#11354=CARTESIAN_POINT('Ctrl Pts',(4.41879138282826,0.127019632958853,0.293942219334905));
#11355=CARTESIAN_POINT('Ctrl Pts',(1.02489433832729,0.0504538854149268,
0.316212619784048));
#11356=CARTESIAN_POINT('Ctrl Pts',(1.03999218896648,0.265176892850967,0.281952095188808));
#11357=CARTESIAN_POINT('Ctrl Pts',(1.05289069106202,0.37700112684652,0.0323904389675805));
#11358=CARTESIAN_POINT('Ctrl Pts',(1.07388795561308,0.238382912573022,-0.236369088810007));
#11359=CARTESIAN_POINT('Ctrl Pts',(1.08088704379677,0.147590971310302,-0.301518928660427));
#11360=CARTESIAN_POINT('Ctrl Pts',(1.09488522016413,-0.0517392570993372,
-0.33169234002046));
#11361=CARTESIAN_POINT('Ctrl Pts',(1.10188430834782,-0.157745725098456,
-0.296332659971858));
#11362=CARTESIAN_POINT('Ctrl Pts',(1.12072968577299,-0.347975669150473,
-0.102745339883904));
#11363=CARTESIAN_POINT('Ctrl Pts',(1.13257597501448,-0.342989154810717,
0.11833051536637));
#11364=CARTESIAN_POINT('Ctrl Pts',(1.15626855349747,-0.0930999743219513,
0.350679434757292));
#11365=CARTESIAN_POINT('Ctrl Pts',(1.16811484273896,0.128695548224318,0.338363943149166));
#11366=CARTESIAN_POINT('Ctrl Pts',(1.19180742122194,0.351914086694926,0.0849071764499141));
#11367=CARTESIAN_POINT('Ctrl Pts',(1.20365371046344,0.334695918570823,-0.113837394267691));
#11368=CARTESIAN_POINT('Ctrl Pts',(1.2273462889464,0.127094104638218,-0.32989004049301));
#11369=CARTESIAN_POINT('Ctrl Pts',(1.23919257818791,-0.0446999794312414,
-0.345024557098518));
#11370=CARTESIAN_POINT('Ctrl Pts',(1.26288515667088,-0.279359055097363,
-0.207361000315286));
#11371=CARTESIAN_POINT('Ctrl Pts',(1.27473144591237,-0.337676245109056,
-0.065202707472467));
#11372=CARTESIAN_POINT('Ctrl Pts',(1.29842402439536,-0.292092304786451,
0.181545457301752));
#11373=CARTESIAN_POINT('Ctrl Pts',(1.31027031363685,-0.193616124376119,
0.280613913964003));
#11374=CARTESIAN_POINT('Ctrl Pts',(1.33396289211983,0.032953491772299,0.339330906436971));
#11375=CARTESIAN_POINT('Ctrl Pts',(1.34580918136132,0.155821870555892,0.300626073149483));
#11376=CARTESIAN_POINT('Ctrl Pts',(1.3695017598443,0.307743277246158,0.141246550585549));
#11377=CARTESIAN_POINT('Ctrl Pts',(1.38134804908579,0.335865629642405,0.024508083035954));
#11378=CARTESIAN_POINT('Ctrl Pts',(1.40562975499395,0.284665713743779,-0.182975111240622));
#11379=CARTESIAN_POINT('Ctrl Pts',(1.41806517166062,0.202328490526826,-0.268827382277343));
#11380=CARTESIAN_POINT('Ctrl Pts',(1.44293600499395,0.00710570091170952,
-0.336384466051055));
#11381=CARTESIAN_POINT('Ctrl Pts',(1.45537142166061,-0.102885644350607,
-0.318697479909692));
#11382=CARTESIAN_POINT('Ctrl Pts',(1.49267767166063,-0.344122612449352,
-0.150285709454628));
#11383=CARTESIAN_POINT('Ctrl Pts',(1.51754850499396,-0.352349641278634,
0.102575670904795));
#11384=CARTESIAN_POINT('Ctrl Pts',(1.56729017166061,-0.0967469578690564,
0.353994484161342));
#11385=CARTESIAN_POINT('Ctrl Pts',(1.59216100499396,0.127026124652337,0.337628857026751));
#11386=CARTESIAN_POINT('Ctrl Pts',(1.64190267166061,0.349171150054601,0.0906003075865198));
#11387=CARTESIAN_POINT('Ctrl Pts',(1.66677350499394,0.337851219165706,-0.112105876633572));
#11388=CARTESIAN_POINT('Ctrl Pts',(1.71651517166063,0.120836194138421,-0.334828032094781));
#11389=CARTESIAN_POINT('Ctrl Pts',(1.74138600499393,-0.0659026641186161,
-0.348077024517918));
#11390=CARTESIAN_POINT('Ctrl Pts',(1.79112767166064,-0.310955174477772,
-0.169728181506726));
#11391=CARTESIAN_POINT('Ctrl Pts',(1.81599850499395,-0.354030322684788,
0.0127791528527509));
#11392=CARTESIAN_POINT('Ctrl Pts',(1.86574017166062,-0.214583611984705,
0.281877011461919));
#11393=CARTESIAN_POINT('Ctrl Pts',(1.89061100499396,-0.0406353291717992,
0.351922642273125));
#11394=CARTESIAN_POINT('Ctrl Pts',(1.94035267166061,0.246380741297446,0.254553150522213));
#11395=CARTESIAN_POINT('Ctrl Pts',(1.96522350499394,0.341801973445722,0.0931245782539342));
#11396=CARTESIAN_POINT('Ctrl Pts',(2.01496517166062,0.288726723696458,-0.20527458477657));
#11397=CARTESIAN_POINT('Ctrl Pts',(2.03983600499396,0.143493457478589,-0.323898755469414));
#11398=CARTESIAN_POINT('Ctrl Pts',(2.08957767166061,-0.159494495172679,
-0.316326227403525));
#11399=CARTESIAN_POINT('Ctrl Pts',(2.11444850499395,-0.298620629840516,
-0.190595108974982));
#11400=CARTESIAN_POINT('Ctrl Pts',(2.16419017166061,-0.336723243679122,
0.110082847403231));
#11401=CARTESIAN_POINT('Ctrl Pts',(2.18906100499398,-0.233357066951791,
0.266543158657295));
#11402=CARTESIAN_POINT('Ctrl Pts',(2.23880267166059,0.0581647039698643,
0.349453349295584));
#11403=CARTESIAN_POINT('Ctrl Pts',(2.26367350499395,0.228396719511201,0.270805676897075));
#11404=CARTESIAN_POINT('Ctrl Pts',(2.31341517166061,0.354226690260795,-0.0049221981792906));
#11405=CARTESIAN_POINT('Ctrl Pts',(2.33828600499391,0.302088264853662,-0.185049875355534));
#11406=CARTESIAN_POINT('Ctrl Pts',(2.38802767166066,0.0484323820230672,
-0.35093458151908));
#11407=CARTESIAN_POINT('Ctrl Pts',(2.41289850499395,-0.143410776145756,
-0.330867337364959));
#11408=CARTESIAN_POINT('Ctrl Pts',(2.46264017166062,-0.352982441469296,
-0.0737779831313645));
#11409=CARTESIAN_POINT('Ctrl Pts',(2.48751100499399,-0.337763753240763,
0.162158433870005));
#11410=CARTESIAN_POINT('Ctrl Pts',(2.52481725499393,-0.0932470702329593,
0.321406124435269));
#11411=CARTESIAN_POINT('Ctrl Pts',(2.53725267166061,0.0190053929277427,
0.337380785580927));
#11412=CARTESIAN_POINT('Ctrl Pts',(2.56212350499396,0.219372636038492,0.257026462998759));
#11413=CARTESIAN_POINT('Ctrl Pts',(2.57455892166062,0.304498261186167,0.158036960256453));
#11414=CARTESIAN_POINT('Ctrl Pts',(2.60181100499395,0.334565184126687,-0.110101437690833));
#11415=CARTESIAN_POINT('Ctrl Pts',(2.6166276716606,0.234412301358082,-0.268807102112665));
#11416=CARTESIAN_POINT('Ctrl Pts',(2.64626100499397,-0.0690744203659249,
-0.349907247979615));
#11417=CARTESIAN_POINT('Ctrl Pts',(2.66107767166061,-0.25509848631235,-0.257600250693836));
#11418=CARTESIAN_POINT('Ctrl Pts',(2.69071100499395,-0.356297408250315,
0.0669720208899598));
#11419=CARTESIAN_POINT('Ctrl Pts',(2.7055276716606,-0.248193359951247,0.275331965616155));
#11420=CARTESIAN_POINT('Ctrl Pts',(2.72775267166063,0.0260133351577409,
0.332531520656005));
#11421=CARTESIAN_POINT('Ctrl Pts',(2.73516100499395,0.129479797842547,0.30857999259518));
#11422=CARTESIAN_POINT('Ctrl Pts',(2.74997767166061,0.279179710841824,0.184513779240634));
#11423=CARTESIAN_POINT('Ctrl Pts',(2.75738600499398,0.321456882253298,0.0889909042902982));
#11424=CARTESIAN_POINT('Ctrl Pts',(2.77961100499389,0.31763413102518,-0.191092095289232));
#11425=CARTESIAN_POINT('Ctrl Pts',(2.79442767166071,0.130997652263864,-0.339949739101439));
#11426=CARTESIAN_POINT('Ctrl Pts',(2.82406100499386,-0.21360584886168,-0.295125018511119));
#11427=CARTESIAN_POINT('Ctrl Pts',(2.83887767166063,-0.339276360047527,
-0.118509602736125));
#11428=CARTESIAN_POINT('Ctrl Pts',(2.86851100499394,-0.295307407444979,
0.204808524580015));
#11429=CARTESIAN_POINT('Ctrl Pts',(2.88332767166059,-0.138035157877693,
0.327539854117242));
#11430=CARTESIAN_POINT('Ctrl Pts',(2.91296100499397,0.170122652034616,0.312080701036453));
#11431=CARTESIAN_POINT('Ctrl Pts',(2.92777767166062,0.301870626663328,0.181469815709868));
#11432=CARTESIAN_POINT('Ctrl Pts',(2.95727871332728,0.334419652035709,-0.108803052338408));
#11433=CARTESIAN_POINT('Ctrl Pts',(2.97196308832728,0.242964676183171,-0.246673251249926));
#11434=CARTESIAN_POINT('Ctrl Pts',(3.00133183832729,-0.000882694248482619,
-0.346235153078017));
#11435=CARTESIAN_POINT('Ctrl Pts',(3.01601621332731,-0.143757579285043,
-0.310761889567647));
#11436=CARTESIAN_POINT('Ctrl Pts',(3.04538496332726,-0.313539385424369,
-0.137594606942543));
#11437=CARTESIAN_POINT('Ctrl Pts',(3.06006933832728,-0.3394930152827,-0.00640722581671685));
#11438=CARTESIAN_POINT('Ctrl Pts',(3.08943808832729,-0.268365908282453,
0.208029622674056));
#11439=CARTESIAN_POINT('Ctrl Pts',(3.10412246332731,-0.174938538881636,
0.288450793677625));
#11440=CARTESIAN_POINT('Ctrl Pts',(3.13349121332725,0.0320415451328115,
0.335828399500052));
#11441=CARTESIAN_POINT('Ctrl Pts',(3.14817558832726,0.142390002965192,0.303898831075042));
#11442=CARTESIAN_POINT('Ctrl Pts',(3.1775443383273,0.290474979475526,0.168088423878687));
#11443=CARTESIAN_POINT('Ctrl Pts',(3.19222871332723,0.327458592063817,0.0666727391104861));
#11444=CARTESIAN_POINT('Ctrl Pts',(3.2362818383274,0.301896549264507,-0.218970350916783));
#11445=CARTESIAN_POINT('Ctrl Pts',(3.26565058832728,0.0989610841373823,
-0.353220885060355));
#11446=CARTESIAN_POINT('Ctrl Pts',(3.32438808832728,-0.248976854351876,
-0.269385997802607));
#11447=CARTESIAN_POINT('Ctrl Pts',(3.35375683832733,-0.361691893730928,
-0.0611331646540646));
#11448=CARTESIAN_POINT('Ctrl Pts',(3.41249433832723,-0.241607302586635,
0.276014856741579));
#11449=CARTESIAN_POINT('Ctrl Pts',(3.44186308832733,-0.0226225270071861,
0.366123628130334));
#11450=CARTESIAN_POINT('Ctrl Pts',(3.50060058832723,0.299970402150229,0.211130404347682));
#11451=CARTESIAN_POINT('Ctrl Pts',(3.52996933832718,0.366466595901068,-0.0161407527181615));
#11452=CARTESIAN_POINT('Ctrl Pts',(3.58870683832739,0.178295660610395,-0.320575961704233));
#11453=CARTESIAN_POINT('Ctrl Pts',(3.61807558832733,-0.0547237769948427,
-0.362716966859704));
#11454=CARTESIAN_POINT('Ctrl Pts',(3.67681308832723,-0.337601418242867,
-0.143469760622411));
#11455=CARTESIAN_POINT('Ctrl Pts',(3.70618183832733,-0.354916615797499,
0.0926956613823298));
#11456=CARTESIAN_POINT('Ctrl Pts',(3.76491933832723,-0.107041630314297,
0.350856636225203));
#11457=CARTESIAN_POINT('Ctrl Pts',(3.79428808832733,0.129632346473704,0.343152654880307));
#11458=CARTESIAN_POINT('Ctrl Pts',(3.85302558832723,0.360193585090976,0.0694180889092124));
#11459=CARTESIAN_POINT('Ctrl Pts',(3.88239433832728,0.327556460763245,-0.165121333646279));
#11460=CARTESIAN_POINT('Ctrl Pts',(3.92644746332729,0.105153594428477,-0.315411327696396));
#11461=CARTESIAN_POINT('Ctrl Pts',(3.94113183832733,0.0107601103299767,
-0.334145691467348));
#11462=CARTESIAN_POINT('Ctrl Pts',(3.97050058832724,-0.174991256116822,
-0.284863349383269));
#11463=CARTESIAN_POINT('Ctrl Pts',(3.98518496332719,-0.265414278594007,
-0.212732200030867));
#11464=CARTESIAN_POINT('Ctrl Pts',(4.01455371332737,-0.340120175603413,
0.00423259171779124));
#11465=CARTESIAN_POINT('Ctrl Pts',(4.02923808832724,-0.318978962237489,
0.153980720859561));
#11466=CARTESIAN_POINT('Ctrl Pts',(4.0512646508273,-0.142308373545505,0.296672709349968));
#11467=CARTESIAN_POINT('Ctrl Pts',(4.05860683832732,-0.0591840086333657,
0.328844009402384));
#11468=CARTESIAN_POINT('Ctrl Pts',(4.07329121332725,0.130470859128958,0.30760099749366));
#11469=CARTESIAN_POINT('Ctrl Pts',(4.08063340082733,0.234081327221167,0.242741176541495));
#11470=CARTESIAN_POINT('Ctrl Pts',(4.09531777582723,0.332603462715902,0.0556083009546968));
#11471=CARTESIAN_POINT('Ctrl Pts',(4.10265996332724,0.331333857104663,-0.0627313453062444));
#11472=CARTESIAN_POINT('Ctrl Pts',(4.11734433832732,0.228819554948603,-0.247707403652411));
#11473=CARTESIAN_POINT('Ctrl Pts',(4.1246865258273,0.129144974678778,-0.311510709394513));
#11474=CARTESIAN_POINT('Ctrl Pts',(4.13937090082726,-0.0817589475412876,
-0.327158709267428));
#11475=CARTESIAN_POINT('Ctrl Pts',(4.14671308832727,-0.189758070158439,
-0.278763737529643));
#11476=CARTESIAN_POINT('Ctrl Pts',(4.16139746332729,-0.318448186390603,
-0.110941872768287));
#11477=CARTESIAN_POINT('Ctrl Pts',(4.16873965082733,-0.337168153117832,
0.00591464874982523));
#11478=CARTESIAN_POINT('Ctrl Pts',(4.18342402582723,-0.267341377128959,
0.205538158544706));
#11479=CARTESIAN_POINT('Ctrl Pts',(4.1907662133272,-0.179864106233922,0.285247699079921));
#11480=CARTESIAN_POINT('Ctrl Pts',(4.20545058832735,0.025373942158493,0.336264047439062));
#11481=CARTESIAN_POINT('Ctrl Pts',(4.21279277582724,0.139991279245578,0.306789485276864));
#11482=CARTESIAN_POINT('Ctrl Pts',(4.22747715082732,0.295157680767112,0.163092887729517));
#11483=CARTESIAN_POINT('Ctrl Pts',(4.23481933832736,0.333330205662824,0.0510717195572891));
#11484=CARTESIAN_POINT('Ctrl Pts',(4.2495037133272,0.298194055990644,-0.157472700876446));
#11485=CARTESIAN_POINT('Ctrl Pts',(4.25684590082727,0.225423529167153,-0.250801872100364));
#11486=CARTESIAN_POINT('Ctrl Pts',(4.2715302758273,0.0317389580261636,-0.335723077991656));
#11487=CARTESIAN_POINT('Ctrl Pts',(4.2788724633273,-0.0862085997511814,
-0.32601445348569));
#11488=CARTESIAN_POINT('Ctrl Pts',(4.29355683832726,-0.263400073719313,
-0.210565305108148));
#11489=CARTESIAN_POINT('Ctrl Pts',(4.3008990258273,-0.319930112808442,-0.106593008528235));
#11490=CARTESIAN_POINT('Ctrl Pts',(4.32292558832725,-0.320773738335345,
0.210631309563214));
#11491=CARTESIAN_POINT('Ctrl Pts',(4.33624283427913,-0.0851884689027324,
0.385642537277609));
#11492=CARTESIAN_POINT('Ctrl Pts',(4.35229433832728,0.127019632958853,0.293942219334905));
#11493=CARTESIAN_POINT('Ctrl Pts',(0.99464286057778,0.0294412449167277,
0.337975451523564));
#11494=CARTESIAN_POINT('Ctrl Pts',(1.00974128722819,0.258950978526981,0.317982719804497));
#11495=CARTESIAN_POINT('Ctrl Pts',(1.02263921331252,0.395959679674628,0.0626967230037998));
#11496=CARTESIAN_POINT('Ctrl Pts',(1.04363647786357,0.26976537302791,-0.231788750430109));
#11497=CARTESIAN_POINT('Ctrl Pts',(1.05063556604726,0.178738148519851,-0.307493179722578));
#11498=CARTESIAN_POINT('Ctrl Pts',(1.06463374241462,-0.0296307222498173,
-0.354431095718268));
#11499=CARTESIAN_POINT('Ctrl Pts',(1.07163283059831,-0.144325743857321,
-0.325068394299772));
#11500=CARTESIAN_POINT('Ctrl Pts',(1.09047820802348,-0.359973803370116,
-0.134854335652183));
#11501=CARTESIAN_POINT('Ctrl Pts',(1.10232449726497,-0.371397587982624,
0.0991496978989868));
#11502=CARTESIAN_POINT('Ctrl Pts',(1.12601707574796,-0.124865512599517,
0.363559396400736));
#11503=CARTESIAN_POINT('Ctrl Pts',(1.13786336498945,0.110452457715494,0.367292440873467));
#11504=CARTESIAN_POINT('Ctrl Pts',(1.16155594347243,0.365482783194975,0.116300794609977));
#11505=CARTESIAN_POINT('Ctrl Pts',(1.17340223271393,0.362294225790631,-0.0950276997329229));
#11506=CARTESIAN_POINT('Ctrl Pts',(1.1970948111969,0.159219865219779,-0.339022785644136));
#11507=CARTESIAN_POINT('Ctrl Pts',(1.2089411004384,-0.021185073484679,-0.367988718410566));
#11508=CARTESIAN_POINT('Ctrl Pts',(1.23263367892137,-0.279561945460989,
-0.24022834940352));
#11509=CARTESIAN_POINT('Ctrl Pts',(1.24447996816286,-0.351924465885171,
-0.0944025009506608));
#11510=CARTESIAN_POINT('Ctrl Pts',(1.26817254664586,-0.322384406451783,
0.169796901595542));
#11511=CARTESIAN_POINT('Ctrl Pts',(1.28001883588734,-0.225797858292239,
0.281925923150108));
#11512=CARTESIAN_POINT('Ctrl Pts',(1.30371141437032,0.0092016023435929,
0.361084833252573));
#11513=CARTESIAN_POINT('Ctrl Pts',(1.31555770361181,0.141968466816964,0.329460297272246));
#11514=CARTESIAN_POINT('Ctrl Pts',(1.3392502820948,0.31454998394879,0.172503521200405));
#11515=CARTESIAN_POINT('Ctrl Pts',(1.35109657133629,0.353083898115545,0.0512607078017542));
#11516=CARTESIAN_POINT('Ctrl Pts',(1.37537827724444,0.314644121486731,-0.171868505507121));
#11517=CARTESIAN_POINT('Ctrl Pts',(1.38781369391111,0.234114872100907,-0.268812337968222));
#11518=CARTESIAN_POINT('Ctrl Pts',(1.41268452724444,0.0329094775424296,
-0.354946243281687));
#11519=CARTESIAN_POINT('Ctrl Pts',(1.42511994391111,-0.0846622010416541,
-0.344560505783956));
#11520=CARTESIAN_POINT('Ctrl Pts',(1.46242619391112,-0.352312220957331,
-0.184802879979384));
#11521=CARTESIAN_POINT('Ctrl Pts',(1.48729702724445,-0.380099872538844,
0.0817935583258037));
#11522=CARTESIAN_POINT('Ctrl Pts',(1.53703869391111,-0.128969873678843,
0.366787275452725));
#11523=CARTESIAN_POINT('Ctrl Pts',(1.56190952724445,0.108743758385044,0.366389562056368));
#11524=CARTESIAN_POINT('Ctrl Pts',(1.6116511939111,0.362154227903697,0.122110036157274));
#11525=CARTESIAN_POINT('Ctrl Pts',(1.63652202724442,0.365497922835523,-0.0929596183240829));
#11526=CARTESIAN_POINT('Ctrl Pts',(1.68626369391113,0.152979527115125,-0.34471366721123));
#11527=CARTESIAN_POINT('Ctrl Pts',(1.71113452724442,-0.0433610554546744,
-0.372815502603644));
#11528=CARTESIAN_POINT('Ctrl Pts',(1.76087619391113,-0.315793593262003,
-0.202844735114006));
#11529=CARTESIAN_POINT('Ctrl Pts',(1.78574702724444,-0.375095451444372,
-0.0132280917050685));
#11530=CARTESIAN_POINT('Ctrl Pts',(1.83548869391111,-0.248051157558953,
0.281677481053785));
#11531=CARTESIAN_POINT('Ctrl Pts',(1.86035952724445,-0.0695160461058216,
0.36883478609113));
#11532=CARTESIAN_POINT('Ctrl Pts',(1.9101011939111,0.241147804839987,0.287609659641842));
#11533=CARTESIAN_POINT('Ctrl Pts',(1.93497202724443,0.354176056749871,0.124221177449509));
#11534=CARTESIAN_POINT('Ctrl Pts',(1.98471369391113,0.320619526901267,-0.19512739191905));
#11535=CARTESIAN_POINT('Ctrl Pts',(2.00958452724445,0.176097895008407,-0.331453030584351));
#11536=CARTESIAN_POINT('Ctrl Pts',(2.0593261939111,-0.144664089130833,-0.34632915185735));
#11537=CARTESIAN_POINT('Ctrl Pts',(2.08419702724445,-0.301183092149719,
-0.223965008676085));
#11538=CARTESIAN_POINT('Ctrl Pts',(2.1339386939111,-0.36415314752702,0.0909069042962285));
#11539=CARTESIAN_POINT('Ctrl Pts',(2.15880952724447,-0.266732623718634,
0.264055463006534));
#11540=CARTESIAN_POINT('Ctrl Pts',(2.20855119391108,0.035079844213316,0.373685676240555));
#11541=CARTESIAN_POINT('Ctrl Pts',(2.23342202724445,0.220915508679532,0.303426956817395));
#11542=CARTESIAN_POINT('Ctrl Pts',(2.2831636939111,0.374709690195809,0.0215459550016471));
#11543=CARTESIAN_POINT('Ctrl Pts',(2.3080345272444,0.333212508277145,-0.17274549034593));
#11544=CARTESIAN_POINT('Ctrl Pts',(2.35777619391115,0.0776811706012123,
-0.367201873422155));
#11545=CARTESIAN_POINT('Ctrl Pts',(2.38264702724444,-0.12656921481859,-0.360481358065389));
#11546=CARTESIAN_POINT('Ctrl Pts',(2.43238869391111,-0.367452158105316,
-0.10462040937315));
#11547=CARTESIAN_POINT('Ctrl Pts',(2.45725952724448,-0.369184953254948,
0.145860528881233));
#11548=CARTESIAN_POINT('Ctrl Pts',(2.49456577724442,-0.122810535975912,
0.332612978011413));
#11549=CARTESIAN_POINT('Ctrl Pts',(2.5070011939111,-0.00539115057035334,
0.35797077453249));
#11550=CARTESIAN_POINT('Ctrl Pts',(2.53187202724445,0.212419546885139,0.288184016565996));
#11551=CARTESIAN_POINT('Ctrl Pts',(2.54430744391111,0.30985288943569,0.190002180608107));
#11552=CARTESIAN_POINT('Ctrl Pts',(2.57155952724444,0.361873967252514,-0.0910895048549113));
#11553=CARTESIAN_POINT('Ctrl Pts',(2.58637619391109,0.268018719453007,-0.266368261905713));
#11554=CARTESIAN_POINT('Ctrl Pts',(2.61600952724446,-0.046574689162019,
-0.374989136456914));
#11555=CARTESIAN_POINT('Ctrl Pts',(2.6308261939111,-0.250130416267069,-0.291488035648288));
#11556=CARTESIAN_POINT('Ctrl Pts',(2.66045952724444,-0.381583348055283,
0.0438704051409099));
#11557=CARTESIAN_POINT('Ctrl Pts',(2.67527619391109,-0.283074893350872,
0.272222970484421));
#11558=CARTESIAN_POINT('Ctrl Pts',(2.69750119391112,0.00238083703702867,
0.353375359982239));
#11559=CARTESIAN_POINT('Ctrl Pts',(2.70490952724444,0.113530215666062,0.335876716284365));
#11560=CARTESIAN_POINT('Ctrl Pts',(2.7197261939111,0.281097609645596,0.216070428316685));
#11561=CARTESIAN_POINT('Ctrl Pts',(2.72713452724447,0.332988000168796,0.118316557666062));
#11562=CARTESIAN_POINT('Ctrl Pts',(2.74935952724438,0.350097242870868,-0.177956892725679));
#11563=CARTESIAN_POINT('Ctrl Pts',(2.7641761939112,0.164104644485034,-0.349358870238001));
#11564=CARTESIAN_POINT('Ctrl Pts',(2.79380952724435,-0.203448531564458,
-0.328010179495513));
#11565=CARTESIAN_POINT('Ctrl Pts',(2.80862619391112,-0.34959023092532,-0.150856735475591));
#11566=CARTESIAN_POINT('Ctrl Pts',(2.83825952724443,-0.327538638775942,
0.194137964422692));
#11567=CARTESIAN_POINT('Ctrl Pts',(2.85307619391108,-0.170604637727452,
0.335713009198984));
#11568=CARTESIAN_POINT('Ctrl Pts',(2.88270952724447,0.156216241906119,0.342645115249197));
#11569=CARTESIAN_POINT('Ctrl Pts',(2.89752619391111,0.305306658241255,0.214567031028795));
#11570=CARTESIAN_POINT('Ctrl Pts',(2.92702723557777,0.361622131620679,-0.0897283923988306));
#11571=CARTESIAN_POINT('Ctrl Pts',(2.94171161057777,0.275385333624192,-0.242331966359049));
#11572=CARTESIAN_POINT('Ctrl Pts',(2.97108036057778,0.0252113630059491,
-0.365959408690628));
#11573=CARTESIAN_POINT('Ctrl Pts',(2.9857647355778,-0.128453867621383,-0.339260604568724));
#11574=CARTESIAN_POINT('Ctrl Pts',(3.01513348557775,-0.320950925689995,
-0.169081900766359));
#11575=CARTESIAN_POINT('Ctrl Pts',(3.02981786057777,-0.358284023084709,
-0.0324060724750572));
#11576=CARTESIAN_POINT('Ctrl Pts',(3.05918661057778,-0.299310752718133,
0.199576290499894));
#11577=CARTESIAN_POINT('Ctrl Pts',(3.0738709855778,-0.206651609135913,0.291618086144378));
#11578=CARTESIAN_POINT('Ctrl Pts',(3.10323973557774,0.00850235351768397,
0.357314609470692));
#11579=CARTESIAN_POINT('Ctrl Pts',(3.11792411057776,0.127526875425202,0.33190462838177));
#11580=CARTESIAN_POINT('Ctrl Pts',(3.1472928605778,0.294274447004807,0.199565422835109));
#11581=CARTESIAN_POINT('Ctrl Pts',(3.16197723557772,0.341015700654712,0.0951844603866993));
#11582=CARTESIAN_POINT('Ctrl Pts',(3.20603036057789,0.335571238784781,-0.208606287385154));
#11583=CARTESIAN_POINT('Ctrl Pts',(3.23539911057777,0.131251293251297,-0.365802566638744));
#11584=CARTESIAN_POINT('Ctrl Pts',(3.29413661057778,-0.242771286567897,
-0.303480678391203));
#11585=CARTESIAN_POINT('Ctrl Pts',(3.32350536057783,-0.377610900740653,
-0.0919153272126557));
#11586=CARTESIAN_POINT('Ctrl Pts',(3.38224286057773,-0.276166475648708,
0.27344194531202));
#11587=CARTESIAN_POINT('Ctrl Pts',(3.41161161057782,-0.0515528763975533,
0.385202181537489));
#11588=CARTESIAN_POINT('Ctrl Pts',(3.47034911057772,0.301058880632904,0.245768122669634));
#11589=CARTESIAN_POINT('Ctrl Pts',(3.49971786057767,0.38849163173817,0.0106146974243282));
#11590=CARTESIAN_POINT('Ctrl Pts',(3.55845536057788,0.212625099806993,-0.325313674274665));
#11591=CARTESIAN_POINT('Ctrl Pts',(3.58782411057783,-0.0304420235107648,
-0.387442515664467));
#11592=CARTESIAN_POINT('Ctrl Pts',(3.64656161057773,-0.345935455447694,
-0.177107539083941));
#11593=CARTESIAN_POINT('Ctrl Pts',(3.67593036057783,-0.382066549531601,
0.0711587764128032));
#11594=CARTESIAN_POINT('Ctrl Pts',(3.73466786057773,-0.139612090705191,
0.362693925859295));
#11595=CARTESIAN_POINT('Ctrl Pts',(3.76403661057782,0.11108084794799,0.372423770650072));
#11596=CARTESIAN_POINT('Ctrl Pts',(3.82277411057772,0.375401931602641,0.10055749340477));
#11597=CARTESIAN_POINT('Ctrl Pts',(3.85214286057777,0.358621866905215,-0.149762399529841));
#11598=CARTESIAN_POINT('Ctrl Pts',(3.89619598557778,0.134940390270642,-0.325378764777624));
#11599=CARTESIAN_POINT('Ctrl Pts',(3.91088036057782,0.0366023175542487,
-0.352304417615602));
#11600=CARTESIAN_POINT('Ctrl Pts',(3.94024911057773,-0.163416441200397,
-0.314250118060903));
#11601=CARTESIAN_POINT('Ctrl Pts',(3.95493348557769,-0.264419871527623,
-0.244851532271005));
#11602=CARTESIAN_POINT('Ctrl Pts',(3.98430223557786,-0.359750201890774,
-0.0212095329413401));
#11603=CARTESIAN_POINT('Ctrl Pts',(3.99898661057773,-0.348716152100423,
0.138636960975214));
#11604=CARTESIAN_POINT('Ctrl Pts',(4.02101317307779,-0.172789692296579,
0.302770703161812));
#11605=CARTESIAN_POINT('Ctrl Pts',(4.02835536057781,-0.0873751677037857,
0.343045248562912));
#11606=CARTESIAN_POINT('Ctrl Pts',(4.04303973557774,0.114651468546789,0.33491697335766));
#11607=CARTESIAN_POINT('Ctrl Pts',(4.05038192307782,0.229042008539205,0.274198330139359));
#11608=CARTESIAN_POINT('Ctrl Pts',(4.06506629807773,0.347288147185062,0.0838803240039883));
#11609=CARTESIAN_POINT('Ctrl Pts',(4.07240848557773,0.354882271014435,-0.0412739585223822));
#11610=CARTESIAN_POINT('Ctrl Pts',(4.08709286057782,0.260515207653899,-0.244492929380694));
#11611=CARTESIAN_POINT('Ctrl Pts',(4.09443504807779,0.159999353055524,-0.31944510163607));
#11612=CARTESIAN_POINT('Ctrl Pts',(4.10911942307775,-0.061697123401107,
-0.351906849751644));
#11613=CARTESIAN_POINT('Ctrl Pts',(4.11646161057776,-0.179482226405133,
-0.308919239190466));
#11614=CARTESIAN_POINT('Ctrl Pts',(4.13114598557778,-0.328150969862777,
-0.14128661264442));
#11615=CARTESIAN_POINT('Ctrl Pts',(4.13848817307782,-0.356757589366323,
-0.0192090697791802));
#11616=CARTESIAN_POINT('Ctrl Pts',(4.15317254807772,-0.298039923364285,
0.197020734973255));
#11617=CARTESIAN_POINT('Ctrl Pts',(4.1605147355777,-0.211614961768469,0.287861205935233));
#11618=CARTESIAN_POINT('Ctrl Pts',(4.17519911057784,0.00142329968680701,
0.357271521595923));
#11619=CARTESIAN_POINT('Ctrl Pts',(4.18254129807773,0.124773690523083,0.334778273009298));
#11620=CARTESIAN_POINT('Ctrl Pts',(4.19722567307782,0.299600222351598,0.194639853820224));
#11621=CARTESIAN_POINT('Ctrl Pts',(4.20456786057785,0.348398707864058,0.0791410531202648));
#11622=CARTESIAN_POINT('Ctrl Pts',(4.2192522355777,0.327014855604954,-0.143896664825743));
#11623=CARTESIAN_POINT('Ctrl Pts',(4.22659442307776,0.257160034421625,-0.248019520668267));
#11624=CARTESIAN_POINT('Ctrl Pts',(4.24127879807779,0.0588913538054091,
-0.35238725059956));
#11625=CARTESIAN_POINT('Ctrl Pts',(4.24862098557779,-0.0664858085435475,
-0.351033621182455));
#11626=CARTESIAN_POINT('Ctrl Pts',(4.26330536057775,-0.262454931534619,
-0.242409518891965));
#11627=CARTESIAN_POINT('Ctrl Pts',(4.27064754807779,-0.330045415279448,
-0.136802740423408));
#11628=CARTESIAN_POINT('Ctrl Pts',(4.29267411057774,-0.354890505909298,
0.198368380335226));
#11629=CARTESIAN_POINT('Ctrl Pts',(4.30599064042514,-0.119155202189792,
0.401108544623487));
#11630=CARTESIAN_POINT('Ctrl Pts',(4.32204286057777,0.11203567059342,0.320222112368558));
#11631=CARTESIAN_POINT('Ctrl Pts',(0.99464286057778,-0.0167475231779015,
0.385813246511066));
#11632=CARTESIAN_POINT('Ctrl Pts',(1.00974236227264,0.245266181935649,0.397186832856731));
#11633=CARTESIAN_POINT('Ctrl Pts',(1.02263921331252,0.437633271342588,0.129314239506741));
#11634=CARTESIAN_POINT('Ctrl Pts',(1.04363647786357,0.338748478140942,-0.221720516157409));
#11635=CARTESIAN_POINT('Ctrl Pts',(1.05063556604726,0.247204067643995,-0.320625432038627));
#11636=CARTESIAN_POINT('Ctrl Pts',(1.06463374241462,0.0189669772712844,
-0.404414110169807));
#11637=CARTESIAN_POINT('Ctrl Pts',(1.07163283059831,-0.114826719142451,
-0.388233619489567));
#11638=CARTESIAN_POINT('Ctrl Pts',(1.09047820802348,-0.386347406396672,
-0.205434468568824));
#11639=CARTESIAN_POINT('Ctrl Pts',(1.10232449726497,-0.433843358747209,
0.0569875369872155));
#11640=CARTESIAN_POINT('Ctrl Pts',(1.12601707574796,-0.19469067717268,0.391871381344639));
#11641=CARTESIAN_POINT('Ctrl Pts',(1.13786336498945,0.0703515538375152,
0.430881387385398));
#11642=CARTESIAN_POINT('Ctrl Pts',(1.16155594347243,0.395308705169904,0.185308425943613));
#11643=CARTESIAN_POINT('Ctrl Pts',(1.17340223271393,0.422959224655914,-0.0536813197350499));
#11644=CARTESIAN_POINT('Ctrl Pts',(1.1970948111969,0.229836849577014,-0.359097856546758));
#11645=CARTESIAN_POINT('Ctrl Pts',(1.2089411004384,0.030504029444853,-0.418467206415017));
#11646=CARTESIAN_POINT('Ctrl Pts',(1.23263367892137,-0.280007927295344,
-0.312475450621075));
#11647=CARTESIAN_POINT('Ctrl Pts',(1.24447996816286,-0.383244078727044,
-0.15858779405987));
#11648=CARTESIAN_POINT('Ctrl Pts',(1.26817254664586,-0.38897074808928,0.143971907587406));
#11649=CARTESIAN_POINT('Ctrl Pts',(1.28001883588734,-0.296537879988334,
0.284809905676727));
#11650=CARTESIAN_POINT('Ctrl Pts',(1.30371141437032,-0.0430084239368221,
0.408903053952613));
#11651=CARTESIAN_POINT('Ctrl Pts',(1.31555770361181,0.111516717895943,0.392842017018936));
#11652=CARTESIAN_POINT('Ctrl Pts',(1.3392502820948,0.329512091990527,0.24121078182261));
#11653=CARTESIAN_POINT('Ctrl Pts',(1.35109657133629,0.390932097610755,0.110066776526729));
#11654=CARTESIAN_POINT('Ctrl Pts',(1.37537827724444,0.380540919331063,-0.147454608710711));
#11655=CARTESIAN_POINT('Ctrl Pts',(1.38781369391111,0.303985853200045,-0.268779268440129));
#11656=CARTESIAN_POINT('Ctrl Pts',(1.41268452724444,0.0896298433081789,
-0.395747665835103));
#11657=CARTESIAN_POINT('Ctrl Pts',(1.42511994391111,-0.0446044844993117,
-0.401411109801768));
#11658=CARTESIAN_POINT('Ctrl Pts',(1.46242619391112,-0.370314143571173,
-0.260676523027128));
#11659=CARTESIAN_POINT('Ctrl Pts',(1.48729702724445,-0.441098822021655,
0.0361115233378628));
#11660=CARTESIAN_POINT('Ctrl Pts',(1.53703869391111,-0.199800419025996,
0.39490764758261));
#11661=CARTESIAN_POINT('Ctrl Pts',(1.56190952724445,0.0685565208118679,
0.429609676394924));
#11662=CARTESIAN_POINT('Ctrl Pts',(1.6116511939111,0.390692876912497,0.191372894663991));
#11663=CARTESIAN_POINT('Ctrl Pts',(1.63652202724442,0.426269303971344,-0.0508734233495468));
#11664=CARTESIAN_POINT('Ctrl Pts',(1.68626369391113,0.223635138092571,-0.366443697185382));
#11665=CARTESIAN_POINT('Ctrl Pts',(1.71113452724442,0.00618860181701403,
-0.427194190870506));
#11666=CARTESIAN_POINT('Ctrl Pts',(1.76087619391113,-0.326429124916814,
-0.27563962325725));
#11667=CARTESIAN_POINT('Ctrl Pts',(1.78574702724444,-0.421399596192079,
-0.0703957088717059));
#11668=CARTESIAN_POINT('Ctrl Pts',(1.83548869391111,-0.321617575894516,
0.281238884878775));
#11669=CARTESIAN_POINT('Ctrl Pts',(1.86035952724445,-0.132999963654732,
0.406010080117581));
#11670=CARTESIAN_POINT('Ctrl Pts',(1.9101011939111,0.229645067308836,0.360272561473514));
#11671=CARTESIAN_POINT('Ctrl Pts',(1.93497202724443,0.381376049257625,0.19257591891568));
#11672=CARTESIAN_POINT('Ctrl Pts',(1.98471369391113,0.390724437859066,-0.172822420882792));
#11673=CARTESIAN_POINT('Ctrl Pts',(2.00958452724445,0.24776707928107,-0.348058400168281));
#11674=CARTESIAN_POINT('Ctrl Pts',(2.0593261939111,-0.112064750391148,-0.41227984091412));
#11675=CARTESIAN_POINT('Ctrl Pts',(2.08419702724445,-0.306815748234103,
-0.297316787514528));
#11676=CARTESIAN_POINT('Ctrl Pts',(2.1339386939111,-0.424447971863693,0.0487554579208498));
#11677=CARTESIAN_POINT('Ctrl Pts',(2.15880952724447,-0.340096837590994,
0.258587154655987));
#11678=CARTESIAN_POINT('Ctrl Pts',(2.20855119391108,-0.0156639561140958,
0.426951772414939));
#11679=CARTESIAN_POINT('Ctrl Pts',(2.23342202724445,0.204470744767025,0.375133163056377));
#11680=CARTESIAN_POINT('Ctrl Pts',(2.2831636939111,0.419734233111395,0.0797267147815792));
#11681=CARTESIAN_POINT('Ctrl Pts',(2.30803452724441,0.40162801568238,-0.14569870458835));
#11682=CARTESIAN_POINT('Ctrl Pts',(2.35777619391115,0.141974161898553,-0.402959691355762));
#11683=CARTESIAN_POINT('Ctrl Pts',(2.38264702724444,-0.0895490711313386,
-0.425577181438902));
#11684=CARTESIAN_POINT('Ctrl Pts',(2.43238869391111,-0.399258650304775,
-0.172416442588471));
#11685=CARTESIAN_POINT('Ctrl Pts',(2.45725952724448,-0.438253213421214,
0.110035419037498));
#11686=CARTESIAN_POINT('Ctrl Pts',(2.49456577724442,-0.187795232372922,
0.357247233803463));
#11687=CARTESIAN_POINT('Ctrl Pts',(2.5070011939111,-0.0590182180510333,
0.403230494501339));
#11688=CARTESIAN_POINT('Ctrl Pts',(2.53187202724445,0.197135669427043,0.356672744398023));
#11689=CARTESIAN_POINT('Ctrl Pts',(2.54430744391111,0.32162312280886,0.260266274739582));
#11690=CARTESIAN_POINT('Ctrl Pts',(2.57155952724444,0.421902551040133,-0.0492985763485991));
#11691=CARTESIAN_POINT('Ctrl Pts',(2.58637619391109,0.341890399312119,-0.261007344759273));
#11692=CARTESIAN_POINT('Ctrl Pts',(2.61600952724446,0.00288291550493772,
-0.430122689536676));
#11693=CARTESIAN_POINT('Ctrl Pts',(2.6308261939111,-0.239209892727021,-0.365978199825241));
#11694=CARTESIAN_POINT('Ctrl Pts',(2.66045952724445,-0.437165434933245,
-0.00691022723774689));
#11695=CARTESIAN_POINT('Ctrl Pts',(2.67527619391109,-0.359749457745497,
0.265388957635839));
#11696=CARTESIAN_POINT('Ctrl Pts',(2.69750119391112,-0.0495667501920962,
0.399193079127242));
#11697=CARTESIAN_POINT('Ctrl Pts',(2.70490952724444,0.0784707688336089,
0.395878791717525));
#11698=CARTESIAN_POINT('Ctrl Pts',(2.7197261939111,0.285313423602159,0.285436424757851));
#11699=CARTESIAN_POINT('Ctrl Pts',(2.72713452724447,0.358335035031749,0.182778508705131));
#11700=CARTESIAN_POINT('Ctrl Pts',(2.74935952724438,0.421455773218332,-0.149083851989253));
#11701=CARTESIAN_POINT('Ctrl Pts',(2.7641761939112,0.236878515343637,-0.370041476789806));
#11702=CARTESIAN_POINT('Ctrl Pts',(2.79380952724435,-0.181121305571832,
-0.400296433790534));
#11703=CARTESIAN_POINT('Ctrl Pts',(2.80862619391112,-0.372261583922251,
-0.221960327275845));
#11704=CARTESIAN_POINT('Ctrl Pts',(2.83825952724443,-0.398387462819634,
0.170682557731243));
#11705=CARTESIAN_POINT('Ctrl Pts',(2.85307619391108,-0.242196980054545,
0.353678764845184));
#11706=CARTESIAN_POINT('Ctrl Pts',(2.88270952724446,0.125647977412702,0.409830038540562));
#11707=CARTESIAN_POINT('Ctrl Pts',(2.89752619391111,0.31285954364527,0.287319410867721));
#11708=CARTESIAN_POINT('Ctrl Pts',(2.92702723557777,0.42141704512795,-0.0477995808099746));
#11709=CARTESIAN_POINT('Ctrl Pts',(2.94171161057777,0.346650543160663,-0.232789205606312));
#11710=CARTESIAN_POINT('Ctrl Pts',(2.97108036057778,0.0825698068091612,
-0.409316123826375));
#11711=CARTESIAN_POINT('Ctrl Pts',(2.9857647355778,-0.0948141359046343,
-0.401904827615917));
#11712=CARTESIAN_POINT('Ctrl Pts',(3.01513348557775,-0.337242543803501,
-0.238295444513057));
#11713=CARTESIAN_POINT('Ctrl Pts',(3.02981786057777,-0.399589326990018,
-0.0895552298659706));
#11714=CARTESIAN_POINT('Ctrl Pts',(3.05918661057778,-0.367331915669398,
0.180994665812964));
#11715=CARTESIAN_POINT('Ctrl Pts',(3.0738709855778,-0.276361441542233,0.298580244814887));
#11716=CARTESIAN_POINT('Ctrl Pts',(3.10323973557774,-0.0432401327604829,
0.404544350523532));
#11717=CARTESIAN_POINT('Ctrl Pts',(3.11792411057776,0.0948556101853841,
0.393465348331105));
#11718=CARTESIAN_POINT('Ctrl Pts',(3.1472928605778,0.30262621624619,0.268756337001166));
#11719=CARTESIAN_POINT('Ctrl Pts',(3.16197723557772,0.370816150759604,0.157857273073839));
#11720=CARTESIAN_POINT('Ctrl Pts',(3.20603036057789,0.409592988932928,-0.185824603806578));
#11721=CARTESIAN_POINT('Ctrl Pts',(3.23539911057777,0.202229758838108,-0.393458889637015));
#11722=CARTESIAN_POINT('Ctrl Pts',(3.29413661057778,-0.229130567244946,
-0.378425628555944));
#11723=CARTESIAN_POINT('Ctrl Pts',(3.32350536057783,-0.412603139014162,
-0.159578892293491));
#11724=CARTESIAN_POINT('Ctrl Pts',(3.38224286057773,-0.35213244623882,0.267786320577087));
#11725=CARTESIAN_POINT('Ctrl Pts',(3.41161161057782,-0.115145893134445,
0.427139551521029));
#11726=CARTESIAN_POINT('Ctrl Pts',(3.47034911057772,0.303451510926871,0.321906746896179));
#11727=CARTESIAN_POINT('Ctrl Pts',(3.49971786057767,0.436905788571192,0.0694269767285333));
#11728=CARTESIAN_POINT('Ctrl Pts',(3.55845536057788,0.288086082733268,-0.335727839368933));
#11729=CARTESIAN_POINT('Ctrl Pts',(3.58782411057783,0.0229327192162597,
-0.441792783535545));
#11730=CARTESIAN_POINT('Ctrl Pts',(3.64656161057773,-0.364254852849392,
-0.251048153482747));
#11731=CARTESIAN_POINT('Ctrl Pts',(3.67593036057783,-0.44174595979593,0.023817644515393));
#11732=CARTESIAN_POINT('Ctrl Pts',(3.73466786057773,-0.211206588400967,
0.38871396964317));
#11733=CARTESIAN_POINT('Ctrl Pts',(3.76403661057782,0.0703020194478192,
0.436765840285573));
#11734=CARTESIAN_POINT('Ctrl Pts',(3.82277411057772,0.408832037171239,0.169006326999643));
#11735=CARTESIAN_POINT('Ctrl Pts',(3.85214286057777,0.426908041609411,-0.116001281019021));
#11736=CARTESIAN_POINT('Ctrl Pts',(3.89619598557778,0.20041599794375,-0.347288607088119));
#11737=CARTESIAN_POINT('Ctrl Pts',(3.91088036057782,0.093407159222647,-0.392219876647393));
#11738=CARTESIAN_POINT('Ctrl Pts',(3.94024911057773,-0.137973354123406,
-0.378846409213275));
#11739=CARTESIAN_POINT('Ctrl Pts',(3.95493348557769,-0.262234023566982,
-0.315454386220816));
#11740=CARTESIAN_POINT('Ctrl Pts',(3.98430223557786,-0.402899787586871,
-0.0771349363106142));
#11741=CARTESIAN_POINT('Ctrl Pts',(3.99898661057773,-0.41408271878597,0.104909197581626));
#11742=CARTESIAN_POINT('Ctrl Pts',(4.02101317307779,-0.239791959961733,
0.316174959616012));
#11743=CARTESIAN_POINT('Ctrl Pts',(4.02835536057781,-0.149343339135368,
0.374261589141247));
#11744=CARTESIAN_POINT('Ctrl Pts',(4.04303973557774,0.0798782013288631,
0.394961367805332));
#11745=CARTESIAN_POINT('Ctrl Pts',(4.05038192307782,0.217964870376779,0.343345621388819));
#11746=CARTESIAN_POINT('Ctrl Pts',(4.06506629807773,0.379567169212153,0.146026245945663));
#11747=CARTESIAN_POINT('Ctrl Pts',(4.07240848557773,0.406645029206017,0.00589242507235776));
#11748=CARTESIAN_POINT('Ctrl Pts',(4.08709286057782,0.330186753813855,-0.237427058401968));
#11749=CARTESIAN_POINT('Ctrl Pts',(4.09443504807779,0.227821658760967,-0.336886022649705));
#11750=CARTESIAN_POINT('Ctrl Pts',(4.10911942307775,-0.0175983846992486,
-0.4063067773427));
#11751=CARTESIAN_POINT('Ctrl Pts',(4.11646161057776,-0.156894462428556,
-0.375205314617701));
#11752=CARTESIAN_POINT('Ctrl Pts',(4.13114598557778,-0.349479065953652,
-0.207988660545102));
#11753=CARTESIAN_POINT('Ctrl Pts',(4.13848817307782,-0.399817952392261,
-0.0744345712534167));
#11754=CARTESIAN_POINT('Ctrl Pts',(4.15317254807772,-0.365519687891144,
0.178298228292606));
#11755=CARTESIAN_POINT('Ctrl Pts',(4.1605147355777,-0.281407851587186,0.293606065181447));
#11756=CARTESIAN_POINT('Ctrl Pts',(4.17519911057784,-0.0512236140095998,
0.403448933338573));
#11757=CARTESIAN_POINT('Ctrl Pts',(4.18254129807773,0.0913232692624582,
0.396301603498582));
#11758=CARTESIAN_POINT('Ctrl Pts',(4.19722567307782,0.30936555969767,0.263984565684389));
#11759=CARTESIAN_POINT('Ctrl Pts',(4.20456786057785,0.38152141577723,0.140841434784445));
#11760=CARTESIAN_POINT('Ctrl Pts',(4.2192522355777,0.390367066375479,-0.114054609476057));
#11761=CARTESIAN_POINT('Ctrl Pts',(4.22659442307776,0.326921380286675,-0.24190351706244));
#11762=CARTESIAN_POINT('Ctrl Pts',(4.24127879807779,0.118576175994638,-0.389017468688588));
#11763=CARTESIAN_POINT('Ctrl Pts',(4.24862098557779,-0.0231323123779224,
-0.406029305078802));
#11764=CARTESIAN_POINT('Ctrl Pts',(4.26330536057775,-0.260377374780677,
-0.312407623401614));
#11765=CARTESIAN_POINT('Ctrl Pts',(4.27064754807779,-0.352280286716973,
-0.20320802160769));
#11766=CARTESIAN_POINT('Ctrl Pts',(4.29267411057774,-0.429884006404714,
0.171412720273321));
#11767=CARTESIAN_POINT('Ctrl Pts',(4.3059893039162,-0.19382081712654,0.43510078738991));
#11768=CARTESIAN_POINT('Ctrl Pts',(4.32204286057777,0.0790987932459507,
0.377989049607463));
#11769=CARTESIAN_POINT('Ctrl Pts',(1.02489433832729,-0.0377601636761004,
0.407576078250581));
#11770=CARTESIAN_POINT('Ctrl Pts',(1.03999424002371,0.239040460338113,0.433220459898296));
#11771=CARTESIAN_POINT('Ctrl Pts',(1.05289069106202,0.4565918241707,0.159620523542965));
#11772=CARTESIAN_POINT('Ctrl Pts',(1.07388795561308,0.370130938595829,-0.217140177777513));
#11773=CARTESIAN_POINT('Ctrl Pts',(1.08088704379677,0.278351244853549,-0.326599683100778));
#11774=CARTESIAN_POINT('Ctrl Pts',(1.09488522016413,0.0410755121207999,
-0.427152865867614));
#11775=CARTESIAN_POINT('Ctrl Pts',(1.10188430834782,-0.101406737901313,
-0.416969353817478));
#11776=CARTESIAN_POINT('Ctrl Pts',(1.12072968577299,-0.39834554061632,-0.237543464337107));
#11777=CARTESIAN_POINT('Ctrl Pts',(1.13257597501448,-0.462251791919121,
0.0378067195198348));
#11778=CARTESIAN_POINT('Ctrl Pts',(1.15626855349747,-0.226456215450238,
0.404751342988081));
#11779=CARTESIAN_POINT('Ctrl Pts',(1.16811484273896,0.052108463328698,0.45980988510971));
#11780=CARTESIAN_POINT('Ctrl Pts',(1.19180742122194,0.408877401669945,0.216702044103665));
#11781=CARTESIAN_POINT('Ctrl Pts',(1.20365371046343,0.450557531875712,-0.0348716252002758));
#11782=CARTESIAN_POINT('Ctrl Pts',(1.2273462889464,0.261962610158584,-0.368230601697889));
#11783=CARTESIAN_POINT('Ctrl Pts',(1.23919257818791,0.054018935391412,-0.441431367727068));
#11784=CARTESIAN_POINT('Ctrl Pts',(1.26288515667088,-0.280210817658967,
-0.345342799709306));
#11785=CARTESIAN_POINT('Ctrl Pts',(1.27473144591237,-0.397492299503165,
-0.187787587538069));
#11786=CARTESIAN_POINT('Ctrl Pts',(1.29842402439536,-0.419262849754606,
0.132223351881201));
#11787=CARTESIAN_POINT('Ctrl Pts',(1.31027031363685,-0.328719613904455,
0.286121914862831));
#11788=CARTESIAN_POINT('Ctrl Pts',(1.33396289211983,-0.0667603133655289,
0.430656980768215));
#11789=CARTESIAN_POINT('Ctrl Pts',(1.34580918136132,0.0976633141570164,
0.421676241141694));
#11790=CARTESIAN_POINT('Ctrl Pts',(1.3695017598443,0.33631879869316,0.272467752437472));
#11791=CARTESIAN_POINT('Ctrl Pts',(1.3813480490858,0.408150366083896,0.136819401292536));
#11792=CARTESIAN_POINT('Ctrl Pts',(1.40562975499395,0.410519327074013,-0.136348002977216));
#11793=CARTESIAN_POINT('Ctrl Pts',(1.41806517166062,0.335772234774129,-0.26876422413101));
#11794=CARTESIAN_POINT('Ctrl Pts',(1.44293600499395,0.115433619938895,-0.414309443065734));
#11795=CARTESIAN_POINT('Ctrl Pts',(1.45537142166061,-0.0263810411903615,
-0.42727413567603));
#11796=CARTESIAN_POINT('Ctrl Pts',(1.49267767166063,-0.378503752079147,
-0.295193693551888));
#11797=CARTESIAN_POINT('Ctrl Pts',(1.51754850499396,-0.468849053281868,
0.0153294107588675));
#11798=CARTESIAN_POINT('Ctrl Pts',(1.56729017166061,-0.232023334835778,
0.407700438873997));
#11799=CARTESIAN_POINT('Ctrl Pts',(1.59216100499396,0.0502741545445731,
0.458370381424534));
#11800=CARTESIAN_POINT('Ctrl Pts',(1.64190267166061,0.403675954761594,0.222882623234751));
#11801=CARTESIAN_POINT('Ctrl Pts',(1.66677350499394,0.453916007641161,-0.0317271650400573));
#11802=CARTESIAN_POINT('Ctrl Pts',(1.71651517166063,0.255778471069275,-0.376329332301831));
#11803=CARTESIAN_POINT('Ctrl Pts',(1.74138600499393,0.0287302104809613,
-0.451932668956223));
#11804=CARTESIAN_POINT('Ctrl Pts',(1.79112767166064,-0.33126754370105,-0.30875617686454));
#11805=CARTESIAN_POINT('Ctrl Pts',(1.81599850499395,-0.442464724951668,
-0.0964029534295157));
#11806=CARTESIAN_POINT('Ctrl Pts',(1.86574017166062,-0.355085121468758,
0.281039354470631));
#11807=CARTESIAN_POINT('Ctrl Pts',(1.89061100499396,-0.161880680588757,
0.42292222393558));
#11808=CARTESIAN_POINT('Ctrl Pts',(1.94035267166061,0.224412130851379,0.393329070593149));
#11809=CARTESIAN_POINT('Ctrl Pts',(1.96522350499394,0.393750132561778,0.223672518111259));
#11810=CARTESIAN_POINT('Ctrl Pts',(2.01496517166062,0.42261724106387,-0.162675228025276));
#11811=CARTESIAN_POINT('Ctrl Pts',(2.03983600499396,0.280371516810887,-0.355612675283216));
#11812=CARTESIAN_POINT('Ctrl Pts',(2.08957767166061,-0.0972343443493012,
-0.442282765367944));
#11813=CARTESIAN_POINT('Ctrl Pts',(2.11444850499395,-0.309378210543306,
-0.330686687215631));
#11814=CARTESIAN_POINT('Ctrl Pts',(2.16419017166061,-0.451877875711592,
0.0295795148138465));
#11815=CARTESIAN_POINT('Ctrl Pts',(2.18906100499398,-0.373472394357838,
0.256099459005224));
#11816=CARTESIAN_POINT('Ctrl Pts',(2.23880267166059,-0.0387488158706436,
0.45118409935991));
#11817=CARTESIAN_POINT('Ctrl Pts',(2.26367350499395,0.196989533935362,0.407754442976699));
#11818=CARTESIAN_POINT('Ctrl Pts',(2.31341517166061,0.440217233046404,0.106194867962515));
#11819=CARTESIAN_POINT('Ctrl Pts',(2.33828600499391,0.432752259105859,-0.133394319578742));
#11820=CARTESIAN_POINT('Ctrl Pts',(2.38802767166066,0.171222950476702,-0.419226983258839));
#11821=CARTESIAN_POINT('Ctrl Pts',(2.41289850499395,-0.0727075098041648,
-0.45519120213933));
#11822=CARTESIAN_POINT('Ctrl Pts',(2.46264017166062,-0.413728366940801,
-0.203258868830259));
#11823=CARTESIAN_POINT('Ctrl Pts',(2.48751100499399,-0.469674413435403,
0.0937375140487214));
#11824=CARTESIAN_POINT('Ctrl Pts',(2.52481725499393,-0.217358698115873,
0.368454087379607));
#11825=CARTESIAN_POINT('Ctrl Pts',(2.53725267166061,-0.0834147615491292,
0.423820483452901));
#11826=CARTESIAN_POINT('Ctrl Pts',(2.56212350499396,0.190182580273691,0.387830297965262));
#11827=CARTESIAN_POINT('Ctrl Pts',(2.57455892166062,0.326977751058382,0.292231495091237));
#11828=CARTESIAN_POINT('Ctrl Pts',(2.60181100499395,0.449211334165962,-0.0302866435126805));
#11829=CARTESIAN_POINT('Ctrl Pts',(2.6166276716606,0.37549681740705,-0.258568504552332));
#11830=CARTESIAN_POINT('Ctrl Pts',(2.64626100499397,0.0253826467088378,
-0.455204578013965));
#11831=CARTESIAN_POINT('Ctrl Pts',(2.66107767166061,-0.234241822681741,
-0.399865984779694));
#11832=CARTESIAN_POINT('Ctrl Pts',(2.69071100499395,-0.462451374738213,
-0.0300118429867963));
#11833=CARTESIAN_POINT('Ctrl Pts',(2.7055276716606,-0.394630991145124,0.262279962504103));
#11834=CARTESIAN_POINT('Ctrl Pts',(2.72775267166063,-0.0731992483128077,
0.420036918453479));
#11835=CARTESIAN_POINT('Ctrl Pts',(2.73516100499395,0.0625211866571182,
0.423175515406711));
#11836=CARTESIAN_POINT('Ctrl Pts',(2.74997767166061,0.287231322405937,0.316993073833903));
#11837=CARTESIAN_POINT('Ctrl Pts',(2.75738600499398,0.369866152947246,0.212104162080897));
#11838=CARTESIAN_POINT('Ctrl Pts',(2.77961100499389,0.453918885064023,-0.135948649425703));
#11839=CARTESIAN_POINT('Ctrl Pts',(2.79442767166071,0.269985507564806,-0.379450607926368));
#11840=CARTESIAN_POINT('Ctrl Pts',(2.82406100499386,-0.17096398827461,-0.433181594774928));
#11841=CARTESIAN_POINT('Ctrl Pts',(2.83887767166063,-0.382575454800044,
-0.254307460015311));
#11842=CARTESIAN_POINT('Ctrl Pts',(2.86851100499393,-0.430618694150597,
0.16001199757392));
#11843=CARTESIAN_POINT('Ctrl Pts',(2.88332767166059,-0.274766459904305,
0.361851919926926));
#11844=CARTESIAN_POINT('Ctrl Pts',(2.91296100499397,0.111741567284207,0.440394452753304));
#11845=CARTESIAN_POINT('Ctrl Pts',(2.92777767166062,0.316295575223197,0.320416626186648));
#11846=CARTESIAN_POINT('Ctrl Pts',(2.95727871332728,0.448619524712919,-0.028724920870397));
#11847=CARTESIAN_POINT('Ctrl Pts',(2.97196308832728,0.379071200601679,-0.228447920715433));
#11848=CARTESIAN_POINT('Ctrl Pts',(3.00133183832729,0.108663864063597,-0.429040379438988));
#11849=CARTESIAN_POINT('Ctrl Pts',(3.01601621332731,-0.0795104242409777,
-0.430403542616996));
#11850=CARTESIAN_POINT('Ctrl Pts',(3.04538496332726,-0.344654084069124,
-0.269782738336869));
#11851=CARTESIAN_POINT('Ctrl Pts',(3.06006933832728,-0.418380334792017,
-0.115554076524313));
#11852=CARTESIAN_POINT('Ctrl Pts',(3.08943808832729,-0.398276760105087,
0.172541333638805));
#11853=CARTESIAN_POINT('Ctrl Pts',(3.10412246332731,-0.308074511796511,
0.30174753728164));
#11854=CARTESIAN_POINT('Ctrl Pts',(3.13349121332725,-0.0667793243756109,
0.426030560494171));
#11855=CARTESIAN_POINT('Ctrl Pts',(3.14817558832726,0.0799924826453941,
0.421471145637833));
#11856=CARTESIAN_POINT('Ctrl Pts',(3.1775443383273,0.30642568377547,0.300233335957587));
#11857=CARTESIAN_POINT('Ctrl Pts',(3.19222871332723,0.3843732593505,0.186368994350053));
#11858=CARTESIAN_POINT('Ctrl Pts',(3.2362818383274,0.443267678453199,-0.175460540274951));
#11859=CARTESIAN_POINT('Ctrl Pts',(3.26565058832728,0.23451996795202,-0.40604057121541));
#11860=CARTESIAN_POINT('Ctrl Pts',(3.32438808832728,-0.222924999460966,
-0.412520309144533));
#11861=CARTESIAN_POINT('Ctrl Pts',(3.35375683832733,-0.428522146023882,
-0.190361054852088));
#11862=CARTESIAN_POINT('Ctrl Pts',(3.41249433832723,-0.386691619300898,
0.265213409147532));
#11863=CARTESIAN_POINT('Ctrl Pts',(3.44186308832733,-0.144076242524807,
0.446218104928187));
#11864=CARTESIAN_POINT('Ctrl Pts',(3.50060058832723,0.30453998940954,0.356544465218128));
#11865=CARTESIAN_POINT('Ctrl Pts',(3.52996933832718,0.458930824408297,0.0961824268710344));
#11866=CARTESIAN_POINT('Ctrl Pts',(3.58870683832739,0.322415521929864,-0.340465551939378));
#11867=CARTESIAN_POINT('Ctrl Pts',(3.61807558832733,0.0472144727003443,
-0.466518332340306));
#11868=CARTESIAN_POINT('Ctrl Pts',(3.67681308832723,-0.372588890054225,
-0.28468593194428));
#11869=CARTESIAN_POINT('Ctrl Pts',(3.70618183832733,-0.468895893530021,
0.00228075954585963));
#11870=CARTESIAN_POINT('Ctrl Pts',(3.76491933832723,-0.243777048791871,
0.400551259277268));
#11871=CARTESIAN_POINT('Ctrl Pts',(3.79428808832733,0.0517505209221132,
0.466036956055339));
#11872=CARTESIAN_POINT('Ctrl Pts',(3.85302558832723,0.424040383682896,0.200145731495198));
#11873=CARTESIAN_POINT('Ctrl Pts',(3.88239433832728,0.457973447751371,-0.100642346902575));
#11874=CARTESIAN_POINT('Ctrl Pts',(3.92644746332729,0.230202793785921,-0.35725604416935));
#11875=CARTESIAN_POINT('Ctrl Pts',(3.94113183832733,0.119249366446917,-0.410378602795644));
#11876=CARTESIAN_POINT('Ctrl Pts',(3.97050058832724,-0.126398539206978,
-0.408233177890911));
#11877=CARTESIAN_POINT('Ctrl Pts',(3.98518496332719,-0.261239616500604,
-0.347573718460954));
#11878=CARTESIAN_POINT('Ctrl Pts',(4.01455371332737,-0.422529813874227,
-0.102577060969746));
#11879=CARTESIAN_POINT('Ctrl Pts',(4.02923808832724,-0.443819908648903,
0.0895654376972792));
#11880=CARTESIAN_POINT('Ctrl Pts',(4.0512646508273,-0.270273278712808,0.322272953427856));
#11881=CARTESIAN_POINT('Ctrl Pts',(4.05860683832732,-0.177534498205789,
0.388462828301775));
#11882=CARTESIAN_POINT('Ctrl Pts',(4.07329121332725,0.064058810746696,0.422277343669334));
#11883=CARTESIAN_POINT('Ctrl Pts',(4.08063340082733,0.212925551694819,0.374802774986686));
#11884=CARTESIAN_POINT('Ctrl Pts',(4.09531777582723,0.394251853681311,0.174298268994952));
#11885=CARTESIAN_POINT('Ctrl Pts',(4.10265996332724,0.430193443115797,0.0273498118562162));
#11886=CARTESIAN_POINT('Ctrl Pts',(4.11734433832732,0.361882406519145,-0.234212584130248));
#11887=CARTESIAN_POINT('Ctrl Pts',(4.1246865258273,0.258676037137713,-0.344820414891261));
#11888=CARTESIAN_POINT('Ctrl Pts',(4.13937090082726,0.00246343944093179,
-0.431054917826916));
#11889=CARTESIAN_POINT('Ctrl Pts',(4.14671308832727,-0.146618618675248,
-0.405360816278521));
#11890=CARTESIAN_POINT('Ctrl Pts',(4.16139746332729,-0.359181849425828,
-0.238333400421239));
#11891=CARTESIAN_POINT('Ctrl Pts',(4.16873965082733,-0.419407388640751,
-0.0995582897824213));
#11892=CARTESIAN_POINT('Ctrl Pts',(4.18342402582723,-0.396218234126472,
0.169780804721153));
#11893=CARTESIAN_POINT('Ctrl Pts',(4.1907662133272,-0.313158707121729,0.296219572036755));
#11894=CARTESIAN_POINT('Ctrl Pts',(4.20545058832735,-0.0751742564812906,
0.424456407495441));
#11895=CARTESIAN_POINT('Ctrl Pts',(4.21279277582724,0.0761056805399636,
0.424290391231015));
#11896=CARTESIAN_POINT('Ctrl Pts',(4.22747715082732,0.313808101282155,0.295531531775097));
#11897=CARTESIAN_POINT('Ctrl Pts',(4.23481933832736,0.396589917978469,0.168910768347419));
#11898=CARTESIAN_POINT('Ctrl Pts',(4.2495037133272,0.419187865989786,-0.100478573425352));
#11899=CARTESIAN_POINT('Ctrl Pts',(4.25684590082727,0.358657885541143,-0.239121165630341));
#11900=CARTESIAN_POINT('Ctrl Pts',(4.2715302758273,0.145728571773885,-0.405681641296495));
#11901=CARTESIAN_POINT('Ctrl Pts',(4.2788724633273,-0.00340952117028861,
-0.431048472775567));
#11902=CARTESIAN_POINT('Ctrl Pts',(4.29355683832726,-0.259432232595983,
-0.344251837185431));
#11903=CARTESIAN_POINT('Ctrl Pts',(4.3008990258273,-0.362395589187974,-0.233417753502859));
#11904=CARTESIAN_POINT('Ctrl Pts',(4.32292558832725,-0.464000773978675,
0.159149791045324));
#11905=CARTESIAN_POINT('Ctrl Pts',(4.33624028437868,-0.227788704851989,
0.450563237013695));
#11906=CARTESIAN_POINT('Ctrl Pts',(4.35229433832728,0.0641148308805181,
0.404268942641117));
#11907=CARTESIAN_POINT('Ctrl Pts',(1.09139138282827,-0.0377601636761,0.407576078250581));
#11908=CARTESIAN_POINT('Ctrl Pts',(1.10649128452469,0.239040460338113,0.433220459898296));
#11909=CARTESIAN_POINT('Ctrl Pts',(1.11938773556301,0.4565918241707,0.159620523542964));
#11910=CARTESIAN_POINT('Ctrl Pts',(1.14038500011406,0.370130938595829,-0.217140177777514));
#11911=CARTESIAN_POINT('Ctrl Pts',(1.14738408829775,0.278351244853549,-0.326599683100778));
#11912=CARTESIAN_POINT('Ctrl Pts',(1.16138226466511,0.0410755121207999,
-0.427152865867614));
#11913=CARTESIAN_POINT('Ctrl Pts',(1.1683813528488,-0.101406737901313,-0.416969353817478));
#11914=CARTESIAN_POINT('Ctrl Pts',(1.18722673027397,-0.398345540616319,
-0.237543464337107));
#11915=CARTESIAN_POINT('Ctrl Pts',(1.19907301951547,-0.462251791919121,
0.0378067195198348));
#11916=CARTESIAN_POINT('Ctrl Pts',(1.22276559799845,-0.226456215450238,
0.404751342988081));
#11917=CARTESIAN_POINT('Ctrl Pts',(1.23461188723994,0.052108463328698,0.45980988510971));
#11918=CARTESIAN_POINT('Ctrl Pts',(1.25830446572292,0.408877401669945,0.216702044103665));
#11919=CARTESIAN_POINT('Ctrl Pts',(1.27015075496442,0.450557531875711,-0.0348716252002757));
#11920=CARTESIAN_POINT('Ctrl Pts',(1.29384333344739,0.261962610158584,-0.368230601697888));
#11921=CARTESIAN_POINT('Ctrl Pts',(1.30568962268889,0.054018935391412,-0.441431367727068));
#11922=CARTESIAN_POINT('Ctrl Pts',(1.32938220117186,-0.280210817658967,
-0.345342799709306));
#11923=CARTESIAN_POINT('Ctrl Pts',(1.34122849041335,-0.397492299503165,
-0.187787587538068));
#11924=CARTESIAN_POINT('Ctrl Pts',(1.36492106889635,-0.419262849754606,
0.132223351881201));
#11925=CARTESIAN_POINT('Ctrl Pts',(1.37676735813783,-0.328719613904455,
0.286121914862831));
#11926=CARTESIAN_POINT('Ctrl Pts',(1.40045993662081,-0.0667603133655294,
0.430656980768215));
#11927=CARTESIAN_POINT('Ctrl Pts',(1.4123062258623,0.0976633141570164,0.421676241141694));
#11928=CARTESIAN_POINT('Ctrl Pts',(1.43599880434529,0.336318798693159,0.272467752437472));
#11929=CARTESIAN_POINT('Ctrl Pts',(1.44784509358678,0.408150366083896,0.136819401292536));
#11930=CARTESIAN_POINT('Ctrl Pts',(1.47212679949494,0.410519327074013,-0.136348002977217));
#11931=CARTESIAN_POINT('Ctrl Pts',(1.4845622161616,0.33577223477413,-0.26876422413101));
#11932=CARTESIAN_POINT('Ctrl Pts',(1.50943304949493,0.115433619938896,-0.414309443065734));
#11933=CARTESIAN_POINT('Ctrl Pts',(1.5218684661616,-0.0263810411903614,
-0.42727413567603));
#11934=CARTESIAN_POINT('Ctrl Pts',(1.55917471616161,-0.378503752079147,
-0.295193693551888));
#11935=CARTESIAN_POINT('Ctrl Pts',(1.58404554949494,-0.468849053281868,
0.0153294107588677));
#11936=CARTESIAN_POINT('Ctrl Pts',(1.6337872161616,-0.232023334835778,0.407700438873997));
#11937=CARTESIAN_POINT('Ctrl Pts',(1.65865804949493,0.0502741545445731,
0.458370381424534));
#11938=CARTESIAN_POINT('Ctrl Pts',(1.70839971616161,0.403675954761594,0.222882623234751));
#11939=CARTESIAN_POINT('Ctrl Pts',(1.73327054949491,0.453916007641161,-0.0317271650400572));
#11940=CARTESIAN_POINT('Ctrl Pts',(1.78301221616163,0.255778471069275,-0.376329332301831));
#11941=CARTESIAN_POINT('Ctrl Pts',(1.80788304949492,0.0287302104809616,
-0.451932668956223));
#11942=CARTESIAN_POINT('Ctrl Pts',(1.85762471616162,-0.33126754370105,-0.308756176864541));
#11943=CARTESIAN_POINT('Ctrl Pts',(1.88249554949494,-0.442464724951668,
-0.0964029534295157));
#11944=CARTESIAN_POINT('Ctrl Pts',(1.9322372161616,-0.355085121468758,0.281039354470631));
#11945=CARTESIAN_POINT('Ctrl Pts',(1.95710804949494,-0.161880680588757,
0.42292222393558));
#11946=CARTESIAN_POINT('Ctrl Pts',(2.0068497161616,0.224412130851378,0.393329070593148));
#11947=CARTESIAN_POINT('Ctrl Pts',(2.03172054949493,0.393750132561778,0.223672518111259));
#11948=CARTESIAN_POINT('Ctrl Pts',(2.08146221616161,0.422617241063871,-0.162675228025276));
#11949=CARTESIAN_POINT('Ctrl Pts',(2.10633304949494,0.280371516810887,-0.355612675283216));
#11950=CARTESIAN_POINT('Ctrl Pts',(2.1560747161616,-0.097234344349301,-0.442282765367944));
#11951=CARTESIAN_POINT('Ctrl Pts',(2.18094554949494,-0.309378210543307,
-0.330686687215631));
#11952=CARTESIAN_POINT('Ctrl Pts',(2.2306872161616,-0.451877875711592,0.0295795148138465));
#11953=CARTESIAN_POINT('Ctrl Pts',(2.25555804949496,-0.373472394357838,
0.256099459005224));
#11954=CARTESIAN_POINT('Ctrl Pts',(2.30529971616157,-0.0387488158706436,
0.45118409935991));
#11955=CARTESIAN_POINT('Ctrl Pts',(2.33017054949494,0.196989533935362,0.407754442976699));
#11956=CARTESIAN_POINT('Ctrl Pts',(2.3799122161616,0.440217233046404,0.106194867962515));
#11957=CARTESIAN_POINT('Ctrl Pts',(2.4047830494949,0.432752259105859,-0.133394319578742));
#11958=CARTESIAN_POINT('Ctrl Pts',(2.45452471616164,0.171222950476702,-0.419226983258839));
#11959=CARTESIAN_POINT('Ctrl Pts',(2.47939554949493,-0.072707509804165,
-0.45519120213933));
#11960=CARTESIAN_POINT('Ctrl Pts',(2.52913721616161,-0.413728366940802,
-0.203258868830259));
#11961=CARTESIAN_POINT('Ctrl Pts',(2.55400804949497,-0.469674413435403,
0.0937375140487214));
#11962=CARTESIAN_POINT('Ctrl Pts',(2.59131429949492,-0.217358698115873,
0.368454087379607));
#11963=CARTESIAN_POINT('Ctrl Pts',(2.60374971616159,-0.0834147615491292,
0.423820483452901));
#11964=CARTESIAN_POINT('Ctrl Pts',(2.62862054949495,0.190182580273691,0.387830297965262));
#11965=CARTESIAN_POINT('Ctrl Pts',(2.6410559661616,0.326977751058382,0.292231495091237));
#11966=CARTESIAN_POINT('Ctrl Pts',(2.66830804949493,0.449211334165962,-0.0302866435126807));
#11967=CARTESIAN_POINT('Ctrl Pts',(2.68312471616158,0.37549681740705,-0.258568504552332));
#11968=CARTESIAN_POINT('Ctrl Pts',(2.71275804949495,0.0253826467088379,
-0.455204578013965));
#11969=CARTESIAN_POINT('Ctrl Pts',(2.7275747161616,-0.23424182268174,-0.399865984779694));
#11970=CARTESIAN_POINT('Ctrl Pts',(2.75720804949494,-0.462451374738213,
-0.0300118429867962));
#11971=CARTESIAN_POINT('Ctrl Pts',(2.77202471616158,-0.394630991145124,
0.262279962504103));
#11972=CARTESIAN_POINT('Ctrl Pts',(2.79424971616161,-0.0731992483128076,
0.420036918453479));
#11973=CARTESIAN_POINT('Ctrl Pts',(2.80165804949494,0.0625211866571184,
0.42317551540671));
#11974=CARTESIAN_POINT('Ctrl Pts',(2.8164747161616,0.287231322405936,0.316993073833902));
#11975=CARTESIAN_POINT('Ctrl Pts',(2.82388304949496,0.369866152947246,0.212104162080896));
#11976=CARTESIAN_POINT('Ctrl Pts',(2.84610804949487,0.453918885064022,-0.135948649425703));
#11977=CARTESIAN_POINT('Ctrl Pts',(2.86092471616169,0.269985507564806,-0.379450607926368));
#11978=CARTESIAN_POINT('Ctrl Pts',(2.89055804949484,-0.17096398827461,-0.433181594774928));
#11979=CARTESIAN_POINT('Ctrl Pts',(2.90537471616161,-0.382575454800044,
-0.254307460015311));
#11980=CARTESIAN_POINT('Ctrl Pts',(2.93500804949492,-0.430618694150596,
0.16001199757392));
#11981=CARTESIAN_POINT('Ctrl Pts',(2.94982471616157,-0.274766459904305,
0.361851919926926));
#11982=CARTESIAN_POINT('Ctrl Pts',(2.97945804949496,0.111741567284206,0.440394452753304));
#11983=CARTESIAN_POINT('Ctrl Pts',(2.9942747161616,0.316295575223197,0.320416626186647));
#11984=CARTESIAN_POINT('Ctrl Pts',(3.02377575782826,0.448619524712919,-0.028724920870397));
#11985=CARTESIAN_POINT('Ctrl Pts',(3.03846013282827,0.379071200601679,-0.228447920715433));
#11986=CARTESIAN_POINT('Ctrl Pts',(3.06782888282827,0.108663864063597,-0.429040379438988));
#11987=CARTESIAN_POINT('Ctrl Pts',(3.08251325782831,-0.0795104242409772,
-0.430403542616996));
#11988=CARTESIAN_POINT('Ctrl Pts',(3.11188200782822,-0.344654084069124,
-0.269782738336869));
#11989=CARTESIAN_POINT('Ctrl Pts',(3.12656638282826,-0.418380334792018,
-0.115554076524314));
#11990=CARTESIAN_POINT('Ctrl Pts',(3.15593513282827,-0.398276760105087,
0.172541333638805));
#11991=CARTESIAN_POINT('Ctrl Pts',(3.1706195078283,-0.308074511796511,0.30174753728164));
#11992=CARTESIAN_POINT('Ctrl Pts',(3.19998825782824,-0.0667793243756109,
0.426030560494171));
#11993=CARTESIAN_POINT('Ctrl Pts',(3.21467263282825,0.0799924826453941,
0.421471145637833));
#11994=CARTESIAN_POINT('Ctrl Pts',(3.24404138282829,0.306425683775471,0.300233335957587));
#11995=CARTESIAN_POINT('Ctrl Pts',(3.25872575782821,0.3843732593505,0.186368994350053));
#11996=CARTESIAN_POINT('Ctrl Pts',(3.30277888282838,0.443267678453199,-0.175460540274951));
#11997=CARTESIAN_POINT('Ctrl Pts',(3.33214763282826,0.23451996795202,-0.40604057121541));
#11998=CARTESIAN_POINT('Ctrl Pts',(3.39088513282827,-0.222924999460966,
-0.412520309144533));
#11999=CARTESIAN_POINT('Ctrl Pts',(3.42025388282832,-0.428522146023882,
-0.190361054852088));
#12000=CARTESIAN_POINT('Ctrl Pts',(3.47899138282822,-0.386691619300898,
0.265213409147532));
#12001=CARTESIAN_POINT('Ctrl Pts',(3.50836013282832,-0.144076242524807,
0.446218104928187));
#12002=CARTESIAN_POINT('Ctrl Pts',(3.56709763282822,0.30453998940954,0.356544465218128));
#12003=CARTESIAN_POINT('Ctrl Pts',(3.59646638282816,0.458930824408297,0.0961824268710345));
#12004=CARTESIAN_POINT('Ctrl Pts',(3.65520388282837,0.322415521929864,-0.340465551939378));
#12005=CARTESIAN_POINT('Ctrl Pts',(3.68457263282832,0.0472144727003443,
-0.466518332340306));
#12006=CARTESIAN_POINT('Ctrl Pts',(3.74331013282822,-0.372588890054225,
-0.284685931944279));
#12007=CARTESIAN_POINT('Ctrl Pts',(3.77267888282832,-0.468895893530021,
0.00228075954585963));
#12008=CARTESIAN_POINT('Ctrl Pts',(3.83141638282822,-0.243777048791871,
0.400551259277268));
#12009=CARTESIAN_POINT('Ctrl Pts',(3.86078513282832,0.0517505209221132,
0.466036956055339));
#12010=CARTESIAN_POINT('Ctrl Pts',(3.91952263282822,0.424040383682896,0.200145731495199));
#12011=CARTESIAN_POINT('Ctrl Pts',(3.94889138282827,0.457973447751371,-0.100642346902575));
#12012=CARTESIAN_POINT('Ctrl Pts',(3.99294450782827,0.230202793785921,-0.35725604416935));
#12013=CARTESIAN_POINT('Ctrl Pts',(4.00762888282831,0.119249366446917,-0.410378602795643));
#12014=CARTESIAN_POINT('Ctrl Pts',(4.03699763282822,-0.126398539206978,
-0.408233177890911));
#12015=CARTESIAN_POINT('Ctrl Pts',(4.05168200782818,-0.261239616500605,
-0.347573718460954));
#12016=CARTESIAN_POINT('Ctrl Pts',(4.08105075782835,-0.422529813874227,
-0.102577060969746));
#12017=CARTESIAN_POINT('Ctrl Pts',(4.09573513282822,-0.443819908648903,
0.0895654376972793));
#12018=CARTESIAN_POINT('Ctrl Pts',(4.11776169532828,-0.270273278712808,
0.322272953427857));
#12019=CARTESIAN_POINT('Ctrl Pts',(4.1251038828283,-0.177534498205789,0.388462828301775));
#12020=CARTESIAN_POINT('Ctrl Pts',(4.13978825782823,0.0640588107466957,
0.422277343669334));
#12021=CARTESIAN_POINT('Ctrl Pts',(4.14713044532831,0.212925551694819,0.374802774986686));
#12022=CARTESIAN_POINT('Ctrl Pts',(4.16181482032822,0.394251853681311,0.174298268994952));
#12023=CARTESIAN_POINT('Ctrl Pts',(4.16915700782822,0.430193443115797,0.0273498118562162));
#12024=CARTESIAN_POINT('Ctrl Pts',(4.18384138282831,0.361882406519144,-0.234212584130248));
#12025=CARTESIAN_POINT('Ctrl Pts',(4.19118357032828,0.258676037137713,-0.344820414891261));
#12026=CARTESIAN_POINT('Ctrl Pts',(4.20586794532825,0.00246343944093179,
-0.431054917826916));
#12027=CARTESIAN_POINT('Ctrl Pts',(4.21321013282825,-0.146618618675248,
-0.405360816278521));
#12028=CARTESIAN_POINT('Ctrl Pts',(4.22789450782828,-0.359181849425829,
-0.238333400421239));
#12029=CARTESIAN_POINT('Ctrl Pts',(4.23523669532831,-0.419407388640751,
-0.0995582897824216));
#12030=CARTESIAN_POINT('Ctrl Pts',(4.24992107032821,-0.396218234126472,
0.169780804721153));
#12031=CARTESIAN_POINT('Ctrl Pts',(4.25726325782819,-0.313158707121729,
0.296219572036755));
#12032=CARTESIAN_POINT('Ctrl Pts',(4.27194763282834,-0.0751742564812907,
0.424456407495441));
#12033=CARTESIAN_POINT('Ctrl Pts',(4.27928982032822,0.0761056805399642,
0.424290391231015));
#12034=CARTESIAN_POINT('Ctrl Pts',(4.29397419532831,0.313808101282156,0.295531531775097));
#12035=CARTESIAN_POINT('Ctrl Pts',(4.30131638282834,0.396589917978469,0.168910768347419));
#12036=CARTESIAN_POINT('Ctrl Pts',(4.31600075782819,0.419187865989786,-0.100478573425353));
#12037=CARTESIAN_POINT('Ctrl Pts',(4.32334294532825,0.358657885541143,-0.239121165630341));
#12038=CARTESIAN_POINT('Ctrl Pts',(4.33802732032828,0.145728571773885,-0.405681641296495));
#12039=CARTESIAN_POINT('Ctrl Pts',(4.34536950782828,-0.00340952117028861,
-0.431048472775567));
#12040=CARTESIAN_POINT('Ctrl Pts',(4.36005388282825,-0.259432232595983,
-0.344251837185431));
#12041=CARTESIAN_POINT('Ctrl Pts',(4.36739607032828,-0.362395589187974,
-0.233417753502859));
#12042=CARTESIAN_POINT('Ctrl Pts',(4.38942263282823,-0.464000773978675,
0.159149791045324));
#12043=CARTESIAN_POINT('Ctrl Pts',(4.40273732887966,-0.227788704851989,
0.450563237013695));
#12044=CARTESIAN_POINT('Ctrl Pts',(4.41879138282826,0.0641148308805181,
0.404268942641117));
#12045=CARTESIAN_POINT('Ctrl Pts',(1.12164286057778,-0.0167475231779016,
0.385813246511066));
#12046=CARTESIAN_POINT('Ctrl Pts',(1.13674236227264,0.245266181935649,0.397186832856731));
#12047=CARTESIAN_POINT('Ctrl Pts',(1.14963921331252,0.437633271342588,0.129314239506741));
#12048=CARTESIAN_POINT('Ctrl Pts',(1.17063647786357,0.338748478140942,-0.221720516157409));
#12049=CARTESIAN_POINT('Ctrl Pts',(1.17763556604726,0.247204067643995,-0.320625432038627));
#12050=CARTESIAN_POINT('Ctrl Pts',(1.19163374241462,0.0189669772712844,
-0.404414110169807));
#12051=CARTESIAN_POINT('Ctrl Pts',(1.19863283059831,-0.114826719142451,
-0.388233619489567));
#12052=CARTESIAN_POINT('Ctrl Pts',(1.21747820802348,-0.386347406396672,
-0.205434468568824));
#12053=CARTESIAN_POINT('Ctrl Pts',(1.22932449726497,-0.433843358747209,
0.0569875369872155));
#12054=CARTESIAN_POINT('Ctrl Pts',(1.25301707574796,-0.19469067717268,0.391871381344639));
#12055=CARTESIAN_POINT('Ctrl Pts',(1.26486336498945,0.0703515538375153,
0.430881387385398));
#12056=CARTESIAN_POINT('Ctrl Pts',(1.28855594347243,0.395308705169904,0.185308425943613));
#12057=CARTESIAN_POINT('Ctrl Pts',(1.30040223271393,0.422959224655914,-0.0536813197350497));
#12058=CARTESIAN_POINT('Ctrl Pts',(1.32409481119689,0.229836849577014,-0.359097856546758));
#12059=CARTESIAN_POINT('Ctrl Pts',(1.3359411004384,0.0305040294448536,-0.418467206415016));
#12060=CARTESIAN_POINT('Ctrl Pts',(1.35963367892137,-0.280007927295344,
-0.312475450621075));
#12061=CARTESIAN_POINT('Ctrl Pts',(1.37147996816286,-0.383244078727044,
-0.15858779405987));
#12062=CARTESIAN_POINT('Ctrl Pts',(1.39517254664586,-0.38897074808928,0.143971907587406));
#12063=CARTESIAN_POINT('Ctrl Pts',(1.40701883588734,-0.296537879988334,
0.284809905676727));
#12064=CARTESIAN_POINT('Ctrl Pts',(1.43071141437032,-0.0430084239368221,
0.408903053952613));
#12065=CARTESIAN_POINT('Ctrl Pts',(1.44255770361181,0.111516717895943,0.392842017018936));
#12066=CARTESIAN_POINT('Ctrl Pts',(1.4662502820948,0.329512091990527,0.24121078182261));
#12067=CARTESIAN_POINT('Ctrl Pts',(1.47809657133629,0.390932097610755,0.11006677652673));
#12068=CARTESIAN_POINT('Ctrl Pts',(1.50237827724444,0.380540919331063,-0.147454608710711));
#12069=CARTESIAN_POINT('Ctrl Pts',(1.51481369391111,0.303985853200045,-0.268779268440129));
#12070=CARTESIAN_POINT('Ctrl Pts',(1.53968452724444,0.0896298433081788,
-0.395747665835103));
#12071=CARTESIAN_POINT('Ctrl Pts',(1.5521199439111,-0.0446044844993117,
-0.401411109801768));
#12072=CARTESIAN_POINT('Ctrl Pts',(1.58942619391112,-0.370314143571173,
-0.260676523027128));
#12073=CARTESIAN_POINT('Ctrl Pts',(1.61429702724446,-0.441098822021655,
0.0361115233378629));
#12074=CARTESIAN_POINT('Ctrl Pts',(1.66403869391109,-0.199800419025996,
0.39490764758261));
#12075=CARTESIAN_POINT('Ctrl Pts',(1.68890952724446,0.0685565208118679,
0.429609676394924));
#12076=CARTESIAN_POINT('Ctrl Pts',(1.73865119391109,0.390692876912497,0.191372894663991));
#12077=CARTESIAN_POINT('Ctrl Pts',(1.76352202724444,0.426269303971344,-0.0508734233495468));
#12078=CARTESIAN_POINT('Ctrl Pts',(1.81326369391111,0.223635138092571,-0.366443697185382));
#12079=CARTESIAN_POINT('Ctrl Pts',(1.83813452724442,0.00618860181701403,
-0.427194190870506));
#12080=CARTESIAN_POINT('Ctrl Pts',(1.88787619391113,-0.326429124916814,
-0.27563962325725));
#12081=CARTESIAN_POINT('Ctrl Pts',(1.91274702724444,-0.421399596192079,
-0.0703957088717059));
#12082=CARTESIAN_POINT('Ctrl Pts',(1.96248869391111,-0.321617575894516,
0.281238884878775));
#12083=CARTESIAN_POINT('Ctrl Pts',(1.98735952724445,-0.132999963654732,
0.406010080117581));
#12084=CARTESIAN_POINT('Ctrl Pts',(2.03710119391111,0.229645067308836,0.360272561473514));
#12085=CARTESIAN_POINT('Ctrl Pts',(2.06197202724445,0.381376049257625,0.192575918915679));
#12086=CARTESIAN_POINT('Ctrl Pts',(2.1117136939111,0.390724437859066,-0.172822420882792));
#12087=CARTESIAN_POINT('Ctrl Pts',(2.13658452724445,0.24776707928107,-0.348058400168281));
#12088=CARTESIAN_POINT('Ctrl Pts',(2.1863261939111,-0.112064750391148,-0.41227984091412));
#12089=CARTESIAN_POINT('Ctrl Pts',(2.21119702724445,-0.306815748234103,
-0.297316787514528));
#12090=CARTESIAN_POINT('Ctrl Pts',(2.2609386939111,-0.424447971863693,0.0487554579208498));
#12091=CARTESIAN_POINT('Ctrl Pts',(2.28580952724447,-0.340096837590994,
0.258587154655987));
#12092=CARTESIAN_POINT('Ctrl Pts',(2.33555119391108,-0.0156639561140957,
0.426951772414939));
#12093=CARTESIAN_POINT('Ctrl Pts',(2.36042202724445,0.204470744767025,0.375133163056377));
#12094=CARTESIAN_POINT('Ctrl Pts',(2.4101636939111,0.419734233111395,0.0797267147815792));
#12095=CARTESIAN_POINT('Ctrl Pts',(2.43503452724441,0.40162801568238,-0.14569870458835));
#12096=CARTESIAN_POINT('Ctrl Pts',(2.48477619391115,0.141974161898553,-0.402959691355761));
#12097=CARTESIAN_POINT('Ctrl Pts',(2.50964702724444,-0.0895490711313386,
-0.425577181438902));
#12098=CARTESIAN_POINT('Ctrl Pts',(2.55938869391111,-0.399258650304775,
-0.172416442588471));
#12099=CARTESIAN_POINT('Ctrl Pts',(2.58425952724448,-0.438253213421214,
0.110035419037497));
#12100=CARTESIAN_POINT('Ctrl Pts',(2.62156577724442,-0.187795232372922,
0.357247233803463));
#12101=CARTESIAN_POINT('Ctrl Pts',(2.6340011939111,-0.0590182180510333,
0.403230494501339));
#12102=CARTESIAN_POINT('Ctrl Pts',(2.65887202724445,0.197135669427044,0.356672744398024));
#12103=CARTESIAN_POINT('Ctrl Pts',(2.67130744391111,0.32162312280886,0.260266274739582));
#12104=CARTESIAN_POINT('Ctrl Pts',(2.69855952724444,0.421902551040133,-0.0492985763485996));
#12105=CARTESIAN_POINT('Ctrl Pts',(2.71337619391109,0.34189039931212,-0.261007344759274));
#12106=CARTESIAN_POINT('Ctrl Pts',(2.74300952724446,0.00288291550493783,
-0.430122689536676));
#12107=CARTESIAN_POINT('Ctrl Pts',(2.7578261939111,-0.239209892727021,-0.365978199825241));
#12108=CARTESIAN_POINT('Ctrl Pts',(2.78745952724444,-0.437165434933245,
-0.00691022723774665));
#12109=CARTESIAN_POINT('Ctrl Pts',(2.80227619391109,-0.359749457745497,
0.265388957635839));
#12110=CARTESIAN_POINT('Ctrl Pts',(2.82450119391112,-0.0495667501920962,
0.399193079127242));
#12111=CARTESIAN_POINT('Ctrl Pts',(2.83190952724444,0.0784707688336089,
0.395878791717525));
#12112=CARTESIAN_POINT('Ctrl Pts',(2.8467261939111,0.285313423602158,0.285436424757851));
#12113=CARTESIAN_POINT('Ctrl Pts',(2.85413452724447,0.358335035031749,0.182778508705131));
#12114=CARTESIAN_POINT('Ctrl Pts',(2.87635952724438,0.421455773218332,-0.149083851989253));
#12115=CARTESIAN_POINT('Ctrl Pts',(2.8911761939112,0.236878515343637,-0.370041476789806));
#12116=CARTESIAN_POINT('Ctrl Pts',(2.92080952724435,-0.181121305571832,
-0.400296433790534));
#12117=CARTESIAN_POINT('Ctrl Pts',(2.93562619391112,-0.372261583922251,
-0.221960327275845));
#12118=CARTESIAN_POINT('Ctrl Pts',(2.96525952724443,-0.398387462819634,
0.170682557731243));
#12119=CARTESIAN_POINT('Ctrl Pts',(2.98007619391108,-0.242196980054546,
0.353678764845184));
#12120=CARTESIAN_POINT('Ctrl Pts',(3.00970952724446,0.125647977412702,0.409830038540562));
#12121=CARTESIAN_POINT('Ctrl Pts',(3.02452619391111,0.312859543645269,0.287319410867721));
#12122=CARTESIAN_POINT('Ctrl Pts',(3.05402723557777,0.42141704512795,-0.0477995808099749));
#12123=CARTESIAN_POINT('Ctrl Pts',(3.06871161057777,0.346650543160663,-0.232789205606312));
#12124=CARTESIAN_POINT('Ctrl Pts',(3.09808036057778,0.0825698068091612,
-0.409316123826375));
#12125=CARTESIAN_POINT('Ctrl Pts',(3.11276473557782,-0.0948141359046343,
-0.401904827615917));
#12126=CARTESIAN_POINT('Ctrl Pts',(3.14213348557773,-0.337242543803501,
-0.238295444513057));
#12127=CARTESIAN_POINT('Ctrl Pts',(3.15681786057777,-0.399589326990018,
-0.0895552298659707));
#12128=CARTESIAN_POINT('Ctrl Pts',(3.18618661057778,-0.367331915669398,
0.180994665812964));
#12129=CARTESIAN_POINT('Ctrl Pts',(3.2008709855778,-0.276361441542233,0.298580244814887));
#12130=CARTESIAN_POINT('Ctrl Pts',(3.23023973557774,-0.0432401327604833,
0.404544350523532));
#12131=CARTESIAN_POINT('Ctrl Pts',(3.24492411057776,0.0948556101853841,
0.393465348331105));
#12132=CARTESIAN_POINT('Ctrl Pts',(3.2742928605778,0.30262621624619,0.268756337001166));
#12133=CARTESIAN_POINT('Ctrl Pts',(3.28897723557772,0.370816150759604,0.157857273073839));
#12134=CARTESIAN_POINT('Ctrl Pts',(3.33303036057789,0.409592988932928,-0.185824603806578));
#12135=CARTESIAN_POINT('Ctrl Pts',(3.36239911057777,0.202229758838108,-0.393458889637014));
#12136=CARTESIAN_POINT('Ctrl Pts',(3.42113661057778,-0.229130567244946,
-0.378425628555944));
#12137=CARTESIAN_POINT('Ctrl Pts',(3.45050536057783,-0.412603139014162,
-0.159578892293491));
#12138=CARTESIAN_POINT('Ctrl Pts',(3.50924286057773,-0.35213244623882,0.267786320577087));
#12139=CARTESIAN_POINT('Ctrl Pts',(3.53861161057783,-0.115145893134445,
0.427139551521029));
#12140=CARTESIAN_POINT('Ctrl Pts',(3.59734911057772,0.303451510926871,0.321906746896179));
#12141=CARTESIAN_POINT('Ctrl Pts',(3.62671786057767,0.436905788571192,0.0694269767285332));
#12142=CARTESIAN_POINT('Ctrl Pts',(3.68545536057788,0.288086082733268,-0.335727839368934));
#12143=CARTESIAN_POINT('Ctrl Pts',(3.71482411057783,0.0229327192162597,
-0.441792783535545));
#12144=CARTESIAN_POINT('Ctrl Pts',(3.77356161057773,-0.364254852849392,
-0.251048153482747));
#12145=CARTESIAN_POINT('Ctrl Pts',(3.80293036057783,-0.44174595979593,0.0238176445153928));
#12146=CARTESIAN_POINT('Ctrl Pts',(3.86166786057773,-0.211206588400967,
0.38871396964317));
#12147=CARTESIAN_POINT('Ctrl Pts',(3.89103661057782,0.0703020194478188,
0.436765840285572));
#12148=CARTESIAN_POINT('Ctrl Pts',(3.94977411057772,0.408832037171239,0.169006326999643));
#12149=CARTESIAN_POINT('Ctrl Pts',(3.97914286057778,0.426908041609411,-0.116001281019021));
#12150=CARTESIAN_POINT('Ctrl Pts',(4.02319598557778,0.20041599794375,-0.347288607088119));
#12151=CARTESIAN_POINT('Ctrl Pts',(4.03788036057782,0.093407159222647,-0.392219876647393));
#12152=CARTESIAN_POINT('Ctrl Pts',(4.06724911057773,-0.137973354123406,
-0.378846409213275));
#12153=CARTESIAN_POINT('Ctrl Pts',(4.08193348557768,-0.262234023566982,
-0.315454386220816));
#12154=CARTESIAN_POINT('Ctrl Pts',(4.11130223557786,-0.402899787586871,
-0.0771349363106143));
#12155=CARTESIAN_POINT('Ctrl Pts',(4.12598661057773,-0.41408271878597,0.104909197581626));
#12156=CARTESIAN_POINT('Ctrl Pts',(4.14801317307779,-0.239791959961734,
0.316174959616012));
#12157=CARTESIAN_POINT('Ctrl Pts',(4.15535536057781,-0.149343339135368,
0.374261589141248));
#12158=CARTESIAN_POINT('Ctrl Pts',(4.17003973557774,0.0798782013288635,
0.394961367805332));
#12159=CARTESIAN_POINT('Ctrl Pts',(4.17738192307782,0.217964870376779,0.343345621388819));
#12160=CARTESIAN_POINT('Ctrl Pts',(4.19206629807772,0.379567169212153,0.146026245945663));
#12161=CARTESIAN_POINT('Ctrl Pts',(4.19940848557773,0.406645029206017,0.00589242507235768));
#12162=CARTESIAN_POINT('Ctrl Pts',(4.21409286057782,0.330186753813856,-0.237427058401968));
#12163=CARTESIAN_POINT('Ctrl Pts',(4.22143504807779,0.227821658760968,-0.336886022649705));
#12164=CARTESIAN_POINT('Ctrl Pts',(4.23611942307775,-0.0175983846992485,
-0.4063067773427));
#12165=CARTESIAN_POINT('Ctrl Pts',(4.24346161057776,-0.156894462428556,
-0.375205314617701));
#12166=CARTESIAN_POINT('Ctrl Pts',(4.25814598557778,-0.349479065953652,
-0.207988660545102));
#12167=CARTESIAN_POINT('Ctrl Pts',(4.26548817307782,-0.399817952392261,
-0.0744345712534167));
#12168=CARTESIAN_POINT('Ctrl Pts',(4.28017254807772,-0.365519687891144,
0.178298228292606));
#12169=CARTESIAN_POINT('Ctrl Pts',(4.2875147355777,-0.281407851587186,0.293606065181447));
#12170=CARTESIAN_POINT('Ctrl Pts',(4.30219911057785,-0.0512236140095997,
0.403448933338573));
#12171=CARTESIAN_POINT('Ctrl Pts',(4.30954129807773,0.0913232692624582,
0.396301603498582));
#12172=CARTESIAN_POINT('Ctrl Pts',(4.32422567307782,0.30936555969767,0.263984565684389));
#12173=CARTESIAN_POINT('Ctrl Pts',(4.33156786057785,0.38152141577723,0.140841434784445));
#12174=CARTESIAN_POINT('Ctrl Pts',(4.3462522355777,0.39036706637548,-0.114054609476056));
#12175=CARTESIAN_POINT('Ctrl Pts',(4.35359442307776,0.326921380286675,-0.24190351706244));
#12176=CARTESIAN_POINT('Ctrl Pts',(4.36827879807779,0.118576175994638,-0.389017468688588));
#12177=CARTESIAN_POINT('Ctrl Pts',(4.37562098557779,-0.0231323123779221,
-0.406029305078802));
#12178=CARTESIAN_POINT('Ctrl Pts',(4.39030536057775,-0.260377374780677,
-0.312407623401614));
#12179=CARTESIAN_POINT('Ctrl Pts',(4.39764754807779,-0.352280286716973,
-0.20320802160769));
#12180=CARTESIAN_POINT('Ctrl Pts',(4.41967411057774,-0.429884006404714,
0.171412720273321));
#12181=CARTESIAN_POINT('Ctrl Pts',(4.4329893039162,-0.19382081712654,0.43510078738991));
#12182=CARTESIAN_POINT('Ctrl Pts',(4.44904286057777,0.0790987932459507,
0.377989049607463));
#12183=CARTESIAN_POINT('Ctrl Pts',(1.12164286057778,0.00634686086941287,
0.361894349017315));
#12184=CARTESIAN_POINT('Ctrl Pts',(1.13674182475042,0.252108580231316,0.357584776330614));
#12185=CARTESIAN_POINT('Ctrl Pts',(1.14963921331252,0.416796475508607,0.0960054812552742));
#12186=CARTESIAN_POINT('Ctrl Pts',(1.17063647786357,0.304256925584427,-0.226754633293761));
#12187=CARTESIAN_POINT('Ctrl Pts',(1.17763556604726,0.212971108081925,-0.314059305880603));
#12188=CARTESIAN_POINT('Ctrl Pts',(1.19163374241462,-0.00533187248926822,
-0.379422602944036));
#12189=CARTESIAN_POINT('Ctrl Pts',(1.19863283059831,-0.129576231499885,
-0.356651006894668));
#12190=CARTESIAN_POINT('Ctrl Pts',(1.21747820802348,-0.373160604883394,
-0.170144402110507));
#12191=CARTESIAN_POINT('Ctrl Pts',(1.22932449726497,-0.402620473364916,
0.0780686174431011));
#12192=CARTESIAN_POINT('Ctrl Pts',(1.25301707574796,-0.159778094886098,
0.377715388872687));
#12193=CARTESIAN_POINT('Ctrl Pts',(1.26486336498945,0.0904020057765073,
0.399086914129435));
#12194=CARTESIAN_POINT('Ctrl Pts',(1.28855594347243,0.380395744182437,0.150804610276793));
#12195=CARTESIAN_POINT('Ctrl Pts',(1.30040223271393,0.392626725223271,-0.0743545097339873));
#12196=CARTESIAN_POINT('Ctrl Pts',(1.32409481119689,0.194528357398397,-0.349060321095446));
#12197=CARTESIAN_POINT('Ctrl Pts',(1.3359411004384,0.00465947798008732,
-0.393227962412791));
#12198=CARTESIAN_POINT('Ctrl Pts',(1.35963367892137,-0.279784936378166,
-0.276351900012298));
#12199=CARTESIAN_POINT('Ctrl Pts',(1.37147996816286,-0.367584272306107,
-0.126495147505265));
#12200=CARTESIAN_POINT('Ctrl Pts',(1.39517254664586,-0.355677577270531,
0.156884404591474));
#12201=CARTESIAN_POINT('Ctrl Pts',(1.40701883588734,-0.261167869140288,
0.283367914413419));
#12202=CARTESIAN_POINT('Ctrl Pts',(1.43071141437032,-0.0169034107966133,
0.384993943602592));
#12203=CARTESIAN_POINT('Ctrl Pts',(1.44255770361181,0.126742592356453,0.361151157145591));
#12204=CARTESIAN_POINT('Ctrl Pts',(1.4662502820948,0.322031037969658,0.206857151511507));
#12205=CARTESIAN_POINT('Ctrl Pts',(1.47809657133629,0.37200799786315,0.0806637421642419));
#12206=CARTESIAN_POINT('Ctrl Pts',(1.50237827724444,0.347592520408897,-0.159661557108916));
#12207=CARTESIAN_POINT('Ctrl Pts',(1.51481369391111,0.269050362650475,-0.268795803204174));
#12208=CARTESIAN_POINT('Ctrl Pts',(1.53968452724444,0.0612696604253054,
-0.375346954558397));
#12209=CARTESIAN_POINT('Ctrl Pts',(1.5521199439111,-0.0646333427704829,
-0.372985807792862));
#12210=CARTESIAN_POINT('Ctrl Pts',(1.58942619391112,-0.361313182264252,
-0.222739701503256));
#12211=CARTESIAN_POINT('Ctrl Pts',(1.61429702724446,-0.410599347280251,
0.0589525408318324));
#12212=CARTESIAN_POINT('Ctrl Pts',(1.66403869391109,-0.164385146352418,
0.380847461517668));
#12213=CARTESIAN_POINT('Ctrl Pts',(1.68890952724446,0.0886501395984548,
0.397999619225647));
#12214=CARTESIAN_POINT('Ctrl Pts',(1.73865119391109,0.376423552408097,0.156741465410631));
#12215=CARTESIAN_POINT('Ctrl Pts',(1.76352202724444,0.395883613403432,-0.0719165208368128));
#12216=CARTESIAN_POINT('Ctrl Pts',(1.81326369391111,0.18830733260385,-0.355578682198309));
#12217=CARTESIAN_POINT('Ctrl Pts',(1.83813452724442,-0.0185862268188281,
-0.400004846737073));
#12218=CARTESIAN_POINT('Ctrl Pts',(1.88787619391113,-0.32111135908941,-0.23924217918563));
#12219=CARTESIAN_POINT('Ctrl Pts',(1.91274702724444,-0.398247523818224,
-0.0418119002883855));
#12220=CARTESIAN_POINT('Ctrl Pts',(1.96248869391111,-0.284834366726737,
0.281458182966278));
#12221=CARTESIAN_POINT('Ctrl Pts',(1.98735952724445,-0.101258004880279,
0.387422433104354));
#12222=CARTESIAN_POINT('Ctrl Pts',(2.03710119391111,0.235396436074413,0.32394111055768));
#12223=CARTESIAN_POINT('Ctrl Pts',(2.06197202724445,0.367776053003748,0.158398548182594));
#12224=CARTESIAN_POINT('Ctrl Pts',(2.1117136939111,0.355671982380167,-0.183974906400921));
#12225=CARTESIAN_POINT('Ctrl Pts',(2.13658452724445,0.21193248714474,-0.339755715376318));
#12226=CARTESIAN_POINT('Ctrl Pts',(2.1863261939111,-0.128364419760992,-0.379304496385733));
#12227=CARTESIAN_POINT('Ctrl Pts',(2.21119702724445,-0.303999420191913,
-0.260640898095309));
#12228=CARTESIAN_POINT('Ctrl Pts',(2.2609386939111,-0.394300559695355,0.0698311811085411));
#12229=CARTESIAN_POINT('Ctrl Pts',(2.28580952724447,-0.303414730654812,
0.261321308831258));
#12230=CARTESIAN_POINT('Ctrl Pts',(2.33555119391108,0.00970794404960843,
0.400318724327749));
#12231=CARTESIAN_POINT('Ctrl Pts',(2.36042202724445,0.212693126723276,0.339280059936884));
#12232=CARTESIAN_POINT('Ctrl Pts',(2.4101636939111,0.397221961653604,0.0506363348916151));
#12233=CARTESIAN_POINT('Ctrl Pts',(2.43503452724441,0.36742026197976,-0.159222097467138));
#12234=CARTESIAN_POINT('Ctrl Pts',(2.48477619391115,0.109827666249884,-0.38508078238896));
#12235=CARTESIAN_POINT('Ctrl Pts',(2.50964702724444,-0.108059142974964,
-0.393029269752146));
#12236=CARTESIAN_POINT('Ctrl Pts',(2.55938869391111,-0.383355404205045,
-0.138518425980811));
#12237=CARTESIAN_POINT('Ctrl Pts',(2.58425952724448,-0.403719083338077,
0.127947973959364));
#12238=CARTESIAN_POINT('Ctrl Pts',(2.62156577724442,-0.155302884174419,
0.344930105907438));
#12239=CARTESIAN_POINT('Ctrl Pts',(2.6340011939111,-0.0322046843106927,
0.380600634516914));
#12240=CARTESIAN_POINT('Ctrl Pts',(2.65887202724445,0.20477760815609,0.322428380482011));
#12241=CARTESIAN_POINT('Ctrl Pts',(2.67130744391111,0.315738006122275,0.225134227673844));
#12242=CARTESIAN_POINT('Ctrl Pts',(2.69855952724444,0.391888259146323,-0.0701940406017556));
#12243=CARTESIAN_POINT('Ctrl Pts',(2.71337619391109,0.304954559382564,-0.263687803332493));
#12244=CARTESIAN_POINT('Ctrl Pts',(2.74300952724446,-0.0218458868285416,
-0.402555912996796));
#12245=CARTESIAN_POINT('Ctrl Pts',(2.7578261939111,-0.244670154497046,-0.328733117736764));
#12246=CARTESIAN_POINT('Ctrl Pts',(2.78745952724444,-0.409374391494263,
0.0184800889515804));
#12247=CARTESIAN_POINT('Ctrl Pts',(2.80227619391109,-0.321412175548184,
0.26880596406013));
#12248=CARTESIAN_POINT('Ctrl Pts',(2.82450119391112,-0.0235929565775337,
0.376284219554741));
#12249=CARTESIAN_POINT('Ctrl Pts',(2.83190952724444,0.0960004922498349,
0.365877754000946));
#12250=CARTESIAN_POINT('Ctrl Pts',(2.8467261939111,0.283205516623877,0.250753426537267));
#12251=CARTESIAN_POINT('Ctrl Pts',(2.85413452724447,0.345661517600272,0.150547533185595));
#12252=CARTESIAN_POINT('Ctrl Pts',(2.87635952724438,0.385776508044603,-0.163520372357464));
#12253=CARTESIAN_POINT('Ctrl Pts',(2.8911761939112,0.200491579914336,-0.359700173513903));
#12254=CARTESIAN_POINT('Ctrl Pts',(2.92080952724435,-0.192284918568145,
-0.364153306643024));
#12255=CARTESIAN_POINT('Ctrl Pts',(2.93562619391112,-0.360925907423785,
-0.186408531375718));
#12256=CARTESIAN_POINT('Ctrl Pts',(2.96525952724443,-0.362963050797788,
0.182410261076968));
#12257=CARTESIAN_POINT('Ctrl Pts',(2.98007619391108,-0.206400808890997,
0.344695887022084));
#12258=CARTESIAN_POINT('Ctrl Pts',(3.00970952724447,0.140932109659409,0.376237576894878));
#12259=CARTESIAN_POINT('Ctrl Pts',(3.02452619391111,0.30908310094326,0.250943220948256));
#12260=CARTESIAN_POINT('Ctrl Pts',(3.05402723557777,0.391519588374316,-0.0687639866044009));
#12261=CARTESIAN_POINT('Ctrl Pts',(3.06871161057777,0.311017938392426,-0.237560585982678));
#12262=CARTESIAN_POINT('Ctrl Pts',(3.09808036057778,0.0538905849075569,
-0.387637766258503));
#12263=CARTESIAN_POINT('Ctrl Pts',(3.11276473557782,-0.11163400176301,-0.37058271609232));
#12264=CARTESIAN_POINT('Ctrl Pts',(3.14213348557773,-0.329096734746747,
-0.203688672639709));
#12265=CARTESIAN_POINT('Ctrl Pts',(3.15681786057777,-0.378936675037363,
-0.060980651170514));
#12266=CARTESIAN_POINT('Ctrl Pts',(3.18618661057778,-0.333321334193766,
0.190285478156429));
#12267=CARTESIAN_POINT('Ctrl Pts',(3.2008709855778,-0.241506525339074,0.295099165479632));
#12268=CARTESIAN_POINT('Ctrl Pts',(3.23023973557774,-0.0173688896213991,
0.380929479997113));
#12269=CARTESIAN_POINT('Ctrl Pts',(3.24492411057776,0.111191242805292,0.362684988356436));
#12270=CARTESIAN_POINT('Ctrl Pts',(3.2742928605778,0.298450331625499,0.234160879918139));
#12271=CARTESIAN_POINT('Ctrl Pts',(3.28897723557772,0.355915925707158,0.126520866730269));
#12272=CARTESIAN_POINT('Ctrl Pts',(3.33303036057789,0.372582113858854,-0.197215445595866));
#12273=CARTESIAN_POINT('Ctrl Pts',(3.36239911057777,0.166740526044702,-0.379630728137879));
#12274=CARTESIAN_POINT('Ctrl Pts',(3.42113661057778,-0.235950926906422,
-0.340953153473574));
#12275=CARTESIAN_POINT('Ctrl Pts',(3.45050536057783,-0.395107019877407,
-0.125747109753073));
#12276=CARTESIAN_POINT('Ctrl Pts',(3.50924286057773,-0.314149460943764,
0.270614132944553));
#12277=CARTESIAN_POINT('Ctrl Pts',(3.53861161057783,-0.0833493847659982,
0.406170866529257));
#12278=CARTESIAN_POINT('Ctrl Pts',(3.59734911057772,0.302255195779886,0.283837434782908));
#12279=CARTESIAN_POINT('Ctrl Pts',(3.62671786057767,0.412698710154681,0.0400208370764307));
#12280=CARTESIAN_POINT('Ctrl Pts',(3.68545536057788,0.250355591270131,-0.330520756821799));
#12281=CARTESIAN_POINT('Ctrl Pts',(3.71482411057783,-0.00375465214725375,
-0.414617649600004));
#12282=CARTESIAN_POINT('Ctrl Pts',(3.77356161057773,-0.355095154148541,
-0.214077846283345));
#12283=CARTESIAN_POINT('Ctrl Pts',(3.80293036057783,-0.411906254663764,
0.0474882104640991));
#12284=CARTESIAN_POINT('Ctrl Pts',(3.86166786057773,-0.17540933955308,0.375703947751231));
#12285=CARTESIAN_POINT('Ctrl Pts',(3.89103661057782,0.0906914336979071,
0.404594805467824));
#12286=CARTESIAN_POINT('Ctrl Pts',(3.94977411057772,0.392116984386938,0.134781910202205));
#12287=CARTESIAN_POINT('Ctrl Pts',(3.97914286057778,0.392764954257312,-0.132881840274432));
#12288=CARTESIAN_POINT('Ctrl Pts',(4.02319598557778,0.167678194107197,-0.336333685932871));
#12289=CARTESIAN_POINT('Ctrl Pts',(4.03788036057782,0.0650047383884479,
-0.372262147131498));
#12290=CARTESIAN_POINT('Ctrl Pts',(4.06724911057773,-0.150694897661901,
-0.346548263637089));
#12291=CARTESIAN_POINT('Ctrl Pts',(4.08193348557768,-0.263326947547304,
-0.280152959245912));
#12292=CARTESIAN_POINT('Ctrl Pts',(4.11130223557786,-0.381324994738821,
-0.0491722346259758));
#12293=CARTESIAN_POINT('Ctrl Pts',(4.12598661057773,-0.381399435443194,
0.121773079278419));
#12294=CARTESIAN_POINT('Ctrl Pts',(4.14801317307779,-0.206290826129159,
0.309472831388913));
#12295=CARTESIAN_POINT('Ctrl Pts',(4.15535536057781,-0.118359253419577,
0.35865341885208));
#12296=CARTESIAN_POINT('Ctrl Pts',(4.17003973557774,0.0972648349378264,
0.364939170581496));
#12297=CARTESIAN_POINT('Ctrl Pts',(4.17738192307782,0.223503439457993,0.308771975764091));
#12298=CARTESIAN_POINT('Ctrl Pts',(4.19206629807772,0.363427658198607,0.114953284974823));
#12299=CARTESIAN_POINT('Ctrl Pts',(4.19940848557773,0.380763650110227,-0.0176907667250143));
#12300=CARTESIAN_POINT('Ctrl Pts',(4.21409286057782,0.295350980733877,-0.240959993891329));
#12301=CARTESIAN_POINT('Ctrl Pts',(4.22143504807779,0.193910505908246,-0.328165562142887));
#12302=CARTESIAN_POINT('Ctrl Pts',(4.23611942307775,-0.0396477540501778,
-0.379106813547172));
#12303=CARTESIAN_POINT('Ctrl Pts',(4.24346161057776,-0.168188344416846,
-0.342062276904083));
#12304=CARTESIAN_POINT('Ctrl Pts',(4.25814598557778,-0.338815017908214,
-0.174637636594762));
#12305=CARTESIAN_POINT('Ctrl Pts',(4.26548817307782,-0.378287770879292,
-0.0468218205162979));
#12306=CARTESIAN_POINT('Ctrl Pts',(4.28017254807772,-0.331779805627715,
0.18765948163293));
#12307=CARTESIAN_POINT('Ctrl Pts',(4.2875147355777,-0.246511406677826,0.290733635558339));
#12308=CARTESIAN_POINT('Ctrl Pts',(4.30219911057785,-0.0249001571613975,
0.38036022746725));
#12309=CARTESIAN_POINT('Ctrl Pts',(4.30954129807773,0.108048479892772,0.365539938253941));
#12310=CARTESIAN_POINT('Ctrl Pts',(4.32422567307782,0.304482891024633,0.229312209752305));
#12311=CARTESIAN_POINT('Ctrl Pts',(4.33156786057785,0.364960061820644,0.109991243952355));
#12312=CARTESIAN_POINT('Ctrl Pts',(4.3462522355777,0.358690960990217,-0.1289756371509));
#12313=CARTESIAN_POINT('Ctrl Pts',(4.35359442307776,0.29204070735415,-0.244961518865354));
#12314=CARTESIAN_POINT('Ctrl Pts',(4.36827879807779,0.0887337649000235,
-0.370702359644074));
#12315=CARTESIAN_POINT('Ctrl Pts',(4.37562098557779,-0.0448090604607348,
-0.378531463130628));
#12316=CARTESIAN_POINT('Ctrl Pts',(4.39030536057775,-0.261416153157648,
-0.27740857114679));
#12317=CARTESIAN_POINT('Ctrl Pts',(4.39764754807779,-0.341162850998211,
-0.170005381015549));
#12318=CARTESIAN_POINT('Ctrl Pts',(4.41967411057774,-0.392387256157006,
0.184890550304274));
#12319=CARTESIAN_POINT('Ctrl Pts',(4.43298997217067,-0.156488009658167,
0.418104666006696));
#12320=CARTESIAN_POINT('Ctrl Pts',(4.44904286057777,0.0955672319196855,
0.349105580988011));
#12321=CARTESIAN_POINT('Ctrl Pts',(4.16368750200647,-0.195636696544854,
0.304135171682545));
#12322=CARTESIAN_POINT('Ctrl Pts',(4.16368750200647,-0.196283677630776,
0.304275628690528));
#12323=CARTESIAN_POINT('Ctrl Pts',(4.16368750200647,-0.197011706284654,
0.304291037277944));
#12324=CARTESIAN_POINT('Ctrl Pts',(4.16368750200647,-0.198580457945927,
0.304213740433527));
#12325=CARTESIAN_POINT('Ctrl Pts',(4.16368750200647,-0.1995426283538,0.304068729316487));
#12326=CARTESIAN_POINT('Ctrl Pts',(4.16368750200647,-0.202923433151059,
0.303401947788548));
#12327=CARTESIAN_POINT('Ctrl Pts',(4.16368750200647,-0.205667403572576,
0.302516195488423));
#12328=CARTESIAN_POINT('Ctrl Pts',(4.16368750200647,-0.214239435206858,
0.299355105724927));
#12329=CARTESIAN_POINT('Ctrl Pts',(4.16368750200647,-0.222106731558233,
0.295620614133971));
#12330=CARTESIAN_POINT('Ctrl Pts',(4.16368750200647,-0.250591326802962,
0.278998720334651));
#12331=CARTESIAN_POINT('Ctrl Pts',(4.16368750200647,-0.274963210682605,
0.260701622181998));
#12332=CARTESIAN_POINT('Ctrl Pts',(4.16368750200647,-0.327444675215662,
0.203669821929483));
#12333=CARTESIAN_POINT('Ctrl Pts',(4.16368750200647,-0.350317560363724,
0.167820785137725));
#12334=CARTESIAN_POINT('Ctrl Pts',(4.16368750200647,-0.37918085335194,0.099571614157364));
#12335=CARTESIAN_POINT('Ctrl Pts',(4.16368750200647,-0.393300214261951,
0.0560385460677167));
#12336=CARTESIAN_POINT('Ctrl Pts',(4.16368750200647,-0.396785161476993,
-0.0500189514121151));
#12337=CARTESIAN_POINT('Ctrl Pts',(4.16368750200647,-0.388458860519847,
-0.0998548515029855));
#12338=CARTESIAN_POINT('Ctrl Pts',(4.16368750200647,-0.354958856523464,
-0.192391559903052));
#12339=CARTESIAN_POINT('Ctrl Pts',(4.16368750200647,-0.330150329317543,
-0.235199501898945));
#12340=CARTESIAN_POINT('Ctrl Pts',(4.16368750200647,-0.257693752977233,
-0.31934603232796));
#12341=CARTESIAN_POINT('Ctrl Pts',(4.16368750200647,-0.214106983534299,
-0.347183761573305));
#12342=CARTESIAN_POINT('Ctrl Pts',(4.16368750200647,-0.132488797081859,
-0.388164459175393));
#12343=CARTESIAN_POINT('Ctrl Pts',(4.16368750200647,-0.0804599858755569,
-0.402488430070381));
#12344=CARTESIAN_POINT('Ctrl Pts',(4.16368750200647,0.0210112774077486,
-0.410613120297651));
#12345=CARTESIAN_POINT('Ctrl Pts',(4.16368750200647,0.0703327117154288,
-0.4059211268816));
#12346=CARTESIAN_POINT('Ctrl Pts',(4.16368750200647,0.177152085824367,-0.374478617951512));
#12347=CARTESIAN_POINT('Ctrl Pts',(4.16368750200647,0.220556927615645,-0.345706340862049));
#12348=CARTESIAN_POINT('Ctrl Pts',(4.16368750200647,0.288731264603117,-0.292672163983038));
#12349=CARTESIAN_POINT('Ctrl Pts',(4.16368750200647,0.324068666144391,-0.252468482852096));
#12350=CARTESIAN_POINT('Ctrl Pts',(4.16368750200647,0.373231315225713,-0.168537225640443));
#12351=CARTESIAN_POINT('Ctrl Pts',(4.16368750200647,0.392964435487255,-0.120588992637549));
#12352=CARTESIAN_POINT('Ctrl Pts',(4.16368750200647,0.406869257386859,-0.0151441016525242));
#12353=CARTESIAN_POINT('Ctrl Pts',(4.16368750200647,0.404206152596784,0.0335617360931123));
#12354=CARTESIAN_POINT('Ctrl Pts',(4.16368750200647,0.381991161432794,0.129081935689164));
#12355=CARTESIAN_POINT('Ctrl Pts',(4.16368750200647,0.361681318065595,0.175865375237105));
#12356=CARTESIAN_POINT('Ctrl Pts',(4.16368750200647,0.30272947380069,0.260732185044133));
#12357=CARTESIAN_POINT('Ctrl Pts',(4.16368750200647,0.268595141818029,0.289982885389572));
#12358=CARTESIAN_POINT('Ctrl Pts',(4.16368750200647,0.202456514442049,0.333562910090536));
#12359=CARTESIAN_POINT('Ctrl Pts',(4.16368750200647,0.163255648354233,0.350956138064943));
#12360=CARTESIAN_POINT('Ctrl Pts',(4.16368750200647,0.0834802533987558,
0.371835884351176));
#12361=CARTESIAN_POINT('Ctrl Pts',(4.16368750200647,0.0500925194554325,
0.373559655726195));
#12362=CARTESIAN_POINT('Ctrl Pts',(4.16368750200647,0.0188093329734953,
0.370802826921882));
#12363=CARTESIAN_POINT('Ctrl Pts',(4.16368750200647,0.0115293979438469,
0.369243481626148));
#12364=CARTESIAN_POINT('Ctrl Pts',(4.16368750200647,0.00635687765950342,
0.367010066656249));
#12365=CARTESIAN_POINT('Ctrl Pts',(4.16368750200647,0.00525167071686297,
0.366446716093003));
#12366=CARTESIAN_POINT('Ctrl Pts',(4.16368750200647,0.0040792993725134,
0.365472103419004));
#12367=CARTESIAN_POINT('Ctrl Pts',(4.16368750200647,0.0037396292919876,
0.365124624657666));
#12368=CARTESIAN_POINT('Ctrl Pts',(4.16368750200647,0.00336190577792943,
0.364486475646164));
#12369=CARTESIAN_POINT('Ctrl Pts',(4.16368750200647,0.00325748339892443,
0.364223246463098));
#12370=CARTESIAN_POINT('Ctrl Pts',(4.16368750200647,0.00318126914238264,
0.363701519058755));
#12371=CARTESIAN_POINT('Ctrl Pts',(4.16368750200647,0.00319495216911757,
0.36346281393758));
#12372=CARTESIAN_POINT('Ctrl Pts',(4.16368750200647,0.00331404659875557,
0.362984187802992));
#12373=CARTESIAN_POINT('Ctrl Pts',(4.16368750200647,0.00341894704547788,
0.362755862073376));
#12374=CARTESIAN_POINT('Ctrl Pts',(4.16368750200647,0.00370225293370208,
0.362297336104153));
#12375=CARTESIAN_POINT('Ctrl Pts',(4.16368750200647,0.00389182273527584,
0.362069204194583));
#12376=CARTESIAN_POINT('Ctrl Pts',(4.16368750200647,0.00409406771128565,
0.361862330497587));
#12377=CARTESIAN_POINT('Origin',(4.16368750200647,0.,0.));
#12378=CARTESIAN_POINT('Origin',(2.794,1.53572788425574E-32,3.84253707651813E-32));
#12379=CARTESIAN_POINT('',(4.16368750200647,-0.365888277214914,-0.384627232780866));
#12380=CARTESIAN_POINT('Origin',(4.16368750200647,3.00247421312394E-34,
7.51247574749154E-34));
#12381=CARTESIAN_POINT('',(5.13334000000003,-0.365888277214914,-0.384627232780866));
#12382=CARTESIAN_POINT('',(2.794,-0.365888277214914,-0.384627232780866));
#12383=CARTESIAN_POINT('',(5.13334000000003,0.530859999999967,6.50115999795323E-17));
#12384=CARTESIAN_POINT('Origin',(5.13334000000003,-1.03591826374345E-32,
-2.59196591888777E-32));
#12385=CARTESIAN_POINT('Origin',(5.13334000000003,-1.03591826374345E-32,
-2.59196591888777E-32));
#12386=CARTESIAN_POINT('Origin',(5.13334000000003,-1.03591826374345E-32,
-2.59196591888777E-32));
#12387=CARTESIAN_POINT('',(5.6642,3.25057999897661E-17,-2.19388467977586E-32));
#12388=CARTESIAN_POINT('Origin',(5.13334000000003,-1.03591826374345E-32,
-2.59196591888777E-32));
#12389=CARTESIAN_POINT('Origin',(4.191,0.,0.));
#12390=CARTESIAN_POINT('',(4.16368750200647,-6.84332631363542E-17,0.5588));
#12391=CARTESIAN_POINT('Origin',(4.16368750200647,0.,0.));
#12392=CARTESIAN_POINT('',(4.191,-8.00980238982326E-17,0.65405));
#12393=CARTESIAN_POINT('',(4.191,-8.00980238982326E-17,0.65405));
#12394=CARTESIAN_POINT('Origin',(4.191,0.,0.));
#12395=CARTESIAN_POINT('Origin',(-1.397,-1.21665711614038E-13,-8.88339904698039E-12));
#12396=CARTESIAN_POINT('',(-1.1070246652573,-1.21663429952312E-13,-8.88542393392035E-12));
#12397=CARTESIAN_POINT('',(-1.397,-1.21606610159511E-13,-0.482600000008883));
#12398=CARTESIAN_POINT('',(-1.397,-1.21724813068564E-13,-0.482600000008883));
#12399=CARTESIAN_POINT('Origin',(-1.397,-1.21665711614038E-13,-8.88339904698039E-12));
#12400=CARTESIAN_POINT('Origin',(-5.969,-1.21665711614038E-13,-8.85147294161801E-12));
#12401=CARTESIAN_POINT('',(-3.6009466365912,-1.21882552048535E-13,-0.482600000008868));
#12402=CARTESIAN_POINT('',(-5.969,-1.21724813068564E-13,-0.482600000008851));
#12403=CARTESIAN_POINT('',(-5.969,-1.21665711614038E-13,-0.482600000008851));
#12404=CARTESIAN_POINT('',(-5.969,-1.21665711614038E-13,-0.482600000008851));
#12405=CARTESIAN_POINT('',(-5.969,-1.21665711614038E-13,0.48259999999114));
#12406=CARTESIAN_POINT('Origin',(-5.969,-1.21665711614038E-13,-8.85147294161801E-12));
#12407=CARTESIAN_POINT('',(-3.60094663659119,-1.21665711614038E-13,0.482599999991132));
#12408=CARTESIAN_POINT('',(-5.969,-1.21665711614038E-13,0.482599999991148));
#12409=CARTESIAN_POINT('Ctrl Pts',(-3.6009466365912,-1.22124532708767E-13,
-0.482600000008868));
#12410=CARTESIAN_POINT('Ctrl Pts',(-3.50974729855647,-1.22179699322847E-13,
-0.482600000008868));
#12411=CARTESIAN_POINT('Ctrl Pts',(-3.41111044035311,0.0134332773843713,
-0.483235002762964));
#12412=CARTESIAN_POINT('Ctrl Pts',(-3.2233203058581,0.0695729178410785,
-0.478389150214191));
#12413=CARTESIAN_POINT('Ctrl Pts',(-3.13418667854518,0.112283670356172,
-0.472222014038475));
#12414=CARTESIAN_POINT('Ctrl Pts',(-2.99427461555361,0.203671587708269,
-0.439825898420302));
#12415=CARTESIAN_POINT('Ctrl Pts',(-2.92601179826068,0.262394452439082,
-0.410081055849063));
#12416=CARTESIAN_POINT('Ctrl Pts',(-2.83746404005959,0.356403653823207,
-0.330680281758761));
#12417=CARTESIAN_POINT('Ctrl Pts',(-2.80334928957765,0.40188298854605,-0.276698408959875));
#12418=CARTESIAN_POINT('Ctrl Pts',(-2.77110789791538,0.449285771098101,
-0.179826397008507));
#12419=CARTESIAN_POINT('Ctrl Pts',(-2.76325588131985,0.461776082381051,
-0.144992673789236));
#12420=CARTESIAN_POINT('Ctrl Pts',(-2.75296500503909,0.47843295373301,-0.0732228353741473));
#12421=CARTESIAN_POINT('Ctrl Pts',(-2.7505206492178,0.482599999999878,-0.0362876212031431));
#12422=CARTESIAN_POINT('Ctrl Pts',(-2.7505206492178,0.482599999999878,0.0362876211853952));
#12423=CARTESIAN_POINT('Ctrl Pts',(-2.75296500503909,0.47843295373301,0.0732228353563996));
#12424=CARTESIAN_POINT('Ctrl Pts',(-2.76325588131985,0.461776082381051,
0.144992673771489));
#12425=CARTESIAN_POINT('Ctrl Pts',(-2.77110789791538,0.449285771098101,
0.17982639699076));
#12426=CARTESIAN_POINT('Ctrl Pts',(-2.80334928957765,0.40188298854605,0.276698408942128));
#12427=CARTESIAN_POINT('Ctrl Pts',(-2.83746404005959,0.356403653823207,
0.330680281741015));
#12428=CARTESIAN_POINT('Ctrl Pts',(-2.92601179826067,0.262394452439082,
0.410081055831318));
#12429=CARTESIAN_POINT('Ctrl Pts',(-2.99427461555361,0.203671587708269,
0.439825898402557));
#12430=CARTESIAN_POINT('Ctrl Pts',(-3.13418667854517,0.112283670356172,
0.472222014020733));
#12431=CARTESIAN_POINT('Ctrl Pts',(-3.22332030585809,0.0695729178410789,
0.478389150196449));
#12432=CARTESIAN_POINT('Ctrl Pts',(-3.4111104403531,0.0134332773843716,
0.483235002745225));
#12433=CARTESIAN_POINT('Ctrl Pts',(-3.50974729855647,-1.22086401735895E-13,
0.482599999991131));
#12434=CARTESIAN_POINT('Ctrl Pts',(-3.60094663659119,-1.22124532708767E-13,
0.482599999991132));
#12435=CARTESIAN_POINT('Origin',(2.6416,-1.21665711614038E-13,-8.9116004400505E-12));
#12436=CARTESIAN_POINT('',(5.55111512312578E-15,-1.21764473255155E-13,0.806449999991107));
#12437=CARTESIAN_POINT('Origin',(0.,-1.21665711614038E-13,-8.89315424584112E-12));
#12438=CARTESIAN_POINT('',(-0.507999999999995,-1.21764473255155E-13,0.80644999999111));
#12439=CARTESIAN_POINT('',(2.64160000000001,-1.21764473255155E-13,0.806449999991088));
#12440=CARTESIAN_POINT('Origin',(-0.508,-1.21665711614038E-13,-8.88960690080085E-12));
#12441=CARTESIAN_POINT('Origin',(2.6416,-1.21665711614038E-13,-8.9116004400505E-12));
#12442=CARTESIAN_POINT('',(-0.507999999999995,-1.21746587288653E-13,0.66039999999111));
#12443=CARTESIAN_POINT('Origin',(-0.508,-1.21665711614038E-13,-8.88960690080085E-12));
#12444=CARTESIAN_POINT('',(-3.60094663659119,-1.21882552048535E-13,0.660399999991132));
#12445=CARTESIAN_POINT('',(2.6416,-1.21746587288653E-13,0.660399999991088));
#12446=CARTESIAN_POINT('',(-5.969,-1.21665711614038E-13,0.660399999991148));
#12447=CARTESIAN_POINT('',(2.6416,-1.22454176212907E-13,0.660399999991088));
#12448=CARTESIAN_POINT('',(-5.969,-1.21665711614038E-13,-0.660400000008851));
#12449=CARTESIAN_POINT('Origin',(-5.969,-1.21665711614038E-13,-8.85147294161801E-12));
#12450=CARTESIAN_POINT('',(-3.6009466365912,-1.21882552048535E-13,-0.660400000008868));
#12451=CARTESIAN_POINT('',(2.6416,-1.22454176212907E-13,-0.660400000008912));
#12452=CARTESIAN_POINT('Ctrl Pts',(-3.60094663659119,-1.22124532708767E-13,
0.660399999991132));
#12453=CARTESIAN_POINT('Ctrl Pts',(-3.48093358779971,-1.2208456033376E-13,
0.660399999991131));
#12454=CARTESIAN_POINT('Ctrl Pts',(-3.35285293522013,0.0232481745009581,
0.661663105142041));
#12455=CARTESIAN_POINT('Ctrl Pts',(-3.11751544827229,0.116749833384732,
0.651696403044943));
#12456=CARTESIAN_POINT('Ctrl Pts',(-3.01033725759399,0.187051269970056,
0.63910612974653));
#12457=CARTESIAN_POINT('Ctrl Pts',(-2.86025797258919,0.326694257880582,
0.577825791461666));
#12458=CARTESIAN_POINT('Ctrl Pts',(-2.79791141744927,0.406175026489628,
0.527771610092569));
#12459=CARTESIAN_POINT('Ctrl Pts',(-2.72565202827437,0.522216704032785,
0.411729932549411));
#12460=CARTESIAN_POINT('Ctrl Pts',(-2.70161619101292,0.573591034002845,
0.33908370904618));
#12461=CARTESIAN_POINT('Ctrl Pts',(-2.67269101846496,0.642702030636013,
0.17583747025706));
#12462=CARTESIAN_POINT('Ctrl Pts',(-2.667,0.660399999999878,0.0853641315524482));
#12463=CARTESIAN_POINT('Ctrl Pts',(-2.667,0.660399999999878,-0.0853641315701974));
#12464=CARTESIAN_POINT('Ctrl Pts',(-2.67269101846496,0.642702030636013,
-0.175837470274809));
#12465=CARTESIAN_POINT('Ctrl Pts',(-2.70161619101293,0.573591034002845,
-0.339083709063929));
#12466=CARTESIAN_POINT('Ctrl Pts',(-2.72565202827437,0.522216704032785,
-0.411729932567159));
#12467=CARTESIAN_POINT('Ctrl Pts',(-2.79791141744928,0.406175026489627,
-0.527771610110316));
#12468=CARTESIAN_POINT('Ctrl Pts',(-2.8602579725892,0.326694257880582,-0.577825791479413));
#12469=CARTESIAN_POINT('Ctrl Pts',(-3.010337257594,0.187051269970056,-0.639106129764275));
#12470=CARTESIAN_POINT('Ctrl Pts',(-3.1175154482723,0.116749833384732,-0.651696403062686));
#12471=CARTESIAN_POINT('Ctrl Pts',(-3.35285293522014,0.023248174500958,
-0.661663105159781));
#12472=CARTESIAN_POINT('Ctrl Pts',(-3.48093358779972,-1.22183422484666E-13,
-0.660400000008869));
#12473=CARTESIAN_POINT('Ctrl Pts',(-3.6009466365912,-1.22124532708767E-13,
-0.660400000008868));
#12474=CARTESIAN_POINT('Origin',(-0.857067997967773,0.,0.));
#12475=CARTESIAN_POINT('',(3.683,-1.20535861206078E-16,-0.98425));
#12476=CARTESIAN_POINT('Origin',(3.683,0.,0.));
#12477=CARTESIAN_POINT('',(4.191,-1.20535861206078E-16,-0.98425));
#12478=CARTESIAN_POINT('',(-0.857067997967773,-1.20535861206078E-16,-0.98425));
#12479=CARTESIAN_POINT('Origin',(4.191,0.,0.));
#12480=CARTESIAN_POINT('Origin',(-0.857067997967773,0.,0.));
#12481=CARTESIAN_POINT('',(0.0762,1.01872243987073E-16,0.83185));
#12482=CARTESIAN_POINT('',(0.0762,-1.01872243987073E-16,-0.83185));
#12483=CARTESIAN_POINT('Origin',(0.0762,0.,0.));
#12484=CARTESIAN_POINT('Origin',(0.0762,0.,0.));
#12485=CARTESIAN_POINT('',(2.34281625109131,-1.01872243987073E-16,-0.83185));
#12486=CARTESIAN_POINT('',(-0.857067997967773,-1.01872243987073E-16,-0.83185));
#12487=CARTESIAN_POINT('',(2.34281625109131,-0.0479071130830078,-0.83046934381472));
#12488=CARTESIAN_POINT('Origin',(2.34281625109131,0.,0.));
#12489=CARTESIAN_POINT('',(2.9718,-0.0479071130830077,-0.83046934381472));
#12490=CARTESIAN_POINT('',(2.2098,-0.0479071130830078,-0.83046934381472));
#12491=CARTESIAN_POINT('',(2.9718,-1.01872243987073E-16,-0.83185));
#12492=CARTESIAN_POINT('Origin',(2.9718,0.,0.));
#12493=CARTESIAN_POINT('',(3.683,-1.01872243987073E-16,-0.83185));
#12494=CARTESIAN_POINT('',(-0.857067997967773,-1.01872243987073E-16,-0.83185));
#12495=CARTESIAN_POINT('Origin',(3.683,0.,0.));
#12496=CARTESIAN_POINT('',(2.9718,0.0479071130830019,-0.83046934381472));
#12497=CARTESIAN_POINT('Origin',(2.9718,0.,0.));
#12498=CARTESIAN_POINT('',(2.34281625109131,0.0479071130830019,-0.83046934381472));
#12499=CARTESIAN_POINT('',(2.2098,0.0479071130830019,-0.83046934381472));
#12500=CARTESIAN_POINT('Origin',(2.34281625109131,0.,0.));
#12501=CARTESIAN_POINT('',(2.9718,-0.0479071130829958,0.830469343814721));
#12502=CARTESIAN_POINT('',(2.9718,0.047907113083014,0.83046934381472));
#12503=CARTESIAN_POINT('Origin',(2.9718,0.,0.));
#12504=CARTESIAN_POINT('',(2.34281625109131,-0.0479071130829958,0.830469343814721));
#12505=CARTESIAN_POINT('',(2.2098,-0.0479071130829958,0.830469343814721));
#12506=CARTESIAN_POINT('',(2.34281625109131,0.0479071130830139,0.83046934381472));
#12507=CARTESIAN_POINT('Origin',(2.34281625109131,0.,0.));
#12508=CARTESIAN_POINT('',(2.2098,0.0479071130830139,0.83046934381472));
#12509=CARTESIAN_POINT('',(2.34281625109131,-0.151614759423501,0.817916491596149));
#12510=CARTESIAN_POINT('',(2.9718,-0.151614759423501,0.817916491596149));
#12511=CARTESIAN_POINT('',(2.2098,-0.151614759423501,0.817916491596149));
#12512=CARTESIAN_POINT('',(2.34281625109131,-0.0565560570491316,0.829925198382996));
#12513=CARTESIAN_POINT('Origin',(2.34281625109131,0.,0.));
#12514=CARTESIAN_POINT('',(2.9718,-0.0565560570491315,0.829925198382996));
#12515=CARTESIAN_POINT('',(2.2098,-0.0565560570491316,0.829925198382996));
#12516=CARTESIAN_POINT('Origin',(2.9718,0.,0.));
#12517=CARTESIAN_POINT('',(2.34281625109131,-0.25293135043763,0.792464607705478));
#12518=CARTESIAN_POINT('',(2.9718,-0.25293135043763,0.792464607705478));
#12519=CARTESIAN_POINT('',(2.2098,-0.25293135043763,0.792464607705478));
#12520=CARTESIAN_POINT('',(2.34281625109131,-0.160127304376662,0.81629263679949));
#12521=CARTESIAN_POINT('Origin',(2.34281625109131,0.,0.));
#12522=CARTESIAN_POINT('',(2.9718,-0.160127304376662,0.81629263679949));
#12523=CARTESIAN_POINT('',(2.2098,-0.160127304376662,0.81629263679949));
#12524=CARTESIAN_POINT('Origin',(2.9718,0.,0.));
#12525=CARTESIAN_POINT('',(2.34281625109131,-0.350259062961492,0.754515083555881));
#12526=CARTESIAN_POINT('',(2.9718,-0.350259062961492,0.754515083555881));
#12527=CARTESIAN_POINT('',(2.2098,-0.350259062961492,0.754515083555881));
#12528=CARTESIAN_POINT('',(2.34281625109131,-0.261173248458757,0.789786652704071));
#12529=CARTESIAN_POINT('Origin',(2.34281625109131,0.,0.));
#12530=CARTESIAN_POINT('',(2.9718,-0.261173248458757,0.789786652704071));
#12531=CARTESIAN_POINT('',(2.2098,-0.261173248458757,0.789786652704071));
#12532=CARTESIAN_POINT('Origin',(2.9718,0.,0.));
#12533=CARTESIAN_POINT('',(2.34281625109131,-0.0565560570491436,-0.829925198382995));
#12534=CARTESIAN_POINT('',(2.9718,-0.0565560570491436,-0.829925198382995));
#12535=CARTESIAN_POINT('',(2.2098,-0.0565560570491436,-0.829925198382995));
#12536=CARTESIAN_POINT('',(2.34281625109131,-0.151614759423512,-0.817916491596147));
#12537=CARTESIAN_POINT('Origin',(2.34281625109131,0.,0.));
#12538=CARTESIAN_POINT('',(2.9718,-0.151614759423512,-0.817916491596147));
#12539=CARTESIAN_POINT('',(2.2098,-0.151614759423512,-0.817916491596147));
#12540=CARTESIAN_POINT('Origin',(2.9718,0.,0.));
#12541=CARTESIAN_POINT('',(2.34281625109131,-0.160127304376673,-0.816292636799488));
#12542=CARTESIAN_POINT('',(2.9718,-0.160127304376673,-0.816292636799488));
#12543=CARTESIAN_POINT('',(2.2098,-0.160127304376673,-0.816292636799488));
#12544=CARTESIAN_POINT('',(2.34281625109131,-0.252931350437641,-0.792464607705474));
#12545=CARTESIAN_POINT('Origin',(2.34281625109131,0.,0.));
#12546=CARTESIAN_POINT('',(2.9718,-0.252931350437641,-0.792464607705474));
#12547=CARTESIAN_POINT('',(2.2098,-0.252931350437641,-0.792464607705474));
#12548=CARTESIAN_POINT('Origin',(2.9718,0.,0.));
#12549=CARTESIAN_POINT('',(2.34281625109131,-0.261173248458768,-0.789786652704067));
#12550=CARTESIAN_POINT('',(2.9718,-0.261173248458768,-0.789786652704067));
#12551=CARTESIAN_POINT('',(2.2098,-0.261173248458768,-0.789786652704067));
#12552=CARTESIAN_POINT('',(2.34281625109131,-0.350259062961503,-0.754515083555876));
#12553=CARTESIAN_POINT('Origin',(2.34281625109131,0.,0.));
#12554=CARTESIAN_POINT('',(2.9718,-0.350259062961503,-0.754515083555876));
#12555=CARTESIAN_POINT('',(2.2098,-0.350259062961503,-0.754515083555876));
#12556=CARTESIAN_POINT('Origin',(2.9718,0.,0.));
#12557=CARTESIAN_POINT('',(2.34281625109131,-0.358100334395332,-0.750825261299826));
#12558=CARTESIAN_POINT('',(2.9718,-0.358100334395332,-0.750825261299826));
#12559=CARTESIAN_POINT('',(2.2098,-0.358100334395332,-0.750825261299826));
#12560=CARTESIAN_POINT('',(2.34281625109131,-0.442062980827839,-0.704666405813138));
#12561=CARTESIAN_POINT('Origin',(2.34281625109131,0.,0.));
#12562=CARTESIAN_POINT('',(2.9718,-0.442062980827839,-0.704666405813137));
#12563=CARTESIAN_POINT('',(2.2098,-0.442062980827839,-0.704666405813138));
#12564=CARTESIAN_POINT('Origin',(2.9718,0.,0.));
#12565=CARTESIAN_POINT('',(2.34281625109131,-0.44937996413971,-0.700022907003616));
#12566=CARTESIAN_POINT('',(2.9718,-0.44937996413971,-0.700022907003616));
#12567=CARTESIAN_POINT('',(2.2098,-0.44937996413971,-0.700022907003616));
#12568=CARTESIAN_POINT('',(2.34281625109131,-0.526895301410896,-0.643704717903419));
#12569=CARTESIAN_POINT('Origin',(2.34281625109131,0.,0.));
#12570=CARTESIAN_POINT('',(2.9718,-0.526895301410896,-0.643704717903419));
#12571=CARTESIAN_POINT('',(2.2098,-0.526895301410896,-0.643704717903419));
#12572=CARTESIAN_POINT('Origin',(2.9718,0.,0.));
#12573=CARTESIAN_POINT('',(2.34281625109131,-0.533572603403027,-0.638180773290544));
#12574=CARTESIAN_POINT('',(2.9718,-0.533572603403027,-0.638180773290544));
#12575=CARTESIAN_POINT('',(2.2098,-0.533572603403027,-0.638180773290544));
#12576=CARTESIAN_POINT('',(2.34281625109131,-0.603418168338708,-0.572591422061804));
#12577=CARTESIAN_POINT('Origin',(2.34281625109131,0.,0.));
#12578=CARTESIAN_POINT('',(2.9718,-0.603418168338708,-0.572591422061804));
#12579=CARTESIAN_POINT('',(2.2098,-0.603418168338708,-0.572591422061804));
#12580=CARTESIAN_POINT('Origin',(2.9718,0.,0.));
#12581=CARTESIAN_POINT('',(2.34281625109131,-0.609350483969854,-0.566274147551964));
#12582=CARTESIAN_POINT('',(2.9718,-0.609350483969854,-0.566274147551964));
#12583=CARTESIAN_POINT('',(2.2098,-0.609350483969854,-0.566274147551964));
#12584=CARTESIAN_POINT('',(2.34281625109131,-0.670424770287275,-0.492448017444739));
#12585=CARTESIAN_POINT('Origin',(2.34281625109131,0.,0.));
#12586=CARTESIAN_POINT('',(2.9718,-0.670424770287275,-0.492448017444739));
#12587=CARTESIAN_POINT('',(2.2098,-0.670424770287275,-0.492448017444739));
#12588=CARTESIAN_POINT('Origin',(2.9718,0.,0.));
#12589=CARTESIAN_POINT('',(2.34281625109131,-0.675518543396143,-0.485437040230712));
#12590=CARTESIAN_POINT('',(2.9718,-0.675518543396143,-0.485437040230712));
#12591=CARTESIAN_POINT('',(2.2098,-0.675518543396143,-0.485437040230712));
#12592=CARTESIAN_POINT('',(2.34281625109131,-0.726858373116068,-0.404538413418384));
#12593=CARTESIAN_POINT('Origin',(2.34281625109131,0.,0.));
#12594=CARTESIAN_POINT('',(2.9718,-0.726858373116068,-0.404538413418384));
#12595=CARTESIAN_POINT('',(2.2098,-0.726858373116068,-0.404538413418384));
#12596=CARTESIAN_POINT('Origin',(2.9718,0.,0.));
#12597=CARTESIAN_POINT('',(2.34281625109131,-0.731033271857856,-0.39694430079899));
#12598=CARTESIAN_POINT('',(2.9718,-0.731033271857856,-0.39694430079899));
#12599=CARTESIAN_POINT('',(2.2098,-0.731033271857856,-0.39694430079899));
#12600=CARTESIAN_POINT('',(2.34281625109131,-0.771828985196674,-0.310248996952886));
#12601=CARTESIAN_POINT('Origin',(2.34281625109131,0.,0.));
#12602=CARTESIAN_POINT('',(2.9718,-0.771828985196674,-0.310248996952886));
#12603=CARTESIAN_POINT('',(2.2098,-0.771828985196674,-0.310248996952886));
#12604=CARTESIAN_POINT('Origin',(2.9718,0.,0.));
#12605=CARTESIAN_POINT('',(2.34281625109131,-0.775019168924261,-0.302191512620635));
#12606=CARTESIAN_POINT('',(2.9718,-0.775019168924261,-0.302191512620635));
#12607=CARTESIAN_POINT('',(2.2098,-0.775019168924261,-0.302191512620635));
#12608=CARTESIAN_POINT('',(2.34281625109131,-0.804627393112442,-0.211066768471674));
#12609=CARTESIAN_POINT('Origin',(2.34281625109131,0.,0.));
#12610=CARTESIAN_POINT('',(2.9718,-0.804627393112442,-0.211066768471674));
#12611=CARTESIAN_POINT('',(2.2098,-0.804627393112442,-0.211066768471674));
#12612=CARTESIAN_POINT('Origin',(2.9718,0.,0.));
#12613=CARTESIAN_POINT('',(2.34281625109131,-0.806782550722721,-0.202672983767794));
#12614=CARTESIAN_POINT('',(2.9718,-0.806782550722721,-0.202672983767794));
#12615=CARTESIAN_POINT('',(2.2098,-0.806782550722721,-0.202672983767794));
#12616=CARTESIAN_POINT('',(2.34281625109131,-0.824736346377721,-0.108555890966488));
#12617=CARTESIAN_POINT('Origin',(2.34281625109131,0.,0.));
#12618=CARTESIAN_POINT('',(2.9718,-0.824736346377721,-0.108555890966488));
#12619=CARTESIAN_POINT('',(2.2098,-0.824736346377721,-0.108555890966488));
#12620=CARTESIAN_POINT('Origin',(2.9718,0.,0.));
#12621=CARTESIAN_POINT('',(2.34281625109131,-0.825822489747748,-0.0999581808899631));
#12622=CARTESIAN_POINT('',(2.9718,-0.825822489747748,-0.0999581808899631));
#12623=CARTESIAN_POINT('',(2.2098,-0.825822489747748,-0.0999581808899631));
#12624=CARTESIAN_POINT('',(2.34281625109131,-0.83183871478701,-0.00433302221261974));
#12625=CARTESIAN_POINT('Origin',(2.34281625109131,0.,0.));
#12626=CARTESIAN_POINT('',(2.9718,-0.83183871478701,-0.00433302221261979));
#12627=CARTESIAN_POINT('',(2.2098,-0.83183871478701,-0.00433302221261974));
#12628=CARTESIAN_POINT('Origin',(2.9718,0.,0.));
#12629=CARTESIAN_POINT('',(2.34281625109131,-0.83183871478701,0.00433302221261977));
#12630=CARTESIAN_POINT('',(2.9718,-0.83183871478701,0.00433302221261977));
#12631=CARTESIAN_POINT('',(2.2098,-0.83183871478701,0.00433302221261977));
#12632=CARTESIAN_POINT('',(2.34281625109131,-0.825822489747747,0.0999581808899747));
#12633=CARTESIAN_POINT('Origin',(2.34281625109131,0.,0.));
#12634=CARTESIAN_POINT('',(2.9718,-0.825822489747747,0.0999581808899747));
#12635=CARTESIAN_POINT('',(2.2098,-0.825822489747747,0.0999581808899747));
#12636=CARTESIAN_POINT('Origin',(2.9718,0.,0.));
#12637=CARTESIAN_POINT('',(2.34281625109131,-0.82473634637772,0.108555890966499));
#12638=CARTESIAN_POINT('',(2.9718,-0.82473634637772,0.108555890966499));
#12639=CARTESIAN_POINT('',(2.2098,-0.82473634637772,0.108555890966499));
#12640=CARTESIAN_POINT('',(2.34281625109131,-0.806782550722718,0.202672983767806));
#12641=CARTESIAN_POINT('Origin',(2.34281625109131,0.,0.));
#12642=CARTESIAN_POINT('',(2.9718,-0.806782550722718,0.202672983767806));
#12643=CARTESIAN_POINT('',(2.2098,-0.806782550722718,0.202672983767806));
#12644=CARTESIAN_POINT('Origin',(2.9718,0.,0.));
#12645=CARTESIAN_POINT('',(2.34281625109131,-0.804627393112439,0.211066768471685));
#12646=CARTESIAN_POINT('',(2.9718,-0.804627393112439,0.211066768471685));
#12647=CARTESIAN_POINT('',(2.2098,-0.804627393112439,0.211066768471685));
#12648=CARTESIAN_POINT('',(2.34281625109131,-0.775019168924257,0.302191512620646));
#12649=CARTESIAN_POINT('Origin',(2.34281625109131,0.,0.));
#12650=CARTESIAN_POINT('',(2.9718,-0.775019168924257,0.302191512620646));
#12651=CARTESIAN_POINT('',(2.2098,-0.775019168924257,0.302191512620646));
#12652=CARTESIAN_POINT('Origin',(2.9718,0.,0.));
#12653=CARTESIAN_POINT('',(2.34281625109131,-0.77182898519667,0.310248996952897));
#12654=CARTESIAN_POINT('',(2.9718,-0.77182898519667,0.310248996952897));
#12655=CARTESIAN_POINT('',(2.2098,-0.77182898519667,0.310248996952897));
#12656=CARTESIAN_POINT('',(2.34281625109131,-0.73103327185785,0.396944300799));
#12657=CARTESIAN_POINT('Origin',(2.34281625109131,0.,0.));
#12658=CARTESIAN_POINT('',(2.9718,-0.73103327185785,0.396944300799));
#12659=CARTESIAN_POINT('',(2.2098,-0.73103327185785,0.396944300799));
#12660=CARTESIAN_POINT('Origin',(2.9718,0.,0.));
#12661=CARTESIAN_POINT('',(2.34281625109131,-0.726858373116062,0.404538413418394));
#12662=CARTESIAN_POINT('',(2.9718,-0.726858373116062,0.404538413418394));
#12663=CARTESIAN_POINT('',(2.2098,-0.726858373116062,0.404538413418394));
#12664=CARTESIAN_POINT('',(2.34281625109131,-0.675518543396135,0.485437040230722));
#12665=CARTESIAN_POINT('Origin',(2.34281625109131,0.,0.));
#12666=CARTESIAN_POINT('',(2.9718,-0.675518543396135,0.485437040230722));
#12667=CARTESIAN_POINT('',(2.2098,-0.675518543396135,0.485437040230722));
#12668=CARTESIAN_POINT('Origin',(2.9718,0.,0.));
#12669=CARTESIAN_POINT('',(2.34281625109131,-0.670424770287268,0.492448017444749));
#12670=CARTESIAN_POINT('',(2.9718,-0.670424770287268,0.492448017444749));
#12671=CARTESIAN_POINT('',(2.2098,-0.670424770287268,0.492448017444749));
#12672=CARTESIAN_POINT('',(2.34281625109131,-0.609350483969846,0.566274147551973));
#12673=CARTESIAN_POINT('Origin',(2.34281625109131,0.,0.));
#12674=CARTESIAN_POINT('',(2.9718,-0.609350483969846,0.566274147551973));
#12675=CARTESIAN_POINT('',(2.2098,-0.609350483969846,0.566274147551973));
#12676=CARTESIAN_POINT('Origin',(2.9718,0.,0.));
#12677=CARTESIAN_POINT('',(2.34281625109131,-0.603418168338699,0.572591422061813));
#12678=CARTESIAN_POINT('',(2.9718,-0.603418168338699,0.572591422061813));
#12679=CARTESIAN_POINT('',(2.2098,-0.603418168338699,0.572591422061813));
#12680=CARTESIAN_POINT('',(2.34281625109131,-0.533572603403018,0.638180773290551));
#12681=CARTESIAN_POINT('Origin',(2.34281625109131,0.,0.));
#12682=CARTESIAN_POINT('',(2.9718,-0.533572603403018,0.638180773290551));
#12683=CARTESIAN_POINT('',(2.2098,-0.533572603403018,0.638180773290551));
#12684=CARTESIAN_POINT('Origin',(2.9718,0.,0.));
#12685=CARTESIAN_POINT('',(2.34281625109131,-0.526895301410887,0.643704717903427));
#12686=CARTESIAN_POINT('',(2.9718,-0.526895301410887,0.643704717903427));
#12687=CARTESIAN_POINT('',(2.2098,-0.526895301410887,0.643704717903427));
#12688=CARTESIAN_POINT('',(2.34281625109131,-0.4493799641397,0.700022907003622));
#12689=CARTESIAN_POINT('Origin',(2.34281625109131,0.,0.));
#12690=CARTESIAN_POINT('',(2.9718,-0.4493799641397,0.700022907003622));
#12691=CARTESIAN_POINT('',(2.2098,-0.4493799641397,0.700022907003622));
#12692=CARTESIAN_POINT('Origin',(2.9718,0.,0.));
#12693=CARTESIAN_POINT('',(2.34281625109131,-0.442062980827829,0.704666405813144));
#12694=CARTESIAN_POINT('',(2.9718,-0.442062980827829,0.704666405813144));
#12695=CARTESIAN_POINT('',(2.2098,-0.442062980827829,0.704666405813144));
#12696=CARTESIAN_POINT('',(2.34281625109131,-0.358100334395321,0.750825261299831));
#12697=CARTESIAN_POINT('Origin',(2.34281625109131,0.,0.));
#12698=CARTESIAN_POINT('',(2.9718,-0.358100334395321,0.750825261299831));
#12699=CARTESIAN_POINT('',(2.2098,-0.358100334395321,0.750825261299831));
#12700=CARTESIAN_POINT('Origin',(2.9718,0.,0.));
#12701=CARTESIAN_POINT('',(2.34281625109131,0.83183871478701,-0.00433302221261977));
#12702=CARTESIAN_POINT('',(2.34281625109131,0.825822489747747,-0.099958180889969));
#12703=CARTESIAN_POINT('Origin',(2.34281625109131,0.,0.));
#12704=CARTESIAN_POINT('',(2.9718,0.825822489747747,-0.0999581808899691));
#12705=CARTESIAN_POINT('',(2.2098,0.825822489747747,-0.099958180889969));
#12706=CARTESIAN_POINT('',(2.9718,0.83183871478701,-0.00433302221261977));
#12707=CARTESIAN_POINT('Origin',(2.9718,0.,0.));
#12708=CARTESIAN_POINT('',(2.2098,0.83183871478701,-0.00433302221261977));
#12709=CARTESIAN_POINT('',(2.34281625109131,0.82473634637772,-0.108555890966494));
#12710=CARTESIAN_POINT('',(2.9718,0.82473634637772,-0.108555890966494));
#12711=CARTESIAN_POINT('',(2.2098,0.82473634637772,-0.108555890966494));
#12712=CARTESIAN_POINT('',(2.34281625109131,0.806782550722719,-0.2026729837678));
#12713=CARTESIAN_POINT('Origin',(2.34281625109131,0.,0.));
#12714=CARTESIAN_POINT('',(2.9718,0.806782550722719,-0.2026729837678));
#12715=CARTESIAN_POINT('',(2.2098,0.806782550722719,-0.2026729837678));
#12716=CARTESIAN_POINT('Origin',(2.9718,0.,0.));
#12717=CARTESIAN_POINT('',(2.34281625109131,0.825822489747749,0.0999581808899574));
#12718=CARTESIAN_POINT('',(2.9718,0.825822489747749,0.0999581808899574));
#12719=CARTESIAN_POINT('',(2.2098,0.825822489747749,0.0999581808899574));
#12720=CARTESIAN_POINT('',(2.34281625109131,0.83183871478701,0.00433302221261974));
#12721=CARTESIAN_POINT('Origin',(2.34281625109131,0.,0.));
#12722=CARTESIAN_POINT('',(2.9718,0.83183871478701,0.00433302221261979));
#12723=CARTESIAN_POINT('',(2.2098,0.83183871478701,0.00433302221261974));
#12724=CARTESIAN_POINT('Origin',(2.9718,0.,0.));
#12725=CARTESIAN_POINT('',(2.34281625109131,0.806782550722722,0.202672983767789));
#12726=CARTESIAN_POINT('',(2.9718,0.806782550722722,0.202672983767789));
#12727=CARTESIAN_POINT('',(2.2098,0.806782550722722,0.202672983767789));
#12728=CARTESIAN_POINT('',(2.34281625109131,0.824736346377722,0.108555890966482));
#12729=CARTESIAN_POINT('Origin',(2.34281625109131,0.,0.));
#12730=CARTESIAN_POINT('',(2.9718,0.824736346377722,0.108555890966482));
#12731=CARTESIAN_POINT('',(2.2098,0.824736346377722,0.108555890966482));
#12732=CARTESIAN_POINT('Origin',(2.9718,0.,0.));
#12733=CARTESIAN_POINT('',(2.34281625109131,0.775019168924263,0.30219151262063));
#12734=CARTESIAN_POINT('',(2.9718,0.775019168924263,0.30219151262063));
#12735=CARTESIAN_POINT('',(2.2098,0.775019168924263,0.30219151262063));
#12736=CARTESIAN_POINT('',(2.34281625109131,0.804627393112444,0.211066768471668));
#12737=CARTESIAN_POINT('Origin',(2.34281625109131,0.,0.));
#12738=CARTESIAN_POINT('',(2.9718,0.804627393112444,0.211066768471668));
#12739=CARTESIAN_POINT('',(2.2098,0.804627393112444,0.211066768471668));
#12740=CARTESIAN_POINT('Origin',(2.9718,0.,0.));
#12741=CARTESIAN_POINT('',(2.34281625109131,0.731033271857858,0.396944300798984));
#12742=CARTESIAN_POINT('',(2.9718,0.731033271857858,0.396944300798984));
#12743=CARTESIAN_POINT('',(2.2098,0.731033271857858,0.396944300798984));
#12744=CARTESIAN_POINT('',(2.34281625109131,0.771828985196677,0.31024899695288));
#12745=CARTESIAN_POINT('Origin',(2.34281625109131,0.,0.));
#12746=CARTESIAN_POINT('',(2.9718,0.771828985196677,0.310248996952881));
#12747=CARTESIAN_POINT('',(2.2098,0.771828985196677,0.31024899695288));
#12748=CARTESIAN_POINT('Origin',(2.9718,0.,0.));
#12749=CARTESIAN_POINT('',(2.34281625109131,0.675518543396146,0.485437040230707));
#12750=CARTESIAN_POINT('',(2.9718,0.675518543396146,0.485437040230707));
#12751=CARTESIAN_POINT('',(2.2098,0.675518543396146,0.485437040230707));
#12752=CARTESIAN_POINT('',(2.34281625109131,0.726858373116071,0.404538413418378));
#12753=CARTESIAN_POINT('Origin',(2.34281625109131,0.,0.));
#12754=CARTESIAN_POINT('',(2.9718,0.726858373116071,0.404538413418379));
#12755=CARTESIAN_POINT('',(2.2098,0.726858373116071,0.404538413418378));
#12756=CARTESIAN_POINT('Origin',(2.9718,0.,0.));
#12757=CARTESIAN_POINT('',(2.34281625109131,0.609350483969859,0.56627414755196));
#12758=CARTESIAN_POINT('',(2.9718,0.609350483969859,0.56627414755196));
#12759=CARTESIAN_POINT('',(2.2098,0.609350483969859,0.56627414755196));
#12760=CARTESIAN_POINT('',(2.34281625109131,0.670424770287279,0.492448017444734));
#12761=CARTESIAN_POINT('Origin',(2.34281625109131,0.,0.));
#12762=CARTESIAN_POINT('',(2.9718,0.670424770287279,0.492448017444734));
#12763=CARTESIAN_POINT('',(2.2098,0.670424770287279,0.492448017444734));
#12764=CARTESIAN_POINT('Origin',(2.9718,0.,0.));
#12765=CARTESIAN_POINT('',(2.34281625109131,0.533572603403031,0.63818077329054));
#12766=CARTESIAN_POINT('',(2.9718,0.533572603403031,0.63818077329054));
#12767=CARTESIAN_POINT('',(2.2098,0.533572603403031,0.63818077329054));
#12768=CARTESIAN_POINT('',(2.34281625109131,0.603418168338712,0.5725914220618));
#12769=CARTESIAN_POINT('Origin',(2.34281625109131,0.,0.));
#12770=CARTESIAN_POINT('',(2.9718,0.603418168338712,0.5725914220618));
#12771=CARTESIAN_POINT('',(2.2098,0.603418168338712,0.5725914220618));
#12772=CARTESIAN_POINT('Origin',(2.9718,0.,0.));
#12773=CARTESIAN_POINT('',(2.34281625109131,0.449379964139715,0.700022907003613));
#12774=CARTESIAN_POINT('',(2.9718,0.449379964139715,0.700022907003613));
#12775=CARTESIAN_POINT('',(2.2098,0.449379964139715,0.700022907003613));
#12776=CARTESIAN_POINT('',(2.34281625109131,0.526895301410901,0.643704717903416));
#12777=CARTESIAN_POINT('Origin',(2.34281625109131,0.,0.));
#12778=CARTESIAN_POINT('',(2.9718,0.526895301410901,0.643704717903416));
#12779=CARTESIAN_POINT('',(2.2098,0.526895301410901,0.643704717903416));
#12780=CARTESIAN_POINT('Origin',(2.9718,0.,0.));
#12781=CARTESIAN_POINT('',(2.34281625109131,0.358100334395337,0.750825261299823));
#12782=CARTESIAN_POINT('',(2.9718,0.358100334395337,0.750825261299823));
#12783=CARTESIAN_POINT('',(2.2098,0.358100334395337,0.750825261299823));
#12784=CARTESIAN_POINT('',(2.34281625109131,0.442062980827844,0.704666405813135));
#12785=CARTESIAN_POINT('Origin',(2.34281625109131,0.,0.));
#12786=CARTESIAN_POINT('',(2.9718,0.442062980827844,0.704666405813134));
#12787=CARTESIAN_POINT('',(2.2098,0.442062980827844,0.704666405813135));
#12788=CARTESIAN_POINT('Origin',(2.9718,0.,0.));
#12789=CARTESIAN_POINT('',(2.34281625109131,0.261173248458774,0.789786652704065));
#12790=CARTESIAN_POINT('',(2.9718,0.261173248458774,0.789786652704065));
#12791=CARTESIAN_POINT('',(2.2098,0.261173248458774,0.789786652704065));
#12792=CARTESIAN_POINT('',(2.34281625109131,0.350259062961508,0.754515083555873));
#12793=CARTESIAN_POINT('Origin',(2.34281625109131,0.,0.));
#12794=CARTESIAN_POINT('',(2.9718,0.350259062961508,0.754515083555873));
#12795=CARTESIAN_POINT('',(2.2098,0.350259062961508,0.754515083555873));
#12796=CARTESIAN_POINT('Origin',(2.9718,0.,0.));
#12797=CARTESIAN_POINT('',(2.34281625109131,0.160127304376679,0.816292636799487));
#12798=CARTESIAN_POINT('',(2.9718,0.160127304376679,0.816292636799487));
#12799=CARTESIAN_POINT('',(2.2098,0.160127304376679,0.816292636799487));
#12800=CARTESIAN_POINT('',(2.34281625109131,0.252931350437646,0.792464607705473));
#12801=CARTESIAN_POINT('Origin',(2.34281625109131,0.,0.));
#12802=CARTESIAN_POINT('',(2.9718,0.252931350437646,0.792464607705473));
#12803=CARTESIAN_POINT('',(2.2098,0.252931350437646,0.792464607705473));
#12804=CARTESIAN_POINT('Origin',(2.9718,0.,0.));
#12805=CARTESIAN_POINT('',(2.34281625109131,0.0565560570491498,0.829925198382995));
#12806=CARTESIAN_POINT('',(2.9718,0.0565560570491498,0.829925198382995));
#12807=CARTESIAN_POINT('',(2.2098,0.0565560570491498,0.829925198382995));
#12808=CARTESIAN_POINT('',(2.34281625109131,0.151614759423518,0.817916491596146));
#12809=CARTESIAN_POINT('Origin',(2.34281625109131,0.,0.));
#12810=CARTESIAN_POINT('',(2.9718,0.151614759423518,0.817916491596146));
#12811=CARTESIAN_POINT('',(2.2098,0.151614759423518,0.817916491596146));
#12812=CARTESIAN_POINT('Origin',(2.9718,0.,0.));
#12813=CARTESIAN_POINT('',(2.34281625109131,0.804627393112441,-0.21106676847168));
#12814=CARTESIAN_POINT('',(2.9718,0.804627393112441,-0.21106676847168));
#12815=CARTESIAN_POINT('',(2.2098,0.804627393112441,-0.21106676847168));
#12816=CARTESIAN_POINT('',(2.34281625109131,0.775019168924259,-0.302191512620641));
#12817=CARTESIAN_POINT('Origin',(2.34281625109131,0.,0.));
#12818=CARTESIAN_POINT('',(2.9718,0.775019168924259,-0.302191512620641));
#12819=CARTESIAN_POINT('',(2.2098,0.775019168924259,-0.302191512620641));
#12820=CARTESIAN_POINT('Origin',(2.9718,0.,0.));
#12821=CARTESIAN_POINT('',(2.34281625109131,0.771828985196672,-0.310248996952891));
#12822=CARTESIAN_POINT('',(2.9718,0.771828985196672,-0.310248996952891));
#12823=CARTESIAN_POINT('',(2.2098,0.771828985196672,-0.310248996952891));
#12824=CARTESIAN_POINT('',(2.34281625109131,0.731033271857853,-0.396944300798995));
#12825=CARTESIAN_POINT('Origin',(2.34281625109131,0.,0.));
#12826=CARTESIAN_POINT('',(2.9718,0.731033271857853,-0.396944300798995));
#12827=CARTESIAN_POINT('',(2.2098,0.731033271857853,-0.396944300798995));
#12828=CARTESIAN_POINT('Origin',(2.9718,0.,0.));
#12829=CARTESIAN_POINT('',(2.34281625109131,0.726858373116065,-0.404538413418389));
#12830=CARTESIAN_POINT('',(2.9718,0.726858373116065,-0.404538413418389));
#12831=CARTESIAN_POINT('',(2.2098,0.726858373116065,-0.404538413418389));
#12832=CARTESIAN_POINT('',(2.34281625109131,0.675518543396139,-0.485437040230717));
#12833=CARTESIAN_POINT('Origin',(2.34281625109131,0.,0.));
#12834=CARTESIAN_POINT('',(2.9718,0.675518543396139,-0.485437040230717));
#12835=CARTESIAN_POINT('',(2.2098,0.675518543396139,-0.485437040230717));
#12836=CARTESIAN_POINT('Origin',(2.9718,0.,0.));
#12837=CARTESIAN_POINT('',(2.34281625109131,0.670424770287272,-0.492448017444744));
#12838=CARTESIAN_POINT('',(2.9718,0.670424770287272,-0.492448017444744));
#12839=CARTESIAN_POINT('',(2.2098,0.670424770287272,-0.492448017444744));
#12840=CARTESIAN_POINT('',(2.34281625109131,0.60935048396985,-0.566274147551969));
#12841=CARTESIAN_POINT('Origin',(2.34281625109131,0.,0.));
#12842=CARTESIAN_POINT('',(2.9718,0.60935048396985,-0.566274147551969));
#12843=CARTESIAN_POINT('',(2.2098,0.60935048396985,-0.566274147551969));
#12844=CARTESIAN_POINT('Origin',(2.9718,0.,0.));
#12845=CARTESIAN_POINT('',(2.34281625109131,0.603418168338703,-0.572591422061809));
#12846=CARTESIAN_POINT('',(2.9718,0.603418168338703,-0.572591422061809));
#12847=CARTESIAN_POINT('',(2.2098,0.603418168338703,-0.572591422061809));
#12848=CARTESIAN_POINT('',(2.34281625109131,0.533572603403022,-0.638180773290547));
#12849=CARTESIAN_POINT('Origin',(2.34281625109131,0.,0.));
#12850=CARTESIAN_POINT('',(2.9718,0.533572603403022,-0.638180773290547));
#12851=CARTESIAN_POINT('',(2.2098,0.533572603403022,-0.638180773290547));
#12852=CARTESIAN_POINT('Origin',(2.9718,0.,0.));
#12853=CARTESIAN_POINT('',(2.34281625109131,0.526895301410892,-0.643704717903423));
#12854=CARTESIAN_POINT('',(2.9718,0.526895301410892,-0.643704717903423));
#12855=CARTESIAN_POINT('',(2.2098,0.526895301410892,-0.643704717903423));
#12856=CARTESIAN_POINT('',(2.34281625109131,0.449379964139705,-0.700022907003619));
#12857=CARTESIAN_POINT('Origin',(2.34281625109131,0.,0.));
#12858=CARTESIAN_POINT('',(2.9718,0.449379964139705,-0.700022907003619));
#12859=CARTESIAN_POINT('',(2.2098,0.449379964139705,-0.700022907003619));
#12860=CARTESIAN_POINT('Origin',(2.9718,0.,0.));
#12861=CARTESIAN_POINT('',(2.34281625109131,0.442062980827834,-0.704666405813141));
#12862=CARTESIAN_POINT('',(2.9718,0.442062980827834,-0.704666405813141));
#12863=CARTESIAN_POINT('',(2.2098,0.442062980827834,-0.704666405813141));
#12864=CARTESIAN_POINT('',(2.34281625109131,0.358100334395326,-0.750825261299828));
#12865=CARTESIAN_POINT('Origin',(2.34281625109131,0.,0.));
#12866=CARTESIAN_POINT('',(2.9718,0.358100334395326,-0.750825261299828));
#12867=CARTESIAN_POINT('',(2.2098,0.358100334395326,-0.750825261299828));
#12868=CARTESIAN_POINT('Origin',(2.9718,0.,0.));
#12869=CARTESIAN_POINT('',(2.34281625109131,0.350259062961497,-0.754515083555878));
#12870=CARTESIAN_POINT('',(2.9718,0.350259062961497,-0.754515083555878));
#12871=CARTESIAN_POINT('',(2.2098,0.350259062961497,-0.754515083555878));
#12872=CARTESIAN_POINT('',(2.34281625109131,0.261173248458762,-0.789786652704069));
#12873=CARTESIAN_POINT('Origin',(2.34281625109131,0.,0.));
#12874=CARTESIAN_POINT('',(2.9718,0.261173248458762,-0.789786652704069));
#12875=CARTESIAN_POINT('',(2.2098,0.261173248458762,-0.789786652704069));
#12876=CARTESIAN_POINT('Origin',(2.9718,0.,0.));
#12877=CARTESIAN_POINT('',(2.34281625109131,0.252931350437635,-0.792464607705476));
#12878=CARTESIAN_POINT('',(2.9718,0.252931350437635,-0.792464607705476));
#12879=CARTESIAN_POINT('',(2.2098,0.252931350437635,-0.792464607705476));
#12880=CARTESIAN_POINT('',(2.34281625109131,0.160127304376668,-0.816292636799489));
#12881=CARTESIAN_POINT('Origin',(2.34281625109131,0.,0.));
#12882=CARTESIAN_POINT('',(2.9718,0.160127304376668,-0.816292636799489));
#12883=CARTESIAN_POINT('',(2.2098,0.160127304376668,-0.816292636799489));
#12884=CARTESIAN_POINT('Origin',(2.9718,0.,0.));
#12885=CARTESIAN_POINT('',(2.34281625109131,0.151614759423506,-0.817916491596148));
#12886=CARTESIAN_POINT('',(2.9718,0.151614759423506,-0.817916491596148));
#12887=CARTESIAN_POINT('',(2.2098,0.151614759423506,-0.817916491596148));
#12888=CARTESIAN_POINT('',(2.34281625109131,0.0565560570491378,-0.829925198382996));
#12889=CARTESIAN_POINT('Origin',(2.34281625109131,0.,0.));
#12890=CARTESIAN_POINT('',(2.9718,0.0565560570491379,-0.829925198382996));
#12891=CARTESIAN_POINT('',(2.2098,0.0565560570491378,-0.829925198382996));
#12892=CARTESIAN_POINT('Origin',(2.9718,0.,0.));
#12893=CARTESIAN_POINT('Origin',(0.0762,0.,0.));
#12894=CARTESIAN_POINT('',(-5.53376788836601E-15,-9.64845217743497E-17,
0.787855909487748));
#12895=CARTESIAN_POINT('',(0.0762,-1.01872243987073E-16,0.83185));
#12896=CARTESIAN_POINT('Origin',(1.84645611275248E-29,0.,3.1763320032566E-15));
#12897=CARTESIAN_POINT('Origin',(-0.857067997967773,0.,0.));
#12898=CARTESIAN_POINT('',(2.9718,-0.0236253935338433,0.901390443026978));
#12899=CARTESIAN_POINT('',(2.9718,0.023625393533863,0.901390443026977));
#12900=CARTESIAN_POINT('Origin',(2.9718,0.,0.));
#12901=CARTESIAN_POINT('',(2.4638,0.023625393533863,0.901390443026977));
#12902=CARTESIAN_POINT('',(2.2098,0.023625393533863,0.901390443026977));
#12903=CARTESIAN_POINT('',(2.4638,-0.0236253935338433,0.901390443026978));
#12904=CARTESIAN_POINT('Origin',(2.4638,0.,0.));
#12905=CARTESIAN_POINT('',(2.2098,-0.0236253935338433,0.901390443026978));
#12906=CARTESIAN_POINT('Origin',(2.4638,0.,0.));
#12907=CARTESIAN_POINT('',(2.4638,0.02362539353385,-0.901390443026977));
#12908=CARTESIAN_POINT('Ctrl Pts',(2.34281625109131,0.0479071130830019,
-0.83046934381472));
#12909=CARTESIAN_POINT('Ctrl Pts',(2.38307239592551,0.0397758059154776,
-0.854218948581631));
#12910=CARTESIAN_POINT('Ctrl Pts',(2.4234067453562,0.031685042521407,-0.877850134676679));
#12911=CARTESIAN_POINT('Ctrl Pts',(2.4638,0.02362539353385,-0.901390443026977));
#12912=CARTESIAN_POINT('',(2.4638,-0.0236253935338563,-0.901390443026977));
#12913=CARTESIAN_POINT('Origin',(2.4638,0.,0.));
#12914=CARTESIAN_POINT('Ctrl Pts',(2.4638,-0.0236253935338563,-0.901390443026977));
#12915=CARTESIAN_POINT('Ctrl Pts',(2.4234067453562,-0.0316850425214131,
-0.877850134676679));
#12916=CARTESIAN_POINT('Ctrl Pts',(2.38307239592551,-0.0397758059154836,
-0.854218948581631));
#12917=CARTESIAN_POINT('Ctrl Pts',(2.34281625109131,-0.0479071130830078,
-0.83046934381472));
#12918=CARTESIAN_POINT('Origin',(-5.96900000000001,-1.21665711614038E-13,
-0.889000000008851));
#12919=CARTESIAN_POINT('',(-3.6009466365912,-1.21882552048535E-13,-0.889000000008868));
#12920=CARTESIAN_POINT('',(-5.96900000000001,-1.21665711614038E-13,-0.889000000008851));
#12921=CARTESIAN_POINT('Origin',(2.4638,0.,0.));
#12922=CARTESIAN_POINT('',(2.4638,-0.454951247900792,0.778512846415209));
#12923=CARTESIAN_POINT('Ctrl Pts',(2.34281625109131,-0.442062980827829,
0.704666405813144));
#12924=CARTESIAN_POINT('Ctrl Pts',(2.38307239592551,-0.446378921394362,
0.729395630221994));
#12925=CARTESIAN_POINT('Ctrl Pts',(2.4234067453562,-0.450673342110154,0.754001551445825));
#12926=CARTESIAN_POINT('Ctrl Pts',(2.4638,-0.454951247900792,0.778512846415209));
#12927=CARTESIAN_POINT('',(2.4638,-0.413545067556031,0.801276086689275));
#12928=CARTESIAN_POINT('Origin',(2.4638,0.,0.));
#12929=CARTESIAN_POINT('Ctrl Pts',(2.4638,-0.413545067556031,0.801276086689275));
#12930=CARTESIAN_POINT('Ctrl Pts',(2.4234067453562,-0.395141713272183,0.784530322743341));
#12931=CARTESIAN_POINT('Ctrl Pts',(2.38307239592551,-0.376667312538634,
0.767719911502272));
#12932=CARTESIAN_POINT('Ctrl Pts',(2.34281625109131,-0.358100334395321,
0.750825261299831));
#12933=CARTESIAN_POINT('Origin',(2.4638,0.,0.));
#12934=CARTESIAN_POINT('',(2.4638,-0.548937353836313,0.715353529077188));
#12935=CARTESIAN_POINT('',(2.4638,-0.510710664100946,0.743126844874797));
#12936=CARTESIAN_POINT('Origin',(2.4638,0.,0.));
#12937=CARTESIAN_POINT('Ctrl Pts',(2.4638,-0.510710664100946,0.743126844874797));
#12938=CARTESIAN_POINT('Ctrl Pts',(2.4234067453562,-0.490353625018593,0.728819678180119));
#12939=CARTESIAN_POINT('Ctrl Pts',(2.38307239592551,-0.469917997254475,
0.71445727843481));
#12940=CARTESIAN_POINT('Ctrl Pts',(2.34281625109131,-0.4493799641397,0.700022907003622));
#12941=CARTESIAN_POINT('Ctrl Pts',(2.34281625109131,-0.526895301410887,
0.643704717903427));
#12942=CARTESIAN_POINT('Ctrl Pts',(2.38307239592551,-0.534276603155643,
0.667698014204476));
#12943=CARTESIAN_POINT('Ctrl Pts',(2.4234067453562,-0.541621100753221,0.69157167675543));
#12944=CARTESIAN_POINT('Ctrl Pts',(2.4638,-0.548937353836313,0.715353529077188));
#12945=CARTESIAN_POINT('Origin',(2.4638,0.,0.));
#12946=CARTESIAN_POINT('',(2.4638,-0.634266389782554,0.640912659254134));
#12947=CARTESIAN_POINT('',(2.4638,-0.599822048389226,0.673258048794185));
#12948=CARTESIAN_POINT('Origin',(2.4638,0.,0.));
#12949=CARTESIAN_POINT('Ctrl Pts',(2.4638,-0.599822048389226,0.673258048794185));
#12950=CARTESIAN_POINT('Ctrl Pts',(2.4234067453562,-0.577832367175403,0.661615111916224));
#12951=CARTESIAN_POINT('Ctrl Pts',(2.38307239592551,-0.555757794438209,
0.649927227290341));
#12952=CARTESIAN_POINT('Ctrl Pts',(2.34281625109131,-0.533572603403018,
0.638180773290551));
#12953=CARTESIAN_POINT('Ctrl Pts',(2.34281625109131,-0.603418168338699,
0.572591422061813));
#12954=CARTESIAN_POINT('Ctrl Pts',(2.38307239592551,-0.613748423723786,
0.595470401639495));
#12955=CARTESIAN_POINT('Ctrl Pts',(2.4234067453562,-0.624027171088646,0.618235303597707));
#12956=CARTESIAN_POINT('Ctrl Pts',(2.4638,-0.634266389782554,0.640912659254134));
#12957=CARTESIAN_POINT('Origin',(2.4638,0.,0.));
#12958=CARTESIAN_POINT('',(2.4638,-0.709592665869548,0.556364213931978));
#12959=CARTESIAN_POINT('',(2.4638,-0.679473880658085,0.592771571099224));
#12960=CARTESIAN_POINT('Origin',(2.4638,0.,0.));
#12961=CARTESIAN_POINT('Ctrl Pts',(2.4638,-0.679473880658085,0.592771571099224));
#12962=CARTESIAN_POINT('Ctrl Pts',(2.4234067453562,-0.656198347721532,0.5839764801077));
#12963=CARTESIAN_POINT('Ctrl Pts',(2.38307239592551,-0.632832959210037,
0.575147435523797));
#12964=CARTESIAN_POINT('Ctrl Pts',(2.34281625109131,-0.609350483969846,
0.566274147551973));
#12965=CARTESIAN_POINT('Ctrl Pts',(2.34281625109131,-0.670424770287268,
0.492448017444749));
#12966=CARTESIAN_POINT('Ctrl Pts',(2.38307239592551,-0.683541065014268,
0.513851865123883));
#12967=CARTESIAN_POINT('Ctrl Pts',(2.4234067453562,-0.696591960160241,0.535148990386379));
#12968=CARTESIAN_POINT('Ctrl Pts',(2.4638,-0.709592665869548,0.556364213931978));
#12969=CARTESIAN_POINT('Origin',(2.4638,0.,0.));
#12970=CARTESIAN_POINT('',(2.4638,-0.773728241725668,0.463041572600242));
#12971=CARTESIAN_POINT('',(2.4638,-0.748410003930944,0.502936731623457));
#12972=CARTESIAN_POINT('Origin',(2.4638,0.,0.));
#12973=CARTESIAN_POINT('Ctrl Pts',(2.4638,-0.748410003930944,0.502936731623457));
#12974=CARTESIAN_POINT('Ctrl Pts',(2.4234067453562,-0.724215688330201,0.497128190357237));
#12975=CARTESIAN_POINT('Ctrl Pts',(2.38307239592551,-0.699927970179038,
0.491297225122618));
#12976=CARTESIAN_POINT('Ctrl Pts',(2.34281625109131,-0.675518543396135,
0.485437040230722));
#12977=CARTESIAN_POINT('Ctrl Pts',(2.34281625109131,-0.726858373116062,
0.404538413418394));
#12978=CARTESIAN_POINT('Ctrl Pts',(2.38307239592551,-0.742553855381836,
0.424129577735041));
#12979=CARTESIAN_POINT('Ctrl Pts',(2.4234067453562,-0.758171077896242,0.443623057914147));
#12980=CARTESIAN_POINT('Ctrl Pts',(2.4638,-0.773728241725668,0.463041572600242));
#12981=CARTESIAN_POINT('Origin',(2.4638,0.,0.));
#12982=CARTESIAN_POINT('',(2.4638,-0.825661661006927,0.362416489060974));
#12983=CARTESIAN_POINT('',(2.4638,-0.805543254363346,0.405170279450146));
#12984=CARTESIAN_POINT('Origin',(2.4638,0.,0.));
#12985=CARTESIAN_POINT('Ctrl Pts',(2.4638,-0.805543254363346,0.405170279450146));
#12986=CARTESIAN_POINT('Ctrl Pts',(2.4234067453562,-0.780811714908419,0.402439892074854));
#12987=CARTESIAN_POINT('Ctrl Pts',(2.38307239592551,-0.755984698941613,
0.399698963994519));
#12988=CARTESIAN_POINT('Ctrl Pts',(2.34281625109131,-0.73103327185785,0.396944300799));
#12989=CARTESIAN_POINT('Ctrl Pts',(2.34281625109131,-0.77182898519667,0.310248996952897));
#12990=CARTESIAN_POINT('Ctrl Pts',(2.38307239592551,-0.78985612786986,0.32771851354259));
#12991=CARTESIAN_POINT('Ctrl Pts',(2.4234067453562,-0.80779338482437,0.345100924811039));
#12992=CARTESIAN_POINT('Ctrl Pts',(2.4638,-0.825661661006927,0.362416489060974));
#12993=CARTESIAN_POINT('Origin',(2.4638,0.,0.));
#12994=CARTESIAN_POINT('',(2.4638,-0.864573902667737,0.256075880992097));
#12995=CARTESIAN_POINT('',(2.4638,-0.849972606466223,0.301014049932914));
#12996=CARTESIAN_POINT('Origin',(2.4638,0.,0.));
#12997=CARTESIAN_POINT('Ctrl Pts',(2.4638,-0.849972606466223,0.301014049932914));
#12998=CARTESIAN_POINT('Ctrl Pts',(2.4234067453562,-0.825093874308223,0.301404876288513));
#12999=CARTESIAN_POINT('Ctrl Pts',(2.38307239592551,-0.80011909739851,0.301797211435639));
#13000=CARTESIAN_POINT('Ctrl Pts',(2.34281625109131,-0.775019168924257,
0.302191512620646));
#13001=CARTESIAN_POINT('Ctrl Pts',(2.34281625109131,-0.804627393112439,
0.211066768471685));
#13002=CARTESIAN_POINT('Ctrl Pts',(2.38307239592551,-0.824701897384196,
0.226139132622021));
#13003=CARTESIAN_POINT('Ctrl Pts',(2.4234067453562,-0.844676307521441,0.241136343970361));
#13004=CARTESIAN_POINT('Ctrl Pts',(2.4638,-0.864573902667737,0.256075880992097));
#13005=CARTESIAN_POINT('Origin',(2.4638,0.,0.));
#13006=CARTESIAN_POINT('',(2.4638,-0.889851297412061,0.145696803307658));
#13007=CARTESIAN_POINT('',(2.4638,-0.880997382816104,0.192110649031162));
#13008=CARTESIAN_POINT('Origin',(2.4638,0.,0.));
#13009=CARTESIAN_POINT('Ctrl Pts',(2.4638,-0.880997382816104,0.192110649031162));
#13010=CARTESIAN_POINT('Ctrl Pts',(2.4234067453562,-0.856363810422997,0.195616525552556));
#13011=CARTESIAN_POINT('Ctrl Pts',(2.38307239592551,-0.831635139721451,
0.199135936567503));
#13012=CARTESIAN_POINT('Ctrl Pts',(2.34281625109131,-0.806782550722718,
0.202672983767806));
#13013=CARTESIAN_POINT('Ctrl Pts',(2.34281625109131,-0.82473634637772,0.108555890966499));
#13014=CARTESIAN_POINT('Ctrl Pts',(2.38307239592551,-0.84654162532375,0.120993402491032));
#13015=CARTESIAN_POINT('Ctrl Pts',(2.4234067453562,-0.86823818026373,0.1333688989374));
#13016=CARTESIAN_POINT('Ctrl Pts',(2.4638,-0.889851297412061,0.145696803307658));
#13017=CARTESIAN_POINT('Origin',(2.4638,0.,0.));
#13018=CARTESIAN_POINT('',(2.4638,-0.9010952056248,0.03302));
#13019=CARTESIAN_POINT('',(2.4638,-0.898128304156649,0.0801775484328501));
#13020=CARTESIAN_POINT('Origin',(2.4638,0.,0.));
#13021=CARTESIAN_POINT('Ctrl Pts',(2.4638,-0.898128304156649,0.0801775484328501));
#13022=CARTESIAN_POINT('Ctrl Pts',(2.4234067453562,-0.874128377680456,0.0867431853529862));
#13023=CARTESIAN_POINT('Ctrl Pts',(2.38307239592551,-0.850035799096232,
0.0933341690216555));
#13024=CARTESIAN_POINT('Ctrl Pts',(2.34281625109131,-0.825822489747747,
0.0999581808899747));
#13025=CARTESIAN_POINT('Ctrl Pts',(2.34281625109131,-0.83183871478701,0.00433302221261977));
#13026=CARTESIAN_POINT('Ctrl Pts',(2.38307239592551,-0.855030886132494,
0.0139395341247996));
#13027=CARTESIAN_POINT('Ctrl Pts',(2.4234067453562,-0.878107418242911,0.0234981466974729));
#13028=CARTESIAN_POINT('Ctrl Pts',(2.4638,-0.9010952056248,0.03302));
#13029=CARTESIAN_POINT('Origin',(2.4638,0.,0.));
#13030=CARTESIAN_POINT('',(2.4638,-0.89812830415665,-0.0801775484328376));
#13031=CARTESIAN_POINT('',(2.4638,-0.9010952056248,-0.03302));
#13032=CARTESIAN_POINT('Origin',(2.4638,0.,0.));
#13033=CARTESIAN_POINT('Ctrl Pts',(2.4638,-0.9010952056248,-0.03302));
#13034=CARTESIAN_POINT('Ctrl Pts',(2.4234067453562,-0.878107418242911,-0.0234981466974729));
#13035=CARTESIAN_POINT('Ctrl Pts',(2.38307239592551,-0.855030886132493,
-0.0139395341247995));
#13036=CARTESIAN_POINT('Ctrl Pts',(2.34281625109131,-0.83183871478701,-0.00433302221261974));
#13037=CARTESIAN_POINT('Ctrl Pts',(2.34281625109131,-0.825822489747748,
-0.0999581808899631));
#13038=CARTESIAN_POINT('Ctrl Pts',(2.38307239592551,-0.850035799096234,
-0.0933341690216435));
#13039=CARTESIAN_POINT('Ctrl Pts',(2.4234067453562,-0.874128377680457,-0.0867431853529739));
#13040=CARTESIAN_POINT('Ctrl Pts',(2.4638,-0.89812830415665,-0.0801775484328376));
#13041=CARTESIAN_POINT('Origin',(2.4638,0.,0.));
#13042=CARTESIAN_POINT('',(2.4638,-0.880997382816107,-0.19211064903115));
#13043=CARTESIAN_POINT('',(2.4638,-0.889851297412064,-0.145696803307646));
#13044=CARTESIAN_POINT('Origin',(2.4638,0.,0.));
#13045=CARTESIAN_POINT('Ctrl Pts',(2.4638,-0.889851297412064,-0.145696803307646));
#13046=CARTESIAN_POINT('Ctrl Pts',(2.4234067453562,-0.868238180263732,-0.133368898937388));
#13047=CARTESIAN_POINT('Ctrl Pts',(2.38307239592551,-0.846541625323752,
-0.12099340249102));
#13048=CARTESIAN_POINT('Ctrl Pts',(2.34281625109131,-0.824736346377721,
-0.108555890966488));
#13049=CARTESIAN_POINT('Ctrl Pts',(2.34281625109131,-0.806782550722721,
-0.202672983767794));
#13050=CARTESIAN_POINT('Ctrl Pts',(2.38307239592551,-0.831635139721453,
-0.199135936567491));
#13051=CARTESIAN_POINT('Ctrl Pts',(2.4234067453562,-0.856363810422999,-0.195616525552543));
#13052=CARTESIAN_POINT('Ctrl Pts',(2.4638,-0.880997382816107,-0.19211064903115));
#13053=CARTESIAN_POINT('Origin',(2.4638,0.,0.));
#13054=CARTESIAN_POINT('',(2.4638,-0.849972606466227,-0.301014049932902));
#13055=CARTESIAN_POINT('',(2.4638,-0.86457390266774,-0.256075880992085));
#13056=CARTESIAN_POINT('Origin',(2.4638,0.,0.));
#13057=CARTESIAN_POINT('Ctrl Pts',(2.4638,-0.86457390266774,-0.256075880992085));
#13058=CARTESIAN_POINT('Ctrl Pts',(2.4234067453562,-0.844676307521444,-0.241136343970349));
#13059=CARTESIAN_POINT('Ctrl Pts',(2.38307239592551,-0.8247018973842,-0.226139132622009));
#13060=CARTESIAN_POINT('Ctrl Pts',(2.34281625109131,-0.804627393112442,
-0.211066768471674));
#13061=CARTESIAN_POINT('Ctrl Pts',(2.34281625109131,-0.775019168924261,
-0.302191512620635));
#13062=CARTESIAN_POINT('Ctrl Pts',(2.38307239592551,-0.800119097398514,
-0.301797211435627));
#13063=CARTESIAN_POINT('Ctrl Pts',(2.4234067453562,-0.825093874308227,-0.301404876288501));
#13064=CARTESIAN_POINT('Ctrl Pts',(2.4638,-0.849972606466227,-0.301014049932902));
#13065=CARTESIAN_POINT('Origin',(2.4638,0.,0.));
#13066=CARTESIAN_POINT('',(2.4638,-0.805543254363352,-0.405170279450135));
#13067=CARTESIAN_POINT('',(2.4638,-0.825661661006932,-0.362416489060962));
#13068=CARTESIAN_POINT('Origin',(2.4638,0.,0.));
#13069=CARTESIAN_POINT('Ctrl Pts',(2.4638,-0.825661661006932,-0.362416489060962));
#13070=CARTESIAN_POINT('Ctrl Pts',(2.4234067453562,-0.807793384824375,-0.345100924811027));
#13071=CARTESIAN_POINT('Ctrl Pts',(2.38307239592551,-0.789856127869865,
-0.327718513542578));
#13072=CARTESIAN_POINT('Ctrl Pts',(2.34281625109131,-0.771828985196674,
-0.310248996952886));
#13073=CARTESIAN_POINT('Ctrl Pts',(2.34281625109131,-0.731033271857856,
-0.39694430079899));
#13074=CARTESIAN_POINT('Ctrl Pts',(2.38307239592551,-0.755984698941619,
-0.399698963994508));
#13075=CARTESIAN_POINT('Ctrl Pts',(2.4234067453562,-0.780811714908425,-0.402439892074843));
#13076=CARTESIAN_POINT('Ctrl Pts',(2.4638,-0.805543254363352,-0.405170279450135));
#13077=CARTESIAN_POINT('Origin',(2.4638,0.,0.));
#13078=CARTESIAN_POINT('',(2.4638,-0.748410003930951,-0.502936731623446));
#13079=CARTESIAN_POINT('',(2.4638,-0.773728241725675,-0.463041572600232));
#13080=CARTESIAN_POINT('Origin',(2.4638,0.,0.));
#13081=CARTESIAN_POINT('Ctrl Pts',(2.4638,-0.773728241725675,-0.463041572600232));
#13082=CARTESIAN_POINT('Ctrl Pts',(2.4234067453562,-0.758171077896248,-0.443623057914136));
#13083=CARTESIAN_POINT('Ctrl Pts',(2.38307239592551,-0.742553855381842,
-0.424129577735031));
#13084=CARTESIAN_POINT('Ctrl Pts',(2.34281625109131,-0.726858373116068,
-0.404538413418384));
#13085=CARTESIAN_POINT('Ctrl Pts',(2.34281625109131,-0.675518543396143,
-0.485437040230712));
#13086=CARTESIAN_POINT('Ctrl Pts',(2.38307239592551,-0.699927970179046,
-0.491297225122608));
#13087=CARTESIAN_POINT('Ctrl Pts',(2.4234067453562,-0.724215688330208,-0.497128190357227));
#13088=CARTESIAN_POINT('Ctrl Pts',(2.4638,-0.748410003930951,-0.502936731623446));
#13089=CARTESIAN_POINT('Origin',(2.4638,0.,0.));
#13090=CARTESIAN_POINT('',(2.4638,-0.679473880658093,-0.592771571099214));
#13091=CARTESIAN_POINT('',(2.4638,-0.709592665869556,-0.556364213931968));
#13092=CARTESIAN_POINT('Origin',(2.4638,0.,0.));
#13093=CARTESIAN_POINT('Ctrl Pts',(2.4638,-0.709592665869556,-0.556364213931968));
#13094=CARTESIAN_POINT('Ctrl Pts',(2.4234067453562,-0.696591960160249,-0.535148990386369));
#13095=CARTESIAN_POINT('Ctrl Pts',(2.38307239592551,-0.683541065014276,
-0.513851865123873));
#13096=CARTESIAN_POINT('Ctrl Pts',(2.34281625109131,-0.670424770287275,
-0.492448017444739));
#13097=CARTESIAN_POINT('Ctrl Pts',(2.34281625109131,-0.609350483969854,
-0.566274147551964));
#13098=CARTESIAN_POINT('Ctrl Pts',(2.38307239592551,-0.632832959210046,
-0.575147435523788));
#13099=CARTESIAN_POINT('Ctrl Pts',(2.4234067453562,-0.656198347721541,-0.58397648010769));
#13100=CARTESIAN_POINT('Ctrl Pts',(2.4638,-0.679473880658093,-0.592771571099214));
#13101=CARTESIAN_POINT('Origin',(2.4638,0.,0.));
#13102=CARTESIAN_POINT('',(2.4638,-0.599822048389236,-0.673258048794176));
#13103=CARTESIAN_POINT('',(2.4638,-0.634266389782563,-0.640912659254125));
#13104=CARTESIAN_POINT('Origin',(2.4638,0.,0.));
#13105=CARTESIAN_POINT('Ctrl Pts',(2.4638,-0.634266389782563,-0.640912659254125));
#13106=CARTESIAN_POINT('Ctrl Pts',(2.4234067453562,-0.624027171088655,-0.618235303597698));
#13107=CARTESIAN_POINT('Ctrl Pts',(2.38307239592551,-0.613748423723795,
-0.595470401639486));
#13108=CARTESIAN_POINT('Ctrl Pts',(2.34281625109131,-0.603418168338708,
-0.572591422061804));
#13109=CARTESIAN_POINT('Ctrl Pts',(2.34281625109131,-0.533572603403027,
-0.638180773290544));
#13110=CARTESIAN_POINT('Ctrl Pts',(2.38307239592551,-0.555757794438218,
-0.649927227290334));
#13111=CARTESIAN_POINT('Ctrl Pts',(2.4234067453562,-0.577832367175412,-0.661615111916216));
#13112=CARTESIAN_POINT('Ctrl Pts',(2.4638,-0.599822048389236,-0.673258048794176));
#13113=CARTESIAN_POINT('Origin',(2.4638,0.,0.));
#13114=CARTESIAN_POINT('',(2.4638,-0.510710664100956,-0.74312684487479));
#13115=CARTESIAN_POINT('',(2.4638,-0.548937353836323,-0.71535352907718));
#13116=CARTESIAN_POINT('Origin',(2.4638,0.,0.));
#13117=CARTESIAN_POINT('Ctrl Pts',(2.4638,-0.548937353836323,-0.71535352907718));
#13118=CARTESIAN_POINT('Ctrl Pts',(2.4234067453562,-0.54162110075323,-0.691571676755423));
#13119=CARTESIAN_POINT('Ctrl Pts',(2.38307239592551,-0.534276603155652,
-0.667698014204469));
#13120=CARTESIAN_POINT('Ctrl Pts',(2.34281625109131,-0.526895301410896,
-0.643704717903419));
#13121=CARTESIAN_POINT('Ctrl Pts',(2.34281625109131,-0.44937996413971,-0.700022907003616));
#13122=CARTESIAN_POINT('Ctrl Pts',(2.38307239592551,-0.469917997254485,
-0.714457278434804));
#13123=CARTESIAN_POINT('Ctrl Pts',(2.4234067453562,-0.490353625018603,-0.728819678180112));
#13124=CARTESIAN_POINT('Ctrl Pts',(2.4638,-0.510710664100956,-0.74312684487479));
#13125=CARTESIAN_POINT('Origin',(2.4638,0.,0.));
#13126=CARTESIAN_POINT('',(2.4638,-0.413545067556042,-0.801276086689269));
#13127=CARTESIAN_POINT('',(2.4638,-0.454951247900803,-0.778512846415203));
#13128=CARTESIAN_POINT('Origin',(2.4638,0.,0.));
#13129=CARTESIAN_POINT('Ctrl Pts',(2.4638,-0.454951247900803,-0.778512846415203));
#13130=CARTESIAN_POINT('Ctrl Pts',(2.4234067453562,-0.450673342110165,-0.754001551445819));
#13131=CARTESIAN_POINT('Ctrl Pts',(2.38307239592551,-0.446378921394372,
-0.729395630221988));
#13132=CARTESIAN_POINT('Ctrl Pts',(2.34281625109131,-0.442062980827839,
-0.704666405813138));
#13133=CARTESIAN_POINT('Ctrl Pts',(2.34281625109131,-0.358100334395332,
-0.750825261299826));
#13134=CARTESIAN_POINT('Ctrl Pts',(2.38307239592551,-0.376667312538644,
-0.767719911502267));
#13135=CARTESIAN_POINT('Ctrl Pts',(2.4234067453562,-0.395141713272194,-0.784530322743336));
#13136=CARTESIAN_POINT('Ctrl Pts',(2.4638,-0.413545067556042,-0.801276086689269));
#13137=CARTESIAN_POINT('Origin',(2.4638,0.,0.));
#13138=CARTESIAN_POINT('',(2.4638,-0.309857618255921,-0.846788725957525));
#13139=CARTESIAN_POINT('',(2.4638,-0.353790289011186,-0.829394551104226));
#13140=CARTESIAN_POINT('Origin',(2.4638,0.,0.));
#13141=CARTESIAN_POINT('Ctrl Pts',(2.4638,-0.353790289011186,-0.829394551104226));
#13142=CARTESIAN_POINT('Ctrl Pts',(2.4234067453562,-0.352618195642817,-0.80454037125122));
#13143=CARTESIAN_POINT('Ctrl Pts',(2.38307239592551,-0.351441577388861,
-0.779590241431076));
#13144=CARTESIAN_POINT('Ctrl Pts',(2.34281625109131,-0.350259062961503,
-0.754515083555876));
#13145=CARTESIAN_POINT('Ctrl Pts',(2.34281625109131,-0.261173248458768,
-0.789786652704067));
#13146=CARTESIAN_POINT('Ctrl Pts',(2.38307239592551,-0.277476359293924,
-0.808875142951694));
#13147=CARTESIAN_POINT('Ctrl Pts',(2.4234067453562,-0.293698180661264,-0.827868455461199));
#13148=CARTESIAN_POINT('Ctrl Pts',(2.4638,-0.309857618255921,-0.846788725957525));
#13149=CARTESIAN_POINT('Origin',(2.4638,0.,0.));
#13150=CARTESIAN_POINT('',(2.4638,-0.201283529215934,-0.878947001170365));
#13151=CARTESIAN_POINT('',(2.4638,-0.247049845919789,-0.867196208266047));
#13152=CARTESIAN_POINT('Origin',(2.4638,0.,0.));
#13153=CARTESIAN_POINT('Ctrl Pts',(2.4638,-0.247049845919789,-0.867196208266047));
#13154=CARTESIAN_POINT('Ctrl Pts',(2.4234067453562,-0.249002049586282,-0.842391108792869));
#13155=CARTESIAN_POINT('Ctrl Pts',(2.38307239592551,-0.250961789766905,
-0.817490248828159));
#13156=CARTESIAN_POINT('Ctrl Pts',(2.34281625109131,-0.252931350437641,
-0.792464607705474));
#13157=CARTESIAN_POINT('Ctrl Pts',(2.34281625109131,-0.160127304376673,
-0.816292636799488));
#13158=CARTESIAN_POINT('Ctrl Pts',(2.38307239592551,-0.173909438106795,
-0.837273930198183));
#13159=CARTESIAN_POINT('Ctrl Pts',(2.4234067453562,-0.187622852294517,-0.858150608091795));
#13160=CARTESIAN_POINT('Ctrl Pts',(2.4638,-0.201283529215934,-0.878947001170365));
#13161=CARTESIAN_POINT('Origin',(2.4638,0.,0.));
#13162=CARTESIAN_POINT('',(2.4638,-0.0895350786792594,-0.897243757117261));
#13163=CARTESIAN_POINT('',(2.4638,-0.136413279177811,-0.891321663185607));
#13164=CARTESIAN_POINT('Origin',(2.4638,0.,0.));
#13165=CARTESIAN_POINT('Ctrl Pts',(2.4638,-0.136413279177811,-0.891321663185607));
#13166=CARTESIAN_POINT('Ctrl Pts',(2.4234067453562,-0.141458992461157,-0.866956835328797));
#13167=CARTESIAN_POINT('Ctrl Pts',(2.38307239592551,-0.146524184803019,
-0.842497946656218));
#13168=CARTESIAN_POINT('Ctrl Pts',(2.34281625109131,-0.151614759423512,
-0.817916491596147));
#13169=CARTESIAN_POINT('Ctrl Pts',(2.34281625109131,-0.0565560570491436,
-0.829925198382995));
#13170=CARTESIAN_POINT('Ctrl Pts',(2.38307239592551,-0.0675998611922594,
-0.852468407402245));
#13171=CARTESIAN_POINT('Ctrl Pts',(2.4234067453562,-0.0785885994666262,
-0.874899212998458));
#13172=CARTESIAN_POINT('Ctrl Pts',(2.4638,-0.0895350786792594,-0.897243757117261));
#13173=CARTESIAN_POINT('Origin',(2.4638,0.,0.));
#13174=CARTESIAN_POINT('',(2.4638,0.136413279177805,-0.891321663185608));
#13175=CARTESIAN_POINT('',(2.4638,0.0895350786792531,-0.897243757117262));
#13176=CARTESIAN_POINT('Origin',(2.4638,0.,0.));
#13177=CARTESIAN_POINT('Ctrl Pts',(2.4638,0.0895350786792531,-0.897243757117262));
#13178=CARTESIAN_POINT('Ctrl Pts',(2.4234067453562,0.07858859946662,-0.874899212998459));
#13179=CARTESIAN_POINT('Ctrl Pts',(2.38307239592551,0.0675998611922534,
-0.852468407402246));
#13180=CARTESIAN_POINT('Ctrl Pts',(2.34281625109131,0.0565560570491378,
-0.829925198382996));
#13181=CARTESIAN_POINT('Ctrl Pts',(2.34281625109131,0.151614759423506,-0.817916491596148));
#13182=CARTESIAN_POINT('Ctrl Pts',(2.38307239592551,0.146524184803013,-0.842497946656219));
#13183=CARTESIAN_POINT('Ctrl Pts',(2.4234067453562,0.141458992461151,-0.866956835328798));
#13184=CARTESIAN_POINT('Ctrl Pts',(2.4638,0.136413279177805,-0.891321663185608));
#13185=CARTESIAN_POINT('Origin',(2.4638,0.,0.));
#13186=CARTESIAN_POINT('',(2.4638,0.247049845919782,-0.867196208266048));
#13187=CARTESIAN_POINT('',(2.4638,0.201283529215927,-0.878947001170367));
#13188=CARTESIAN_POINT('Origin',(2.4638,0.,0.));
#13189=CARTESIAN_POINT('Ctrl Pts',(2.4638,0.201283529215927,-0.878947001170367));
#13190=CARTESIAN_POINT('Ctrl Pts',(2.4234067453562,0.187622852294511,-0.858150608091796));
#13191=CARTESIAN_POINT('Ctrl Pts',(2.38307239592551,0.173909438106789,-0.837273930198184));
#13192=CARTESIAN_POINT('Ctrl Pts',(2.34281625109131,0.160127304376668,-0.816292636799489));
#13193=CARTESIAN_POINT('Ctrl Pts',(2.34281625109131,0.252931350437635,-0.792464607705476));
#13194=CARTESIAN_POINT('Ctrl Pts',(2.38307239592551,0.250961789766899,-0.817490248828161));
#13195=CARTESIAN_POINT('Ctrl Pts',(2.4234067453562,0.249002049586276,-0.84239110879287));
#13196=CARTESIAN_POINT('Ctrl Pts',(2.4638,0.247049845919782,-0.867196208266048));
#13197=CARTESIAN_POINT('Origin',(2.4638,0.,0.));
#13198=CARTESIAN_POINT('',(2.4638,0.353790289011181,-0.829394551104229));
#13199=CARTESIAN_POINT('',(2.4638,0.309857618255914,-0.846788725957527));
#13200=CARTESIAN_POINT('Origin',(2.4638,0.,0.));
#13201=CARTESIAN_POINT('Ctrl Pts',(2.4638,0.309857618255914,-0.846788725957527));
#13202=CARTESIAN_POINT('Ctrl Pts',(2.4234067453562,0.293698180661258,-0.827868455461201));
#13203=CARTESIAN_POINT('Ctrl Pts',(2.38307239592551,0.277476359293918,-0.808875142951696));
#13204=CARTESIAN_POINT('Ctrl Pts',(2.34281625109131,0.261173248458762,-0.789786652704069));
#13205=CARTESIAN_POINT('Ctrl Pts',(2.34281625109131,0.350259062961497,-0.754515083555878));
#13206=CARTESIAN_POINT('Ctrl Pts',(2.38307239592551,0.351441577388856,-0.779590241431078));
#13207=CARTESIAN_POINT('Ctrl Pts',(2.4234067453562,0.352618195642811,-0.804540371251223));
#13208=CARTESIAN_POINT('Ctrl Pts',(2.4638,0.353790289011181,-0.829394551104229));
#13209=CARTESIAN_POINT('Origin',(2.4638,0.,0.));
#13210=CARTESIAN_POINT('',(2.4638,0.454951247900798,-0.778512846415206));
#13211=CARTESIAN_POINT('',(2.4638,0.413545067556037,-0.801276086689272));
#13212=CARTESIAN_POINT('Origin',(2.4638,0.,0.));
#13213=CARTESIAN_POINT('Ctrl Pts',(2.4638,0.413545067556037,-0.801276086689272));
#13214=CARTESIAN_POINT('Ctrl Pts',(2.4234067453562,0.395141713272188,-0.784530322743339));
#13215=CARTESIAN_POINT('Ctrl Pts',(2.38307239592551,0.376667312538639,-0.767719911502269));
#13216=CARTESIAN_POINT('Ctrl Pts',(2.34281625109131,0.358100334395326,-0.750825261299828));
#13217=CARTESIAN_POINT('Ctrl Pts',(2.34281625109131,0.442062980827834,-0.704666405813141));
#13218=CARTESIAN_POINT('Ctrl Pts',(2.38307239592551,0.446378921394367,-0.729395630221991));
#13219=CARTESIAN_POINT('Ctrl Pts',(2.4234067453562,0.45067334211016,-0.754001551445822));
#13220=CARTESIAN_POINT('Ctrl Pts',(2.4638,0.454951247900798,-0.778512846415206));
#13221=CARTESIAN_POINT('Origin',(2.4638,0.,0.));
#13222=CARTESIAN_POINT('',(2.4638,0.548937353836318,-0.715353529077184));
#13223=CARTESIAN_POINT('',(2.4638,0.510710664100951,-0.743126844874794));
#13224=CARTESIAN_POINT('Origin',(2.4638,0.,0.));
#13225=CARTESIAN_POINT('Ctrl Pts',(2.4638,0.510710664100951,-0.743126844874794));
#13226=CARTESIAN_POINT('Ctrl Pts',(2.4234067453562,0.490353625018598,-0.728819678180116));
#13227=CARTESIAN_POINT('Ctrl Pts',(2.38307239592551,0.46991799725448,-0.714457278434807));
#13228=CARTESIAN_POINT('Ctrl Pts',(2.34281625109131,0.449379964139705,-0.700022907003619));
#13229=CARTESIAN_POINT('Ctrl Pts',(2.34281625109131,0.526895301410892,-0.643704717903423));
#13230=CARTESIAN_POINT('Ctrl Pts',(2.38307239592551,0.534276603155647,-0.667698014204473));
#13231=CARTESIAN_POINT('Ctrl Pts',(2.4234067453562,0.541621100753226,-0.691571676755426));
#13232=CARTESIAN_POINT('Ctrl Pts',(2.4638,0.548937353836318,-0.715353529077184));
#13233=CARTESIAN_POINT('Origin',(2.4638,0.,0.));
#13234=CARTESIAN_POINT('',(2.4638,0.634266389782558,-0.640912659254129));
#13235=CARTESIAN_POINT('',(2.4638,0.599822048389231,-0.67325804879418));
#13236=CARTESIAN_POINT('Origin',(2.4638,0.,0.));
#13237=CARTESIAN_POINT('Ctrl Pts',(2.4638,0.599822048389231,-0.67325804879418));
#13238=CARTESIAN_POINT('Ctrl Pts',(2.4234067453562,0.577832367175408,-0.66161511191622));
#13239=CARTESIAN_POINT('Ctrl Pts',(2.38307239592551,0.555757794438213,-0.649927227290338));
#13240=CARTESIAN_POINT('Ctrl Pts',(2.34281625109131,0.533572603403022,-0.638180773290547));
#13241=CARTESIAN_POINT('Ctrl Pts',(2.34281625109131,0.603418168338703,-0.572591422061809));
#13242=CARTESIAN_POINT('Ctrl Pts',(2.38307239592551,0.61374842372379,-0.595470401639491));
#13243=CARTESIAN_POINT('Ctrl Pts',(2.4234067453562,0.624027171088651,-0.618235303597703));
#13244=CARTESIAN_POINT('Ctrl Pts',(2.4638,0.634266389782558,-0.640912659254129));
#13245=CARTESIAN_POINT('Origin',(2.4638,0.,0.));
#13246=CARTESIAN_POINT('',(2.4638,0.709592665869553,-0.556364213931973));
#13247=CARTESIAN_POINT('',(2.4638,0.679473880658089,-0.592771571099219));
#13248=CARTESIAN_POINT('Origin',(2.4638,0.,0.));
#13249=CARTESIAN_POINT('Ctrl Pts',(2.4638,0.679473880658089,-0.592771571099219));
#13250=CARTESIAN_POINT('Ctrl Pts',(2.4234067453562,0.656198347721536,-0.583976480107695));
#13251=CARTESIAN_POINT('Ctrl Pts',(2.38307239592551,0.632832959210042,-0.575147435523793));
#13252=CARTESIAN_POINT('Ctrl Pts',(2.34281625109131,0.60935048396985,-0.566274147551969));
#13253=CARTESIAN_POINT('Ctrl Pts',(2.34281625109131,0.670424770287272,-0.492448017444744));
#13254=CARTESIAN_POINT('Ctrl Pts',(2.38307239592551,0.683541065014272,-0.513851865123878));
#13255=CARTESIAN_POINT('Ctrl Pts',(2.4234067453562,0.696591960160245,-0.535148990386374));
#13256=CARTESIAN_POINT('Ctrl Pts',(2.4638,0.709592665869553,-0.556364213931973));
#13257=CARTESIAN_POINT('Origin',(2.4638,0.,0.));
#13258=CARTESIAN_POINT('',(2.4638,0.773728241725671,-0.463041572600237));
#13259=CARTESIAN_POINT('',(2.4638,0.748410003930948,-0.502936731623451));
#13260=CARTESIAN_POINT('Origin',(2.4638,0.,0.));
#13261=CARTESIAN_POINT('Ctrl Pts',(2.4638,0.748410003930948,-0.502936731623451));
#13262=CARTESIAN_POINT('Ctrl Pts',(2.4234067453562,0.724215688330204,-0.497128190357232));
#13263=CARTESIAN_POINT('Ctrl Pts',(2.38307239592551,0.699927970179042,-0.491297225122613));
#13264=CARTESIAN_POINT('Ctrl Pts',(2.34281625109131,0.675518543396139,-0.485437040230717));
#13265=CARTESIAN_POINT('Ctrl Pts',(2.34281625109131,0.726858373116065,-0.404538413418389));
#13266=CARTESIAN_POINT('Ctrl Pts',(2.38307239592551,0.742553855381839,-0.424129577735036));
#13267=CARTESIAN_POINT('Ctrl Pts',(2.4234067453562,0.758171077896245,-0.443623057914141));
#13268=CARTESIAN_POINT('Ctrl Pts',(2.4638,0.773728241725671,-0.463041572600237));
#13269=CARTESIAN_POINT('Origin',(2.4638,0.,0.));
#13270=CARTESIAN_POINT('',(2.4638,0.825661661006929,-0.362416489060968));
#13271=CARTESIAN_POINT('',(2.4638,0.805543254363349,-0.40517027945014));
#13272=CARTESIAN_POINT('Origin',(2.4638,0.,0.));
#13273=CARTESIAN_POINT('Ctrl Pts',(2.4638,0.805543254363349,-0.40517027945014));
#13274=CARTESIAN_POINT('Ctrl Pts',(2.4234067453562,0.780811714908422,-0.402439892074849));
#13275=CARTESIAN_POINT('Ctrl Pts',(2.38307239592551,0.755984698941616,-0.399698963994514));
#13276=CARTESIAN_POINT('Ctrl Pts',(2.34281625109131,0.731033271857853,-0.396944300798995));
#13277=CARTESIAN_POINT('Ctrl Pts',(2.34281625109131,0.771828985196672,-0.310248996952891));
#13278=CARTESIAN_POINT('Ctrl Pts',(2.38307239592551,0.789856127869862,-0.327718513542584));
#13279=CARTESIAN_POINT('Ctrl Pts',(2.4234067453562,0.807793384824373,-0.345100924811033));
#13280=CARTESIAN_POINT('Ctrl Pts',(2.4638,0.825661661006929,-0.362416489060968));
#13281=CARTESIAN_POINT('Origin',(2.4638,0.,0.));
#13282=CARTESIAN_POINT('',(2.4638,0.864573902667738,-0.256075880992091));
#13283=CARTESIAN_POINT('',(2.4638,0.849972606466225,-0.301014049932908));
#13284=CARTESIAN_POINT('Origin',(2.4638,0.,0.));
#13285=CARTESIAN_POINT('Ctrl Pts',(2.4638,0.849972606466225,-0.301014049932908));
#13286=CARTESIAN_POINT('Ctrl Pts',(2.4234067453562,0.825093874308225,-0.301404876288507));
#13287=CARTESIAN_POINT('Ctrl Pts',(2.38307239592551,0.800119097398512,-0.301797211435633));
#13288=CARTESIAN_POINT('Ctrl Pts',(2.34281625109131,0.775019168924259,-0.302191512620641));
#13289=CARTESIAN_POINT('Ctrl Pts',(2.34281625109131,0.804627393112441,-0.21106676847168));
#13290=CARTESIAN_POINT('Ctrl Pts',(2.38307239592551,0.824701897384198,-0.226139132622015));
#13291=CARTESIAN_POINT('Ctrl Pts',(2.4234067453562,0.844676307521442,-0.241136343970355));
#13292=CARTESIAN_POINT('Ctrl Pts',(2.4638,0.864573902667738,-0.256075880992091));
#13293=CARTESIAN_POINT('Origin',(2.4638,0.,0.));
#13294=CARTESIAN_POINT('',(2.4638,-0.353790289011175,0.829394551104231));
#13295=CARTESIAN_POINT('Ctrl Pts',(2.34281625109131,-0.350259062961492,
0.754515083555881));
#13296=CARTESIAN_POINT('Ctrl Pts',(2.38307239592551,-0.35144157738885,0.779590241431081));
#13297=CARTESIAN_POINT('Ctrl Pts',(2.4234067453562,-0.352618195642806,0.804540371251225));
#13298=CARTESIAN_POINT('Ctrl Pts',(2.4638,-0.353790289011175,0.829394551104231));
#13299=CARTESIAN_POINT('',(2.4638,-0.309857618255909,0.846788725957529));
#13300=CARTESIAN_POINT('Origin',(2.4638,0.,0.));
#13301=CARTESIAN_POINT('Ctrl Pts',(2.4638,-0.309857618255909,0.846788725957529));
#13302=CARTESIAN_POINT('Ctrl Pts',(2.4234067453562,-0.293698180661253,0.827868455461203));
#13303=CARTESIAN_POINT('Ctrl Pts',(2.38307239592551,-0.277476359293912,
0.808875142951697));
#13304=CARTESIAN_POINT('Ctrl Pts',(2.34281625109131,-0.261173248458757,
0.789786652704071));
#13305=CARTESIAN_POINT('Origin',(2.4638,0.,0.));
#13306=CARTESIAN_POINT('',(2.4638,-0.247049845919776,0.86719620826605));
#13307=CARTESIAN_POINT('Ctrl Pts',(2.34281625109131,-0.25293135043763,0.792464607705478));
#13308=CARTESIAN_POINT('Ctrl Pts',(2.38307239592551,-0.250961789766894,
0.817490248828162));
#13309=CARTESIAN_POINT('Ctrl Pts',(2.4234067453562,-0.24900204958627,0.842391108792872));
#13310=CARTESIAN_POINT('Ctrl Pts',(2.4638,-0.247049845919776,0.86719620826605));
#13311=CARTESIAN_POINT('',(2.4638,-0.201283529215922,0.878947001170368));
#13312=CARTESIAN_POINT('Origin',(2.4638,0.,0.));
#13313=CARTESIAN_POINT('Ctrl Pts',(2.4638,-0.201283529215922,0.878947001170368));
#13314=CARTESIAN_POINT('Ctrl Pts',(2.4234067453562,-0.187622852294505,0.858150608091798));
#13315=CARTESIAN_POINT('Ctrl Pts',(2.38307239592551,-0.173909438106783,
0.837273930198186));
#13316=CARTESIAN_POINT('Ctrl Pts',(2.34281625109131,-0.160127304376662,
0.81629263679949));
#13317=CARTESIAN_POINT('Origin',(2.4638,0.,0.));
#13318=CARTESIAN_POINT('',(2.4638,-0.136413279177799,0.891321663185609));
#13319=CARTESIAN_POINT('Ctrl Pts',(2.34281625109131,-0.151614759423501,
0.817916491596149));
#13320=CARTESIAN_POINT('Ctrl Pts',(2.38307239592551,-0.146524184803007,
0.84249794665622));
#13321=CARTESIAN_POINT('Ctrl Pts',(2.4234067453562,-0.141458992461145,0.866956835328798));
#13322=CARTESIAN_POINT('Ctrl Pts',(2.4638,-0.136413279177799,0.891321663185609));
#13323=CARTESIAN_POINT('',(2.4638,-0.0895350786792465,0.897243757117263));
#13324=CARTESIAN_POINT('Origin',(2.4638,0.,0.));
#13325=CARTESIAN_POINT('Ctrl Pts',(2.4638,-0.0895350786792465,0.897243757117263));
#13326=CARTESIAN_POINT('Ctrl Pts',(2.4234067453562,-0.0785885994666135,
0.87489921299846));
#13327=CARTESIAN_POINT('Ctrl Pts',(2.38307239592551,-0.0675998611922471,
0.852468407402246));
#13328=CARTESIAN_POINT('Ctrl Pts',(2.34281625109131,-0.0565560570491316,
0.829925198382996));
#13329=CARTESIAN_POINT('Origin',(2.4638,0.,0.));
#13330=CARTESIAN_POINT('Ctrl Pts',(2.34281625109131,-0.0479071130829958,
0.830469343814721));
#13331=CARTESIAN_POINT('Ctrl Pts',(2.38307239592551,-0.0397758059154713,
0.854218948581632));
#13332=CARTESIAN_POINT('Ctrl Pts',(2.4234067453562,-0.0316850425214006,
0.87785013467668));
#13333=CARTESIAN_POINT('Ctrl Pts',(2.4638,-0.0236253935338433,0.901390443026978));
#13334=CARTESIAN_POINT('Ctrl Pts',(2.4638,0.023625393533863,0.901390443026977));
#13335=CARTESIAN_POINT('Ctrl Pts',(2.4234067453562,0.0316850425214197,0.877850134676679));
#13336=CARTESIAN_POINT('Ctrl Pts',(2.38307239592551,0.03977580591549,0.854218948581631));
#13337=CARTESIAN_POINT('Ctrl Pts',(2.34281625109131,0.0479071130830139,
0.83046934381472));
#13338=CARTESIAN_POINT('Origin',(2.4638,0.,0.));
#13339=CARTESIAN_POINT('',(2.4638,0.089535078679266,0.89724375711726));
#13340=CARTESIAN_POINT('Ctrl Pts',(2.34281625109131,0.0565560570491498,
0.829925198382995));
#13341=CARTESIAN_POINT('Ctrl Pts',(2.38307239592551,0.0675998611922658,
0.852468407402245));
#13342=CARTESIAN_POINT('Ctrl Pts',(2.4234067453562,0.0785885994666326,0.874899212998458));
#13343=CARTESIAN_POINT('Ctrl Pts',(2.4638,0.089535078679266,0.89724375711726));
#13344=CARTESIAN_POINT('',(2.4638,0.136413279177817,0.891321663185606));
#13345=CARTESIAN_POINT('Origin',(2.4638,0.,0.));
#13346=CARTESIAN_POINT('Ctrl Pts',(2.4638,0.136413279177817,0.891321663185606));
#13347=CARTESIAN_POINT('Ctrl Pts',(2.4234067453562,0.141458992461163,0.866956835328796));
#13348=CARTESIAN_POINT('Ctrl Pts',(2.38307239592551,0.146524184803025,0.842497946656217));
#13349=CARTESIAN_POINT('Ctrl Pts',(2.34281625109131,0.151614759423518,0.817916491596146));
#13350=CARTESIAN_POINT('Origin',(2.4638,0.,0.));
#13351=CARTESIAN_POINT('',(2.4638,0.20128352921594,0.878947001170364));
#13352=CARTESIAN_POINT('Ctrl Pts',(2.34281625109131,0.160127304376679,0.816292636799487));
#13353=CARTESIAN_POINT('Ctrl Pts',(2.38307239592551,0.173909438106801,0.837273930198182));
#13354=CARTESIAN_POINT('Ctrl Pts',(2.4234067453562,0.187622852294523,0.858150608091794));
#13355=CARTESIAN_POINT('Ctrl Pts',(2.4638,0.20128352921594,0.878947001170364));
#13356=CARTESIAN_POINT('',(2.4638,0.247049845919795,0.867196208266045));
#13357=CARTESIAN_POINT('Origin',(2.4638,0.,0.));
#13358=CARTESIAN_POINT('Ctrl Pts',(2.4638,0.247049845919795,0.867196208266045));
#13359=CARTESIAN_POINT('Ctrl Pts',(2.4234067453562,0.249002049586288,0.842391108792867));
#13360=CARTESIAN_POINT('Ctrl Pts',(2.38307239592551,0.250961789766911,0.817490248828157));
#13361=CARTESIAN_POINT('Ctrl Pts',(2.34281625109131,0.252931350437646,0.792464607705473));
#13362=CARTESIAN_POINT('Origin',(2.4638,0.,0.));
#13363=CARTESIAN_POINT('',(2.4638,0.309857618255926,0.846788725957523));
#13364=CARTESIAN_POINT('Ctrl Pts',(2.34281625109131,0.261173248458774,0.789786652704065));
#13365=CARTESIAN_POINT('Ctrl Pts',(2.38307239592551,0.277476359293929,0.808875142951692));
#13366=CARTESIAN_POINT('Ctrl Pts',(2.4234067453562,0.29369818066127,0.827868455461197));
#13367=CARTESIAN_POINT('Ctrl Pts',(2.4638,0.309857618255926,0.846788725957523));
#13368=CARTESIAN_POINT('',(2.4638,0.353790289011192,0.829394551104224));
#13369=CARTESIAN_POINT('Origin',(2.4638,0.,0.));
#13370=CARTESIAN_POINT('Ctrl Pts',(2.4638,0.353790289011192,0.829394551104224));
#13371=CARTESIAN_POINT('Ctrl Pts',(2.4234067453562,0.352618195642823,0.804540371251218));
#13372=CARTESIAN_POINT('Ctrl Pts',(2.38307239592551,0.351441577388867,0.779590241431073));
#13373=CARTESIAN_POINT('Ctrl Pts',(2.34281625109131,0.350259062961508,0.754515083555873));
#13374=CARTESIAN_POINT('Origin',(2.4638,0.,0.));
#13375=CARTESIAN_POINT('',(2.4638,0.413545067556048,0.801276086689266));
#13376=CARTESIAN_POINT('Ctrl Pts',(2.34281625109131,0.358100334395337,0.750825261299823));
#13377=CARTESIAN_POINT('Ctrl Pts',(2.38307239592551,0.37666731253865,0.767719911502264));
#13378=CARTESIAN_POINT('Ctrl Pts',(2.4234067453562,0.395141713272199,0.784530322743333));
#13379=CARTESIAN_POINT('Ctrl Pts',(2.4638,0.413545067556048,0.801276086689266));
#13380=CARTESIAN_POINT('',(2.4638,0.454951247900809,0.7785128464152));
#13381=CARTESIAN_POINT('Origin',(2.4638,0.,0.));
#13382=CARTESIAN_POINT('Ctrl Pts',(2.4638,0.454951247900809,0.7785128464152));
#13383=CARTESIAN_POINT('Ctrl Pts',(2.4234067453562,0.45067334211017,0.754001551445816));
#13384=CARTESIAN_POINT('Ctrl Pts',(2.38307239592551,0.446378921394377,0.729395630221984));
#13385=CARTESIAN_POINT('Ctrl Pts',(2.34281625109131,0.442062980827844,0.704666405813135));
#13386=CARTESIAN_POINT('Origin',(2.4638,0.,0.));
#13387=CARTESIAN_POINT('',(2.4638,0.510710664100962,0.743126844874786));
#13388=CARTESIAN_POINT('Ctrl Pts',(2.34281625109131,0.449379964139715,0.700022907003613));
#13389=CARTESIAN_POINT('Ctrl Pts',(2.38307239592551,0.46991799725449,0.714457278434801));
#13390=CARTESIAN_POINT('Ctrl Pts',(2.4234067453562,0.490353625018608,0.728819678180109));
#13391=CARTESIAN_POINT('Ctrl Pts',(2.4638,0.510710664100962,0.743126844874786));
#13392=CARTESIAN_POINT('',(2.4638,0.548937353836328,0.715353529077176));
#13393=CARTESIAN_POINT('Origin',(2.4638,0.,0.));
#13394=CARTESIAN_POINT('Ctrl Pts',(2.4638,0.548937353836328,0.715353529077176));
#13395=CARTESIAN_POINT('Ctrl Pts',(2.4234067453562,0.541621100753235,0.691571676755419));
#13396=CARTESIAN_POINT('Ctrl Pts',(2.38307239592551,0.534276603155656,0.667698014204465));
#13397=CARTESIAN_POINT('Ctrl Pts',(2.34281625109131,0.526895301410901,0.643704717903416));
#13398=CARTESIAN_POINT('Origin',(2.4638,0.,0.));
#13399=CARTESIAN_POINT('',(2.4638,0.59982204838924,0.673258048794172));
#13400=CARTESIAN_POINT('Ctrl Pts',(2.34281625109131,0.533572603403031,0.63818077329054));
#13401=CARTESIAN_POINT('Ctrl Pts',(2.38307239592551,0.555757794438222,0.64992722729033));
#13402=CARTESIAN_POINT('Ctrl Pts',(2.4234067453562,0.577832367175417,0.661615111916212));
#13403=CARTESIAN_POINT('Ctrl Pts',(2.4638,0.59982204838924,0.673258048794172));
#13404=CARTESIAN_POINT('',(2.4638,0.634266389782568,0.64091265925412));
#13405=CARTESIAN_POINT('Origin',(2.4638,0.,0.));
#13406=CARTESIAN_POINT('Ctrl Pts',(2.4638,0.634266389782568,0.64091265925412));
#13407=CARTESIAN_POINT('Ctrl Pts',(2.4234067453562,0.62402717108866,0.618235303597694));
#13408=CARTESIAN_POINT('Ctrl Pts',(2.38307239592551,0.613748423723799,0.595470401639482));
#13409=CARTESIAN_POINT('Ctrl Pts',(2.34281625109131,0.603418168338712,0.5725914220618));
#13410=CARTESIAN_POINT('Origin',(2.4638,0.,0.));
#13411=CARTESIAN_POINT('',(2.4638,0.679473880658098,0.592771571099209));
#13412=CARTESIAN_POINT('Ctrl Pts',(2.34281625109131,0.609350483969859,0.56627414755196));
#13413=CARTESIAN_POINT('Ctrl Pts',(2.38307239592551,0.63283295921005,0.575147435523783));
#13414=CARTESIAN_POINT('Ctrl Pts',(2.4234067453562,0.656198347721545,0.583976480107685));
#13415=CARTESIAN_POINT('Ctrl Pts',(2.4638,0.679473880658098,0.592771571099209));
#13416=CARTESIAN_POINT('',(2.4638,0.70959266586956,0.556364213931962));
#13417=CARTESIAN_POINT('Origin',(2.4638,0.,0.));
#13418=CARTESIAN_POINT('Ctrl Pts',(2.4638,0.70959266586956,0.556364213931962));
#13419=CARTESIAN_POINT('Ctrl Pts',(2.4234067453562,0.696591960160253,0.535148990386364));
#13420=CARTESIAN_POINT('Ctrl Pts',(2.38307239592551,0.683541065014279,0.513851865123868));
#13421=CARTESIAN_POINT('Ctrl Pts',(2.34281625109131,0.670424770287279,0.492448017444734));
#13422=CARTESIAN_POINT('Origin',(2.4638,0.,0.));
#13423=CARTESIAN_POINT('',(2.4638,0.748410003930955,0.50293673162344));
#13424=CARTESIAN_POINT('Ctrl Pts',(2.34281625109131,0.675518543396146,0.485437040230707));
#13425=CARTESIAN_POINT('Ctrl Pts',(2.38307239592551,0.699927970179049,0.491297225122603));
#13426=CARTESIAN_POINT('Ctrl Pts',(2.4234067453562,0.724215688330211,0.497128190357221));
#13427=CARTESIAN_POINT('Ctrl Pts',(2.4638,0.748410003930955,0.50293673162344));
#13428=CARTESIAN_POINT('',(2.4638,0.773728241725678,0.463041572600226));
#13429=CARTESIAN_POINT('Origin',(2.4638,0.,0.));
#13430=CARTESIAN_POINT('Ctrl Pts',(2.4638,0.773728241725678,0.463041572600226));
#13431=CARTESIAN_POINT('Ctrl Pts',(2.4234067453562,0.758171077896251,0.44362305791413));
#13432=CARTESIAN_POINT('Ctrl Pts',(2.38307239592551,0.742553855381845,0.424129577735025));
#13433=CARTESIAN_POINT('Ctrl Pts',(2.34281625109131,0.726858373116071,0.404538413418378));
#13434=CARTESIAN_POINT('Origin',(2.4638,0.,0.));
#13435=CARTESIAN_POINT('',(2.4638,0.805543254363355,0.405170279450129));
#13436=CARTESIAN_POINT('Ctrl Pts',(2.34281625109131,0.731033271857858,0.396944300798984));
#13437=CARTESIAN_POINT('Ctrl Pts',(2.38307239592551,0.755984698941622,0.399698963994503));
#13438=CARTESIAN_POINT('Ctrl Pts',(2.4234067453562,0.780811714908428,0.402439892074838));
#13439=CARTESIAN_POINT('Ctrl Pts',(2.4638,0.805543254363355,0.405170279450129));
#13440=CARTESIAN_POINT('',(2.4638,0.825661661006934,0.362416489060956));
#13441=CARTESIAN_POINT('Origin',(2.4638,0.,0.));
#13442=CARTESIAN_POINT('Ctrl Pts',(2.4638,0.825661661006934,0.362416489060956));
#13443=CARTESIAN_POINT('Ctrl Pts',(2.4234067453562,0.807793384824378,0.345100924811021));
#13444=CARTESIAN_POINT('Ctrl Pts',(2.38307239592551,0.789856127869867,0.327718513542573));
#13445=CARTESIAN_POINT('Ctrl Pts',(2.34281625109131,0.771828985196677,0.31024899695288));
#13446=CARTESIAN_POINT('Origin',(2.4638,0.,0.));
#13447=CARTESIAN_POINT('',(2.4638,0.849972606466229,0.301014049932896));
#13448=CARTESIAN_POINT('Ctrl Pts',(2.34281625109131,0.775019168924263,0.30219151262063));
#13449=CARTESIAN_POINT('Ctrl Pts',(2.38307239592551,0.800119097398516,0.301797211435622));
#13450=CARTESIAN_POINT('Ctrl Pts',(2.4234067453562,0.82509387430823,0.301404876288495));
#13451=CARTESIAN_POINT('Ctrl Pts',(2.4638,0.849972606466229,0.301014049932896));
#13452=CARTESIAN_POINT('',(2.4638,0.864573902667742,0.256075880992079));
#13453=CARTESIAN_POINT('Origin',(2.4638,0.,0.));
#13454=CARTESIAN_POINT('Ctrl Pts',(2.4638,0.864573902667742,0.256075880992079));
#13455=CARTESIAN_POINT('Ctrl Pts',(2.4234067453562,0.844676307521446,0.241136343970343));
#13456=CARTESIAN_POINT('Ctrl Pts',(2.38307239592551,0.824701897384201,0.226139132622003));
#13457=CARTESIAN_POINT('Ctrl Pts',(2.34281625109131,0.804627393112444,0.211066768471668));
#13458=CARTESIAN_POINT('Origin',(2.4638,0.,0.));
#13459=CARTESIAN_POINT('',(2.4638,0.880997382816108,0.192110649031144));
#13460=CARTESIAN_POINT('Ctrl Pts',(2.34281625109131,0.806782550722722,0.202672983767789));
#13461=CARTESIAN_POINT('Ctrl Pts',(2.38307239592551,0.831635139721455,0.199135936567486));
#13462=CARTESIAN_POINT('Ctrl Pts',(2.4234067453562,0.856363810423001,0.195616525552537));
#13463=CARTESIAN_POINT('Ctrl Pts',(2.4638,0.880997382816108,0.192110649031144));
#13464=CARTESIAN_POINT('',(2.4638,0.889851297412065,0.14569680330764));
#13465=CARTESIAN_POINT('Origin',(2.4638,0.,0.));
#13466=CARTESIAN_POINT('Ctrl Pts',(2.4638,0.889851297412065,0.14569680330764));
#13467=CARTESIAN_POINT('Ctrl Pts',(2.4234067453562,0.868238180263733,0.133368898937382));
#13468=CARTESIAN_POINT('Ctrl Pts',(2.38307239592551,0.846541625323753,0.120993402491015));
#13469=CARTESIAN_POINT('Ctrl Pts',(2.34281625109131,0.824736346377722,0.108555890966482));
#13470=CARTESIAN_POINT('Origin',(2.4638,0.,0.));
#13471=CARTESIAN_POINT('',(2.4638,0.89812830415665,0.0801775484328313));
#13472=CARTESIAN_POINT('Ctrl Pts',(2.34281625109131,0.825822489747749,0.0999581808899574));
#13473=CARTESIAN_POINT('Ctrl Pts',(2.38307239592551,0.850035799096234,0.0933341690216377));
#13474=CARTESIAN_POINT('Ctrl Pts',(2.4234067453562,0.874128377680457,0.0867431853529678));
#13475=CARTESIAN_POINT('Ctrl Pts',(2.4638,0.89812830415665,0.0801775484328313));
#13476=CARTESIAN_POINT('',(2.4638,0.9010952056248,0.03302));
#13477=CARTESIAN_POINT('Origin',(2.4638,0.,0.));
#13478=CARTESIAN_POINT('Ctrl Pts',(2.4638,0.9010952056248,0.03302));
#13479=CARTESIAN_POINT('Ctrl Pts',(2.4234067453562,0.878107418242911,0.0234981466974729));
#13480=CARTESIAN_POINT('Ctrl Pts',(2.38307239592551,0.855030886132493,0.0139395341247995));
#13481=CARTESIAN_POINT('Ctrl Pts',(2.34281625109131,0.83183871478701,0.00433302221261974));
#13482=CARTESIAN_POINT('Origin',(2.4638,0.,0.));
#13483=CARTESIAN_POINT('',(2.4638,0.889851297412063,-0.145696803307652));
#13484=CARTESIAN_POINT('',(2.4638,0.880997382816106,-0.192110649031156));
#13485=CARTESIAN_POINT('Origin',(2.4638,0.,0.));
#13486=CARTESIAN_POINT('Ctrl Pts',(2.4638,0.880997382816106,-0.192110649031156));
#13487=CARTESIAN_POINT('Ctrl Pts',(2.4234067453562,0.856363810422998,-0.195616525552549));
#13488=CARTESIAN_POINT('Ctrl Pts',(2.38307239592551,0.831635139721452,-0.199135936567497));
#13489=CARTESIAN_POINT('Ctrl Pts',(2.34281625109131,0.806782550722719,-0.2026729837678));
#13490=CARTESIAN_POINT('Ctrl Pts',(2.34281625109131,0.82473634637772,-0.108555890966494));
#13491=CARTESIAN_POINT('Ctrl Pts',(2.38307239592551,0.846541625323751,-0.120993402491027));
#13492=CARTESIAN_POINT('Ctrl Pts',(2.4234067453562,0.868238180263731,-0.133368898937394));
#13493=CARTESIAN_POINT('Ctrl Pts',(2.4638,0.889851297412063,-0.145696803307652));
#13494=CARTESIAN_POINT('Origin',(-0.857067997967773,0.,0.));
#13495=CARTESIAN_POINT('',(2.9718,-0.454951247900792,0.778512846415209));
#13496=CARTESIAN_POINT('',(2.2098,-0.454951247900792,0.778512846415209));
#13497=CARTESIAN_POINT('',(2.9718,-0.413545067556031,0.801276086689275));
#13498=CARTESIAN_POINT('Origin',(2.9718,0.,0.));
#13499=CARTESIAN_POINT('',(2.2098,-0.413545067556031,0.801276086689275));
#13500=CARTESIAN_POINT('Origin',(-0.857067997967773,0.,0.));
#13501=CARTESIAN_POINT('',(2.9718,-0.548937353836313,0.715353529077188));
#13502=CARTESIAN_POINT('',(2.9718,-0.510710664100946,0.743126844874797));
#13503=CARTESIAN_POINT('Origin',(2.9718,0.,0.));
#13504=CARTESIAN_POINT('',(2.2098,-0.510710664100946,0.743126844874797));
#13505=CARTESIAN_POINT('',(2.2098,-0.548937353836313,0.715353529077188));
#13506=CARTESIAN_POINT('Origin',(-0.857067997967773,0.,0.));
#13507=CARTESIAN_POINT('',(2.9718,-0.634266389782554,0.640912659254134));
#13508=CARTESIAN_POINT('',(2.9718,-0.599822048389226,0.673258048794185));
#13509=CARTESIAN_POINT('Origin',(2.9718,0.,0.));
#13510=CARTESIAN_POINT('',(2.2098,-0.599822048389226,0.673258048794185));
#13511=CARTESIAN_POINT('',(2.2098,-0.634266389782554,0.640912659254134));
#13512=CARTESIAN_POINT('Origin',(-0.857067997967773,0.,0.));
#13513=CARTESIAN_POINT('',(2.9718,-0.709592665869548,0.556364213931978));
#13514=CARTESIAN_POINT('',(2.9718,-0.679473880658085,0.592771571099224));
#13515=CARTESIAN_POINT('Origin',(2.9718,0.,0.));
#13516=CARTESIAN_POINT('',(2.2098,-0.679473880658085,0.592771571099224));
#13517=CARTESIAN_POINT('',(2.2098,-0.709592665869548,0.556364213931978));
#13518=CARTESIAN_POINT('Origin',(-0.857067997967773,0.,0.));
#13519=CARTESIAN_POINT('',(2.9718,-0.773728241725668,0.463041572600242));
#13520=CARTESIAN_POINT('',(2.9718,-0.748410003930944,0.502936731623457));
#13521=CARTESIAN_POINT('Origin',(2.9718,0.,0.));
#13522=CARTESIAN_POINT('',(2.2098,-0.748410003930944,0.502936731623457));
#13523=CARTESIAN_POINT('',(2.2098,-0.773728241725668,0.463041572600242));
#13524=CARTESIAN_POINT('Origin',(-0.857067997967773,0.,0.));
#13525=CARTESIAN_POINT('',(2.9718,-0.825661661006927,0.362416489060974));
#13526=CARTESIAN_POINT('',(2.9718,-0.805543254363346,0.405170279450146));
#13527=CARTESIAN_POINT('Origin',(2.9718,0.,0.));
#13528=CARTESIAN_POINT('',(2.2098,-0.805543254363346,0.405170279450146));
#13529=CARTESIAN_POINT('',(2.2098,-0.825661661006927,0.362416489060974));
#13530=CARTESIAN_POINT('Origin',(-0.857067997967773,0.,0.));
#13531=CARTESIAN_POINT('',(2.9718,-0.864573902667737,0.256075880992097));
#13532=CARTESIAN_POINT('',(2.9718,-0.849972606466223,0.301014049932914));
#13533=CARTESIAN_POINT('Origin',(2.9718,0.,0.));
#13534=CARTESIAN_POINT('',(2.2098,-0.849972606466223,0.301014049932914));
#13535=CARTESIAN_POINT('',(2.2098,-0.864573902667737,0.256075880992097));
#13536=CARTESIAN_POINT('Origin',(-0.857067997967773,0.,0.));
#13537=CARTESIAN_POINT('',(2.9718,-0.889851297412061,0.145696803307658));
#13538=CARTESIAN_POINT('',(2.9718,-0.880997382816104,0.192110649031162));
#13539=CARTESIAN_POINT('Origin',(2.9718,0.,0.));
#13540=CARTESIAN_POINT('',(2.2098,-0.880997382816104,0.192110649031162));
#13541=CARTESIAN_POINT('',(2.2098,-0.889851297412061,0.145696803307658));
#13542=CARTESIAN_POINT('Origin',(-0.857067997967773,0.,0.));
#13543=CARTESIAN_POINT('',(2.9718,-0.9010952056248,0.03302));
#13544=CARTESIAN_POINT('',(2.9718,-0.898128304156649,0.0801775484328501));
#13545=CARTESIAN_POINT('Origin',(2.9718,0.,0.));
#13546=CARTESIAN_POINT('',(2.2098,-0.898128304156649,0.0801775484328501));
#13547=CARTESIAN_POINT('',(2.2098,-0.9010952056248,0.03302));
#13548=CARTESIAN_POINT('Origin',(-0.857067997967773,0.,0.));
#13549=CARTESIAN_POINT('',(2.9718,-0.89812830415665,-0.0801775484328376));
#13550=CARTESIAN_POINT('',(2.9718,-0.9010952056248,-0.03302));
#13551=CARTESIAN_POINT('Origin',(2.9718,0.,0.));
#13552=CARTESIAN_POINT('',(2.2098,-0.9010952056248,-0.03302));
#13553=CARTESIAN_POINT('',(2.2098,-0.89812830415665,-0.0801775484328376));
#13554=CARTESIAN_POINT('Origin',(-0.857067997967773,0.,0.));
#13555=CARTESIAN_POINT('',(2.9718,-0.880997382816107,-0.19211064903115));
#13556=CARTESIAN_POINT('',(2.9718,-0.889851297412064,-0.145696803307646));
#13557=CARTESIAN_POINT('Origin',(2.9718,0.,0.));
#13558=CARTESIAN_POINT('',(2.2098,-0.889851297412064,-0.145696803307646));
#13559=CARTESIAN_POINT('',(2.2098,-0.880997382816107,-0.19211064903115));
#13560=CARTESIAN_POINT('Origin',(-0.857067997967773,0.,0.));
#13561=CARTESIAN_POINT('',(2.9718,-0.849972606466227,-0.301014049932902));
#13562=CARTESIAN_POINT('',(2.9718,-0.86457390266774,-0.256075880992085));
#13563=CARTESIAN_POINT('Origin',(2.9718,0.,0.));
#13564=CARTESIAN_POINT('',(2.2098,-0.86457390266774,-0.256075880992085));
#13565=CARTESIAN_POINT('',(2.2098,-0.849972606466227,-0.301014049932902));
#13566=CARTESIAN_POINT('Origin',(-0.857067997967773,0.,0.));
#13567=CARTESIAN_POINT('',(2.9718,-0.805543254363352,-0.405170279450135));
#13568=CARTESIAN_POINT('',(2.9718,-0.825661661006932,-0.362416489060962));
#13569=CARTESIAN_POINT('Origin',(2.9718,0.,0.));
#13570=CARTESIAN_POINT('',(2.2098,-0.825661661006932,-0.362416489060962));
#13571=CARTESIAN_POINT('',(2.2098,-0.805543254363352,-0.405170279450135));
#13572=CARTESIAN_POINT('Origin',(-0.857067997967773,0.,0.));
#13573=CARTESIAN_POINT('',(2.9718,-0.748410003930951,-0.502936731623446));
#13574=CARTESIAN_POINT('',(2.9718,-0.773728241725675,-0.463041572600232));
#13575=CARTESIAN_POINT('Origin',(2.9718,0.,0.));
#13576=CARTESIAN_POINT('',(2.2098,-0.773728241725675,-0.463041572600232));
#13577=CARTESIAN_POINT('',(2.2098,-0.748410003930951,-0.502936731623446));
#13578=CARTESIAN_POINT('Origin',(-0.857067997967773,0.,0.));
#13579=CARTESIAN_POINT('',(2.9718,-0.679473880658093,-0.592771571099214));
#13580=CARTESIAN_POINT('',(2.9718,-0.709592665869556,-0.556364213931968));
#13581=CARTESIAN_POINT('Origin',(2.9718,0.,0.));
#13582=CARTESIAN_POINT('',(2.2098,-0.709592665869556,-0.556364213931968));
#13583=CARTESIAN_POINT('',(2.2098,-0.679473880658093,-0.592771571099214));
#13584=CARTESIAN_POINT('Origin',(-0.857067997967773,0.,0.));
#13585=CARTESIAN_POINT('',(2.9718,-0.599822048389236,-0.673258048794176));
#13586=CARTESIAN_POINT('',(2.9718,-0.634266389782563,-0.640912659254125));
#13587=CARTESIAN_POINT('Origin',(2.9718,0.,0.));
#13588=CARTESIAN_POINT('',(2.2098,-0.634266389782563,-0.640912659254125));
#13589=CARTESIAN_POINT('',(2.2098,-0.599822048389236,-0.673258048794176));
#13590=CARTESIAN_POINT('Origin',(-0.857067997967773,0.,0.));
#13591=CARTESIAN_POINT('',(2.9718,-0.510710664100956,-0.74312684487479));
#13592=CARTESIAN_POINT('',(2.9718,-0.548937353836323,-0.71535352907718));
#13593=CARTESIAN_POINT('Origin',(2.9718,0.,0.));
#13594=CARTESIAN_POINT('',(2.2098,-0.548937353836323,-0.71535352907718));
#13595=CARTESIAN_POINT('',(2.2098,-0.510710664100956,-0.74312684487479));
#13596=CARTESIAN_POINT('Origin',(-0.857067997967773,0.,0.));
#13597=CARTESIAN_POINT('',(2.9718,-0.413545067556042,-0.801276086689269));
#13598=CARTESIAN_POINT('',(2.9718,-0.454951247900803,-0.778512846415203));
#13599=CARTESIAN_POINT('Origin',(2.9718,0.,0.));
#13600=CARTESIAN_POINT('',(2.2098,-0.454951247900803,-0.778512846415203));
#13601=CARTESIAN_POINT('',(2.2098,-0.413545067556042,-0.801276086689269));
#13602=CARTESIAN_POINT('Origin',(-0.857067997967773,0.,0.));
#13603=CARTESIAN_POINT('',(2.9718,-0.309857618255921,-0.846788725957525));
#13604=CARTESIAN_POINT('',(2.9718,-0.353790289011186,-0.829394551104226));
#13605=CARTESIAN_POINT('Origin',(2.9718,0.,0.));
#13606=CARTESIAN_POINT('',(2.2098,-0.353790289011186,-0.829394551104226));
#13607=CARTESIAN_POINT('',(2.2098,-0.309857618255921,-0.846788725957525));
#13608=CARTESIAN_POINT('Origin',(-0.857067997967773,0.,0.));
#13609=CARTESIAN_POINT('',(2.9718,-0.201283529215934,-0.878947001170365));
#13610=CARTESIAN_POINT('',(2.9718,-0.247049845919789,-0.867196208266047));
#13611=CARTESIAN_POINT('Origin',(2.9718,0.,0.));
#13612=CARTESIAN_POINT('',(2.2098,-0.247049845919789,-0.867196208266047));
#13613=CARTESIAN_POINT('',(2.2098,-0.201283529215934,-0.878947001170365));
#13614=CARTESIAN_POINT('Origin',(-0.857067997967773,0.,0.));
#13615=CARTESIAN_POINT('',(2.9718,-0.0895350786792594,-0.897243757117261));
#13616=CARTESIAN_POINT('',(2.9718,-0.136413279177811,-0.891321663185607));
#13617=CARTESIAN_POINT('Origin',(2.9718,0.,0.));
#13618=CARTESIAN_POINT('',(2.2098,-0.136413279177811,-0.891321663185607));
#13619=CARTESIAN_POINT('',(2.2098,-0.0895350786792594,-0.897243757117261));
#13620=CARTESIAN_POINT('Origin',(-0.857067997967773,0.,0.));
#13621=CARTESIAN_POINT('',(2.9718,0.02362539353385,-0.901390443026977));
#13622=CARTESIAN_POINT('',(2.9718,-0.0236253935338563,-0.901390443026977));
#13623=CARTESIAN_POINT('Origin',(2.9718,0.,0.));
#13624=CARTESIAN_POINT('',(2.2098,-0.0236253935338563,-0.901390443026977));
#13625=CARTESIAN_POINT('',(2.2098,0.02362539353385,-0.901390443026977));
#13626=CARTESIAN_POINT('Origin',(-0.857067997967773,0.,0.));
#13627=CARTESIAN_POINT('',(2.9718,0.136413279177805,-0.891321663185608));
#13628=CARTESIAN_POINT('',(2.9718,0.0895350786792531,-0.897243757117262));
#13629=CARTESIAN_POINT('Origin',(2.9718,0.,0.));
#13630=CARTESIAN_POINT('',(2.2098,0.0895350786792531,-0.897243757117262));
#13631=CARTESIAN_POINT('',(2.2098,0.136413279177805,-0.891321663185608));
#13632=CARTESIAN_POINT('Origin',(-0.857067997967773,0.,0.));
#13633=CARTESIAN_POINT('',(2.9718,0.247049845919782,-0.867196208266048));
#13634=CARTESIAN_POINT('',(2.9718,0.201283529215927,-0.878947001170367));
#13635=CARTESIAN_POINT('Origin',(2.9718,0.,0.));
#13636=CARTESIAN_POINT('',(2.2098,0.201283529215927,-0.878947001170367));
#13637=CARTESIAN_POINT('',(2.2098,0.247049845919782,-0.867196208266048));
#13638=CARTESIAN_POINT('Origin',(-0.857067997967773,0.,0.));
#13639=CARTESIAN_POINT('',(2.9718,0.353790289011181,-0.829394551104229));
#13640=CARTESIAN_POINT('',(2.9718,0.309857618255914,-0.846788725957527));
#13641=CARTESIAN_POINT('Origin',(2.9718,0.,0.));
#13642=CARTESIAN_POINT('',(2.2098,0.309857618255914,-0.846788725957527));
#13643=CARTESIAN_POINT('',(2.2098,0.353790289011181,-0.829394551104229));
#13644=CARTESIAN_POINT('Origin',(-0.857067997967773,0.,0.));
#13645=CARTESIAN_POINT('',(2.9718,0.454951247900798,-0.778512846415206));
#13646=CARTESIAN_POINT('',(2.9718,0.413545067556037,-0.801276086689272));
#13647=CARTESIAN_POINT('Origin',(2.9718,0.,0.));
#13648=CARTESIAN_POINT('',(2.2098,0.413545067556037,-0.801276086689272));
#13649=CARTESIAN_POINT('',(2.2098,0.454951247900798,-0.778512846415206));
#13650=CARTESIAN_POINT('Origin',(-0.857067997967773,0.,0.));
#13651=CARTESIAN_POINT('',(2.9718,0.548937353836318,-0.715353529077184));
#13652=CARTESIAN_POINT('',(2.9718,0.510710664100951,-0.743126844874794));
#13653=CARTESIAN_POINT('Origin',(2.9718,0.,0.));
#13654=CARTESIAN_POINT('',(2.2098,0.510710664100951,-0.743126844874794));
#13655=CARTESIAN_POINT('',(2.2098,0.548937353836318,-0.715353529077184));
#13656=CARTESIAN_POINT('Origin',(-0.857067997967773,0.,0.));
#13657=CARTESIAN_POINT('',(2.9718,0.634266389782558,-0.640912659254129));
#13658=CARTESIAN_POINT('',(2.9718,0.599822048389231,-0.67325804879418));
#13659=CARTESIAN_POINT('Origin',(2.9718,0.,0.));
#13660=CARTESIAN_POINT('',(2.2098,0.599822048389231,-0.67325804879418));
#13661=CARTESIAN_POINT('',(2.2098,0.634266389782558,-0.640912659254129));
#13662=CARTESIAN_POINT('Origin',(-0.857067997967773,0.,0.));
#13663=CARTESIAN_POINT('',(2.9718,0.709592665869553,-0.556364213931973));
#13664=CARTESIAN_POINT('',(2.9718,0.679473880658089,-0.592771571099219));
#13665=CARTESIAN_POINT('Origin',(2.9718,0.,0.));
#13666=CARTESIAN_POINT('',(2.2098,0.679473880658089,-0.592771571099219));
#13667=CARTESIAN_POINT('',(2.2098,0.709592665869553,-0.556364213931973));
#13668=CARTESIAN_POINT('Origin',(-0.857067997967773,0.,0.));
#13669=CARTESIAN_POINT('',(2.9718,0.773728241725671,-0.463041572600237));
#13670=CARTESIAN_POINT('',(2.9718,0.748410003930948,-0.502936731623451));
#13671=CARTESIAN_POINT('Origin',(2.9718,0.,0.));
#13672=CARTESIAN_POINT('',(2.2098,0.748410003930948,-0.502936731623451));
#13673=CARTESIAN_POINT('',(2.2098,0.773728241725671,-0.463041572600237));
#13674=CARTESIAN_POINT('Origin',(-0.857067997967773,0.,0.));
#13675=CARTESIAN_POINT('',(2.9718,0.825661661006929,-0.362416489060968));
#13676=CARTESIAN_POINT('',(2.9718,0.805543254363349,-0.40517027945014));
#13677=CARTESIAN_POINT('Origin',(2.9718,0.,0.));
#13678=CARTESIAN_POINT('',(2.2098,0.805543254363349,-0.40517027945014));
#13679=CARTESIAN_POINT('',(2.2098,0.825661661006929,-0.362416489060968));
#13680=CARTESIAN_POINT('Origin',(-0.857067997967773,0.,0.));
#13681=CARTESIAN_POINT('',(2.9718,0.864573902667738,-0.256075880992091));
#13682=CARTESIAN_POINT('',(2.9718,0.849972606466225,-0.301014049932908));
#13683=CARTESIAN_POINT('Origin',(2.9718,0.,0.));
#13684=CARTESIAN_POINT('',(2.2098,0.849972606466225,-0.301014049932908));
#13685=CARTESIAN_POINT('',(2.2098,0.864573902667738,-0.256075880992091));
#13686=CARTESIAN_POINT('Origin',(-0.857067997967773,0.,0.));
#13687=CARTESIAN_POINT('',(2.9718,-0.353790289011175,0.829394551104231));
#13688=CARTESIAN_POINT('',(2.2098,-0.353790289011175,0.829394551104231));
#13689=CARTESIAN_POINT('',(2.9718,-0.309857618255909,0.846788725957529));
#13690=CARTESIAN_POINT('Origin',(2.9718,0.,0.));
#13691=CARTESIAN_POINT('',(2.2098,-0.309857618255909,0.846788725957529));
#13692=CARTESIAN_POINT('Origin',(-0.857067997967773,0.,0.));
#13693=CARTESIAN_POINT('',(2.9718,-0.247049845919776,0.86719620826605));
#13694=CARTESIAN_POINT('',(2.2098,-0.247049845919776,0.86719620826605));
#13695=CARTESIAN_POINT('',(2.9718,-0.201283529215922,0.878947001170368));
#13696=CARTESIAN_POINT('Origin',(2.9718,0.,0.));
#13697=CARTESIAN_POINT('',(2.2098,-0.201283529215922,0.878947001170368));
#13698=CARTESIAN_POINT('Origin',(-0.857067997967773,0.,0.));
#13699=CARTESIAN_POINT('',(2.9718,-0.136413279177799,0.891321663185609));
#13700=CARTESIAN_POINT('',(2.2098,-0.136413279177799,0.891321663185609));
#13701=CARTESIAN_POINT('',(2.9718,-0.0895350786792465,0.897243757117263));
#13702=CARTESIAN_POINT('Origin',(2.9718,0.,0.));
#13703=CARTESIAN_POINT('',(2.2098,-0.0895350786792465,0.897243757117263));
#13704=CARTESIAN_POINT('Origin',(-0.857067997967773,0.,0.));
#13705=CARTESIAN_POINT('',(2.9718,0.089535078679266,0.89724375711726));
#13706=CARTESIAN_POINT('',(2.2098,0.089535078679266,0.89724375711726));
#13707=CARTESIAN_POINT('',(2.9718,0.136413279177817,0.891321663185606));
#13708=CARTESIAN_POINT('Origin',(2.9718,0.,0.));
#13709=CARTESIAN_POINT('',(2.2098,0.136413279177817,0.891321663185606));
#13710=CARTESIAN_POINT('Origin',(-0.857067997967773,0.,0.));
#13711=CARTESIAN_POINT('',(2.9718,0.20128352921594,0.878947001170364));
#13712=CARTESIAN_POINT('',(2.2098,0.20128352921594,0.878947001170364));
#13713=CARTESIAN_POINT('',(2.9718,0.247049845919795,0.867196208266045));
#13714=CARTESIAN_POINT('Origin',(2.9718,0.,0.));
#13715=CARTESIAN_POINT('',(2.2098,0.247049845919795,0.867196208266045));
#13716=CARTESIAN_POINT('Origin',(-0.857067997967773,0.,0.));
#13717=CARTESIAN_POINT('',(2.9718,0.309857618255926,0.846788725957523));
#13718=CARTESIAN_POINT('',(2.2098,0.309857618255926,0.846788725957523));
#13719=CARTESIAN_POINT('',(2.9718,0.353790289011192,0.829394551104224));
#13720=CARTESIAN_POINT('Origin',(2.9718,0.,0.));
#13721=CARTESIAN_POINT('',(2.2098,0.353790289011192,0.829394551104224));
#13722=CARTESIAN_POINT('Origin',(-0.857067997967773,0.,0.));
#13723=CARTESIAN_POINT('',(2.9718,0.413545067556048,0.801276086689266));
#13724=CARTESIAN_POINT('',(2.2098,0.413545067556048,0.801276086689266));
#13725=CARTESIAN_POINT('',(2.9718,0.454951247900809,0.7785128464152));
#13726=CARTESIAN_POINT('Origin',(2.9718,0.,0.));
#13727=CARTESIAN_POINT('',(2.2098,0.454951247900809,0.7785128464152));
#13728=CARTESIAN_POINT('Origin',(-0.857067997967773,0.,0.));
#13729=CARTESIAN_POINT('',(2.9718,0.510710664100962,0.743126844874786));
#13730=CARTESIAN_POINT('',(2.2098,0.510710664100962,0.743126844874786));
#13731=CARTESIAN_POINT('',(2.9718,0.548937353836328,0.715353529077176));
#13732=CARTESIAN_POINT('Origin',(2.9718,0.,0.));
#13733=CARTESIAN_POINT('',(2.2098,0.548937353836328,0.715353529077176));
#13734=CARTESIAN_POINT('Origin',(-0.857067997967773,0.,0.));
#13735=CARTESIAN_POINT('',(2.9718,0.59982204838924,0.673258048794172));
#13736=CARTESIAN_POINT('',(2.2098,0.59982204838924,0.673258048794172));
#13737=CARTESIAN_POINT('',(2.9718,0.634266389782568,0.64091265925412));
#13738=CARTESIAN_POINT('Origin',(2.9718,0.,0.));
#13739=CARTESIAN_POINT('',(2.2098,0.634266389782568,0.64091265925412));
#13740=CARTESIAN_POINT('Origin',(-0.857067997967773,0.,0.));
#13741=CARTESIAN_POINT('',(2.9718,0.679473880658098,0.592771571099209));
#13742=CARTESIAN_POINT('',(2.2098,0.679473880658098,0.592771571099209));
#13743=CARTESIAN_POINT('',(2.9718,0.70959266586956,0.556364213931962));
#13744=CARTESIAN_POINT('Origin',(2.9718,0.,0.));
#13745=CARTESIAN_POINT('',(2.2098,0.70959266586956,0.556364213931962));
#13746=CARTESIAN_POINT('Origin',(-0.857067997967773,0.,0.));
#13747=CARTESIAN_POINT('',(2.9718,0.748410003930955,0.50293673162344));
#13748=CARTESIAN_POINT('',(2.2098,0.748410003930955,0.50293673162344));
#13749=CARTESIAN_POINT('',(2.9718,0.773728241725678,0.463041572600226));
#13750=CARTESIAN_POINT('Origin',(2.9718,0.,0.));
#13751=CARTESIAN_POINT('',(2.2098,0.773728241725678,0.463041572600226));
#13752=CARTESIAN_POINT('Origin',(-0.857067997967773,0.,0.));
#13753=CARTESIAN_POINT('',(2.9718,0.805543254363355,0.405170279450129));
#13754=CARTESIAN_POINT('',(2.2098,0.805543254363355,0.405170279450129));
#13755=CARTESIAN_POINT('',(2.9718,0.825661661006934,0.362416489060956));
#13756=CARTESIAN_POINT('Origin',(2.9718,0.,0.));
#13757=CARTESIAN_POINT('',(2.2098,0.825661661006934,0.362416489060956));
#13758=CARTESIAN_POINT('Origin',(-0.857067997967773,0.,0.));
#13759=CARTESIAN_POINT('',(2.9718,0.849972606466229,0.301014049932896));
#13760=CARTESIAN_POINT('',(2.2098,0.849972606466229,0.301014049932896));
#13761=CARTESIAN_POINT('',(2.9718,0.864573902667742,0.256075880992079));
#13762=CARTESIAN_POINT('Origin',(2.9718,0.,0.));
#13763=CARTESIAN_POINT('',(2.2098,0.864573902667742,0.256075880992079));
#13764=CARTESIAN_POINT('Origin',(-0.857067997967773,0.,0.));
#13765=CARTESIAN_POINT('',(2.9718,0.880997382816108,0.192110649031144));
#13766=CARTESIAN_POINT('',(2.2098,0.880997382816108,0.192110649031144));
#13767=CARTESIAN_POINT('',(2.9718,0.889851297412065,0.14569680330764));
#13768=CARTESIAN_POINT('Origin',(2.9718,0.,0.));
#13769=CARTESIAN_POINT('',(2.2098,0.889851297412065,0.14569680330764));
#13770=CARTESIAN_POINT('Origin',(-0.857067997967773,0.,0.));
#13771=CARTESIAN_POINT('',(2.9718,0.89812830415665,0.0801775484328313));
#13772=CARTESIAN_POINT('',(2.2098,0.89812830415665,0.0801775484328313));
#13773=CARTESIAN_POINT('',(2.9718,0.9010952056248,0.03302));
#13774=CARTESIAN_POINT('Origin',(2.9718,0.,0.));
#13775=CARTESIAN_POINT('',(2.2098,0.9010952056248,0.03302));
#13776=CARTESIAN_POINT('Origin',(-0.857067997967773,0.,0.));
#13777=CARTESIAN_POINT('',(2.9718,0.889851297412063,-0.145696803307652));
#13778=CARTESIAN_POINT('',(2.9718,0.880997382816106,-0.192110649031156));
#13779=CARTESIAN_POINT('Origin',(2.9718,0.,0.));
#13780=CARTESIAN_POINT('',(2.2098,0.880997382816106,-0.192110649031156));
#13781=CARTESIAN_POINT('',(2.2098,0.889851297412063,-0.145696803307652));
#13782=CARTESIAN_POINT('Origin',(2.9718,0.83185,0.));
#13783=CARTESIAN_POINT('',(2.9718,-0.454951247900792,0.778512846415209));
#13784=CARTESIAN_POINT('',(2.9718,-0.413545067556031,0.801276086689275));
#13785=CARTESIAN_POINT('Origin',(2.9718,0.83185,0.));
#13786=CARTESIAN_POINT('',(2.9718,-0.510710664100946,0.743126844874797));
#13787=CARTESIAN_POINT('',(2.9718,-0.548937353836313,0.715353529077188));
#13788=CARTESIAN_POINT('Origin',(2.9718,0.83185,0.));
#13789=CARTESIAN_POINT('',(2.9718,-0.599822048389226,0.673258048794185));
#13790=CARTESIAN_POINT('',(2.9718,-0.634266389782554,0.640912659254134));
#13791=CARTESIAN_POINT('Origin',(2.9718,0.83185,0.));
#13792=CARTESIAN_POINT('',(2.9718,-0.679473880658085,0.592771571099224));
#13793=CARTESIAN_POINT('',(2.9718,-0.709592665869548,0.556364213931978));
#13794=CARTESIAN_POINT('Origin',(2.9718,0.83185,0.));
#13795=CARTESIAN_POINT('',(2.9718,-0.748410003930944,0.502936731623457));
#13796=CARTESIAN_POINT('',(2.9718,-0.773728241725668,0.463041572600242));
#13797=CARTESIAN_POINT('Origin',(2.9718,0.83185,0.));
#13798=CARTESIAN_POINT('',(2.9718,-0.805543254363346,0.405170279450146));
#13799=CARTESIAN_POINT('',(2.9718,-0.825661661006927,0.362416489060974));
#13800=CARTESIAN_POINT('Origin',(2.9718,0.83185,0.));
#13801=CARTESIAN_POINT('',(2.9718,-0.849972606466223,0.301014049932914));
#13802=CARTESIAN_POINT('',(2.9718,-0.864573902667737,0.256075880992097));
#13803=CARTESIAN_POINT('Origin',(2.9718,0.83185,0.));
#13804=CARTESIAN_POINT('',(2.9718,-0.880997382816104,0.192110649031162));
#13805=CARTESIAN_POINT('',(2.9718,-0.889851297412061,0.145696803307658));
#13806=CARTESIAN_POINT('Origin',(2.9718,0.83185,0.));
#13807=CARTESIAN_POINT('',(2.9718,-0.898128304156649,0.0801775484328501));
#13808=CARTESIAN_POINT('',(2.9718,-0.9010952056248,0.03302));
#13809=CARTESIAN_POINT('Origin',(2.9718,0.83185,0.));
#13810=CARTESIAN_POINT('',(2.9718,-0.9010952056248,-0.03302));
#13811=CARTESIAN_POINT('',(2.9718,-0.89812830415665,-0.0801775484328376));
#13812=CARTESIAN_POINT('Origin',(2.9718,0.83185,0.));
#13813=CARTESIAN_POINT('',(2.9718,-0.889851297412064,-0.145696803307646));
#13814=CARTESIAN_POINT('',(2.9718,-0.880997382816107,-0.19211064903115));
#13815=CARTESIAN_POINT('Origin',(2.9718,0.83185,0.));
#13816=CARTESIAN_POINT('',(2.9718,-0.86457390266774,-0.256075880992085));
#13817=CARTESIAN_POINT('',(2.9718,-0.849972606466227,-0.301014049932902));
#13818=CARTESIAN_POINT('Origin',(2.9718,0.83185,0.));
#13819=CARTESIAN_POINT('',(2.9718,-0.825661661006932,-0.362416489060962));
#13820=CARTESIAN_POINT('',(2.9718,-0.805543254363352,-0.405170279450135));
#13821=CARTESIAN_POINT('Origin',(2.9718,0.83185,0.));
#13822=CARTESIAN_POINT('',(2.9718,-0.773728241725675,-0.463041572600232));
#13823=CARTESIAN_POINT('',(2.9718,-0.748410003930951,-0.502936731623446));
#13824=CARTESIAN_POINT('Origin',(2.9718,0.83185,0.));
#13825=CARTESIAN_POINT('',(2.9718,-0.709592665869556,-0.556364213931968));
#13826=CARTESIAN_POINT('',(2.9718,-0.679473880658093,-0.592771571099214));
#13827=CARTESIAN_POINT('Origin',(2.9718,0.83185,0.));
#13828=CARTESIAN_POINT('',(2.9718,-0.634266389782563,-0.640912659254125));
#13829=CARTESIAN_POINT('',(2.9718,-0.599822048389236,-0.673258048794176));
#13830=CARTESIAN_POINT('Origin',(2.9718,0.83185,0.));
#13831=CARTESIAN_POINT('',(2.9718,-0.548937353836323,-0.71535352907718));
#13832=CARTESIAN_POINT('',(2.9718,-0.510710664100956,-0.74312684487479));
#13833=CARTESIAN_POINT('Origin',(2.9718,0.83185,0.));
#13834=CARTESIAN_POINT('',(2.9718,-0.454951247900803,-0.778512846415203));
#13835=CARTESIAN_POINT('',(2.9718,-0.413545067556042,-0.801276086689269));
#13836=CARTESIAN_POINT('Origin',(2.9718,0.83185,0.));
#13837=CARTESIAN_POINT('',(2.9718,-0.353790289011186,-0.829394551104226));
#13838=CARTESIAN_POINT('',(2.9718,-0.309857618255921,-0.846788725957525));
#13839=CARTESIAN_POINT('Origin',(2.9718,0.83185,0.));
#13840=CARTESIAN_POINT('',(2.9718,-0.247049845919789,-0.867196208266047));
#13841=CARTESIAN_POINT('',(2.9718,-0.201283529215934,-0.878947001170365));
#13842=CARTESIAN_POINT('Origin',(2.9718,0.83185,0.));
#13843=CARTESIAN_POINT('',(2.9718,-0.136413279177811,-0.891321663185607));
#13844=CARTESIAN_POINT('',(2.9718,-0.0895350786792594,-0.897243757117261));
#13845=CARTESIAN_POINT('Origin',(2.9718,0.83185,0.));
#13846=CARTESIAN_POINT('',(2.9718,-0.0236253935338563,-0.901390443026977));
#13847=CARTESIAN_POINT('',(2.9718,0.02362539353385,-0.901390443026977));
#13848=CARTESIAN_POINT('Origin',(2.9718,0.83185,0.));
#13849=CARTESIAN_POINT('',(2.9718,0.0895350786792531,-0.897243757117262));
#13850=CARTESIAN_POINT('',(2.9718,0.136413279177805,-0.891321663185608));
#13851=CARTESIAN_POINT('Origin',(2.9718,0.83185,0.));
#13852=CARTESIAN_POINT('',(2.9718,0.201283529215927,-0.878947001170367));
#13853=CARTESIAN_POINT('',(2.9718,0.247049845919782,-0.867196208266048));
#13854=CARTESIAN_POINT('Origin',(2.9718,0.83185,0.));
#13855=CARTESIAN_POINT('',(2.9718,0.309857618255914,-0.846788725957527));
#13856=CARTESIAN_POINT('',(2.9718,0.353790289011181,-0.829394551104229));
#13857=CARTESIAN_POINT('Origin',(2.9718,0.83185,0.));
#13858=CARTESIAN_POINT('',(2.9718,0.413545067556037,-0.801276086689272));
#13859=CARTESIAN_POINT('',(2.9718,0.454951247900798,-0.778512846415206));
#13860=CARTESIAN_POINT('Origin',(2.9718,0.83185,0.));
#13861=CARTESIAN_POINT('',(2.9718,0.510710664100951,-0.743126844874794));
#13862=CARTESIAN_POINT('',(2.9718,0.548937353836318,-0.715353529077184));
#13863=CARTESIAN_POINT('Origin',(2.9718,0.83185,0.));
#13864=CARTESIAN_POINT('',(2.9718,0.599822048389231,-0.67325804879418));
#13865=CARTESIAN_POINT('',(2.9718,0.634266389782558,-0.640912659254129));
#13866=CARTESIAN_POINT('Origin',(2.9718,0.83185,0.));
#13867=CARTESIAN_POINT('',(2.9718,0.679473880658089,-0.592771571099219));
#13868=CARTESIAN_POINT('',(2.9718,0.709592665869553,-0.556364213931973));
#13869=CARTESIAN_POINT('Origin',(2.9718,0.83185,0.));
#13870=CARTESIAN_POINT('',(2.9718,0.748410003930948,-0.502936731623451));
#13871=CARTESIAN_POINT('',(2.9718,0.773728241725671,-0.463041572600237));
#13872=CARTESIAN_POINT('Origin',(2.9718,0.83185,0.));
#13873=CARTESIAN_POINT('',(2.9718,0.805543254363349,-0.40517027945014));
#13874=CARTESIAN_POINT('',(2.9718,0.825661661006929,-0.362416489060968));
#13875=CARTESIAN_POINT('Origin',(2.9718,0.83185,0.));
#13876=CARTESIAN_POINT('',(2.9718,0.849972606466225,-0.301014049932908));
#13877=CARTESIAN_POINT('',(2.9718,0.864573902667738,-0.256075880992091));
#13878=CARTESIAN_POINT('Origin',(2.9718,0.83185,0.));
#13879=CARTESIAN_POINT('',(2.9718,-0.353790289011175,0.829394551104231));
#13880=CARTESIAN_POINT('',(2.9718,-0.309857618255909,0.846788725957529));
#13881=CARTESIAN_POINT('Origin',(2.9718,0.83185,0.));
#13882=CARTESIAN_POINT('',(2.9718,-0.247049845919776,0.86719620826605));
#13883=CARTESIAN_POINT('',(2.9718,-0.201283529215922,0.878947001170368));
#13884=CARTESIAN_POINT('Origin',(2.9718,0.83185,0.));
#13885=CARTESIAN_POINT('',(2.9718,-0.136413279177799,0.891321663185609));
#13886=CARTESIAN_POINT('',(2.9718,-0.0895350786792465,0.897243757117263));
#13887=CARTESIAN_POINT('Origin',(2.9718,0.83185,0.));
#13888=CARTESIAN_POINT('',(2.9718,-0.0236253935338433,0.901390443026978));
#13889=CARTESIAN_POINT('',(2.9718,0.023625393533863,0.901390443026977));
#13890=CARTESIAN_POINT('Origin',(2.9718,0.83185,0.));
#13891=CARTESIAN_POINT('',(2.9718,0.089535078679266,0.89724375711726));
#13892=CARTESIAN_POINT('',(2.9718,0.136413279177817,0.891321663185606));
#13893=CARTESIAN_POINT('Origin',(2.9718,0.83185,0.));
#13894=CARTESIAN_POINT('',(2.9718,0.20128352921594,0.878947001170364));
#13895=CARTESIAN_POINT('',(2.9718,0.247049845919795,0.867196208266045));
#13896=CARTESIAN_POINT('Origin',(2.9718,0.83185,0.));
#13897=CARTESIAN_POINT('',(2.9718,0.309857618255926,0.846788725957523));
#13898=CARTESIAN_POINT('',(2.9718,0.353790289011192,0.829394551104224));
#13899=CARTESIAN_POINT('Origin',(2.9718,0.83185,0.));
#13900=CARTESIAN_POINT('',(2.9718,0.413545067556048,0.801276086689266));
#13901=CARTESIAN_POINT('',(2.9718,0.454951247900809,0.7785128464152));
#13902=CARTESIAN_POINT('Origin',(2.9718,0.83185,0.));
#13903=CARTESIAN_POINT('',(2.9718,0.510710664100962,0.743126844874786));
#13904=CARTESIAN_POINT('',(2.9718,0.548937353836328,0.715353529077176));
#13905=CARTESIAN_POINT('Origin',(2.9718,0.83185,0.));
#13906=CARTESIAN_POINT('',(2.9718,0.59982204838924,0.673258048794172));
#13907=CARTESIAN_POINT('',(2.9718,0.634266389782568,0.64091265925412));
#13908=CARTESIAN_POINT('Origin',(2.9718,0.83185,0.));
#13909=CARTESIAN_POINT('',(2.9718,0.679473880658098,0.592771571099209));
#13910=CARTESIAN_POINT('',(2.9718,0.70959266586956,0.556364213931962));
#13911=CARTESIAN_POINT('Origin',(2.9718,0.83185,0.));
#13912=CARTESIAN_POINT('',(2.9718,0.748410003930955,0.50293673162344));
#13913=CARTESIAN_POINT('',(2.9718,0.773728241725678,0.463041572600226));
#13914=CARTESIAN_POINT('Origin',(2.9718,0.83185,0.));
#13915=CARTESIAN_POINT('',(2.9718,0.805543254363355,0.405170279450129));
#13916=CARTESIAN_POINT('',(2.9718,0.825661661006934,0.362416489060956));
#13917=CARTESIAN_POINT('Origin',(2.9718,0.83185,0.));
#13918=CARTESIAN_POINT('',(2.9718,0.849972606466229,0.301014049932896));
#13919=CARTESIAN_POINT('',(2.9718,0.864573902667742,0.256075880992079));
#13920=CARTESIAN_POINT('Origin',(2.9718,0.83185,0.));
#13921=CARTESIAN_POINT('',(2.9718,0.880997382816108,0.192110649031144));
#13922=CARTESIAN_POINT('',(2.9718,0.889851297412065,0.14569680330764));
#13923=CARTESIAN_POINT('Origin',(2.9718,0.83185,0.));
#13924=CARTESIAN_POINT('',(2.9718,0.89812830415665,0.0801775484328313));
#13925=CARTESIAN_POINT('',(2.9718,0.9010952056248,0.03302));
#13926=CARTESIAN_POINT('Origin',(2.9718,0.83185,0.));
#13927=CARTESIAN_POINT('',(2.9718,0.880997382816106,-0.192110649031156));
#13928=CARTESIAN_POINT('',(2.9718,0.889851297412063,-0.145696803307652));
#13929=CARTESIAN_POINT('Origin',(2.4638,0.,0.));
#13930=CARTESIAN_POINT('',(2.4638,0.9010952056248,-0.03302));
#13931=CARTESIAN_POINT('',(2.4638,0.89812830415665,-0.080177548432844));
#13932=CARTESIAN_POINT('Origin',(2.4638,0.,0.));
#13933=CARTESIAN_POINT('Ctrl Pts',(2.4638,0.89812830415665,-0.080177548432844));
#13934=CARTESIAN_POINT('Ctrl Pts',(2.4234067453562,0.874128377680456,-0.0867431853529803));
#13935=CARTESIAN_POINT('Ctrl Pts',(2.38307239592551,0.850035799096233,-0.0933341690216497));
#13936=CARTESIAN_POINT('Ctrl Pts',(2.34281625109131,0.825822489747747,-0.099958180889969));
#13937=CARTESIAN_POINT('Ctrl Pts',(2.34281625109131,0.83183871478701,-0.00433302221261977));
#13938=CARTESIAN_POINT('Ctrl Pts',(2.38307239592551,0.855030886132494,-0.0139395341247996));
#13939=CARTESIAN_POINT('Ctrl Pts',(2.4234067453562,0.878107418242911,-0.0234981466974729));
#13940=CARTESIAN_POINT('Ctrl Pts',(2.4638,0.9010952056248,-0.03302));
#13941=CARTESIAN_POINT('Origin',(-0.857067997967773,0.,0.));
#13942=CARTESIAN_POINT('',(2.9718,0.9010952056248,-0.03302));
#13943=CARTESIAN_POINT('',(2.9718,0.89812830415665,-0.080177548432844));
#13944=CARTESIAN_POINT('Origin',(2.9718,0.,0.));
#13945=CARTESIAN_POINT('',(2.2098,0.89812830415665,-0.080177548432844));
#13946=CARTESIAN_POINT('',(2.2098,0.9010952056248,-0.03302));
#13947=CARTESIAN_POINT('Origin',(2.9718,0.83185,0.));
#13948=CARTESIAN_POINT('',(2.9718,0.89812830415665,-0.080177548432844));
#13949=CARTESIAN_POINT('',(2.9718,0.9010952056248,-0.03302));
#13950=CARTESIAN_POINT('Origin',(3.683,0.98425,0.));
#13951=CARTESIAN_POINT('Origin',(4.191,0.98425,0.));
#13952=CARTESIAN_POINT('Origin',(2.2098,0.9010952056248,-0.03302));
#13953=CARTESIAN_POINT('Origin',(2.2098,0.9010952056248,0.03302));
#13954=CARTESIAN_POINT('Origin',(2.2098,0.889851297412063,-0.145696803307652));
#13955=CARTESIAN_POINT('Origin',(2.2098,0.89812830415665,-0.080177548432844));
#13956=CARTESIAN_POINT('Origin',(2.2098,0.89812830415665,0.0801775484328313));
#13957=CARTESIAN_POINT('Origin',(2.2098,0.889851297412065,0.14569680330764));
#13958=CARTESIAN_POINT('Origin',(2.2098,0.880997382816108,0.192110649031144));
#13959=CARTESIAN_POINT('Origin',(2.2098,0.864573902667742,0.256075880992079));
#13960=CARTESIAN_POINT('Origin',(2.2098,0.849972606466229,0.301014049932896));
#13961=CARTESIAN_POINT('Origin',(2.2098,0.825661661006934,0.362416489060956));
#13962=CARTESIAN_POINT('Origin',(2.2098,0.805543254363355,0.405170279450129));
#13963=CARTESIAN_POINT('Origin',(2.2098,0.773728241725678,0.463041572600226));
#13964=CARTESIAN_POINT('Origin',(2.2098,0.748410003930955,0.50293673162344));
#13965=CARTESIAN_POINT('Origin',(2.2098,0.70959266586956,0.556364213931962));
#13966=CARTESIAN_POINT('Origin',(2.2098,0.679473880658098,0.592771571099209));
#13967=CARTESIAN_POINT('Origin',(2.2098,0.634266389782568,0.64091265925412));
#13968=CARTESIAN_POINT('Origin',(2.2098,0.59982204838924,0.673258048794172));
#13969=CARTESIAN_POINT('Origin',(2.2098,0.548937353836328,0.715353529077176));
#13970=CARTESIAN_POINT('Origin',(2.2098,0.510710664100962,0.743126844874786));
#13971=CARTESIAN_POINT('Origin',(2.2098,0.454951247900809,0.7785128464152));
#13972=CARTESIAN_POINT('Origin',(2.2098,0.413545067556048,0.801276086689266));
#13973=CARTESIAN_POINT('Origin',(2.2098,0.353790289011192,0.829394551104224));
#13974=CARTESIAN_POINT('Origin',(2.2098,0.309857618255926,0.846788725957523));
#13975=CARTESIAN_POINT('Origin',(2.2098,0.247049845919795,0.867196208266045));
#13976=CARTESIAN_POINT('Origin',(2.2098,0.20128352921594,0.878947001170364));
#13977=CARTESIAN_POINT('Origin',(2.2098,0.136413279177817,0.891321663185606));
#13978=CARTESIAN_POINT('Origin',(2.2098,0.089535078679266,0.89724375711726));
#13979=CARTESIAN_POINT('Origin',(2.2098,0.023625393533863,0.901390443026977));
#13980=CARTESIAN_POINT('Origin',(2.2098,-0.0236253935338433,0.901390443026978));
#13981=CARTESIAN_POINT('Origin',(2.2098,-0.0895350786792465,0.897243757117263));
#13982=CARTESIAN_POINT('Origin',(2.2098,-0.136413279177799,0.891321663185609));
#13983=CARTESIAN_POINT('Origin',(2.2098,-0.201283529215922,0.878947001170368));
#13984=CARTESIAN_POINT('Origin',(2.2098,-0.247049845919776,0.86719620826605));
#13985=CARTESIAN_POINT('Origin',(2.2098,-0.309857618255909,0.846788725957529));
#13986=CARTESIAN_POINT('Origin',(2.2098,-0.353790289011175,0.829394551104231));
#13987=CARTESIAN_POINT('Origin',(2.2098,-0.413545067556031,0.801276086689275));
#13988=CARTESIAN_POINT('Origin',(2.2098,0.864573902667738,-0.256075880992091));
#13989=CARTESIAN_POINT('Origin',(2.2098,0.880997382816106,-0.192110649031156));
#13990=CARTESIAN_POINT('Origin',(2.2098,0.825661661006929,-0.362416489060968));
#13991=CARTESIAN_POINT('Origin',(2.2098,0.849972606466225,-0.301014049932908));
#13992=CARTESIAN_POINT('Origin',(2.2098,0.773728241725671,-0.463041572600237));
#13993=CARTESIAN_POINT('Origin',(2.2098,0.805543254363349,-0.40517027945014));
#13994=CARTESIAN_POINT('Origin',(2.2098,0.709592665869553,-0.556364213931973));
#13995=CARTESIAN_POINT('Origin',(2.2098,0.748410003930948,-0.502936731623451));
#13996=CARTESIAN_POINT('Origin',(2.2098,0.634266389782558,-0.640912659254129));
#13997=CARTESIAN_POINT('Origin',(2.2098,0.679473880658089,-0.592771571099219));
#13998=CARTESIAN_POINT('Origin',(2.2098,0.548937353836318,-0.715353529077184));
#13999=CARTESIAN_POINT('Origin',(2.2098,0.599822048389231,-0.67325804879418));
#14000=CARTESIAN_POINT('Origin',(2.2098,0.454951247900798,-0.778512846415206));
#14001=CARTESIAN_POINT('Origin',(2.2098,0.510710664100951,-0.743126844874794));
#14002=CARTESIAN_POINT('Origin',(2.2098,0.353790289011181,-0.829394551104229));
#14003=CARTESIAN_POINT('Origin',(2.2098,0.413545067556037,-0.801276086689272));
#14004=CARTESIAN_POINT('Origin',(2.2098,0.247049845919782,-0.867196208266048));
#14005=CARTESIAN_POINT('Origin',(2.2098,0.309857618255914,-0.846788725957527));
#14006=CARTESIAN_POINT('Origin',(2.2098,0.136413279177805,-0.891321663185608));
#14007=CARTESIAN_POINT('Origin',(2.2098,0.201283529215927,-0.878947001170367));
#14008=CARTESIAN_POINT('Origin',(2.2098,0.02362539353385,-0.901390443026977));
#14009=CARTESIAN_POINT('Origin',(2.2098,0.0895350786792531,-0.897243757117262));
#14010=CARTESIAN_POINT('Origin',(2.2098,-0.0895350786792594,-0.897243757117261));
#14011=CARTESIAN_POINT('Origin',(2.2098,-0.0236253935338563,-0.901390443026977));
#14012=CARTESIAN_POINT('Origin',(2.2098,-0.201283529215934,-0.878947001170365));
#14013=CARTESIAN_POINT('Origin',(2.2098,-0.136413279177811,-0.891321663185607));
#14014=CARTESIAN_POINT('Origin',(2.2098,-0.309857618255921,-0.846788725957525));
#14015=CARTESIAN_POINT('Origin',(2.2098,-0.247049845919789,-0.867196208266047));
#14016=CARTESIAN_POINT('Origin',(2.2098,-0.413545067556042,-0.801276086689269));
#14017=CARTESIAN_POINT('Origin',(2.2098,-0.353790289011186,-0.829394551104226));
#14018=CARTESIAN_POINT('Origin',(2.2098,-0.510710664100956,-0.74312684487479));
#14019=CARTESIAN_POINT('Origin',(2.2098,-0.454951247900803,-0.778512846415203));
#14020=CARTESIAN_POINT('Origin',(2.2098,-0.599822048389236,-0.673258048794176));
#14021=CARTESIAN_POINT('Origin',(2.2098,-0.548937353836323,-0.71535352907718));
#14022=CARTESIAN_POINT('Origin',(2.2098,-0.679473880658093,-0.592771571099214));
#14023=CARTESIAN_POINT('Origin',(2.2098,-0.634266389782563,-0.640912659254125));
#14024=CARTESIAN_POINT('Origin',(2.2098,-0.748410003930951,-0.502936731623446));
#14025=CARTESIAN_POINT('Origin',(2.2098,-0.709592665869556,-0.556364213931968));
#14026=CARTESIAN_POINT('Origin',(2.2098,-0.805543254363352,-0.405170279450135));
#14027=CARTESIAN_POINT('Origin',(2.2098,-0.773728241725675,-0.463041572600232));
#14028=CARTESIAN_POINT('Origin',(2.2098,-0.849972606466227,-0.301014049932902));
#14029=CARTESIAN_POINT('Origin',(2.2098,-0.825661661006932,-0.362416489060962));
#14030=CARTESIAN_POINT('Origin',(2.2098,-0.880997382816107,-0.19211064903115));
#14031=CARTESIAN_POINT('Origin',(2.2098,-0.86457390266774,-0.256075880992085));
#14032=CARTESIAN_POINT('Origin',(2.2098,-0.89812830415665,-0.0801775484328376));
#14033=CARTESIAN_POINT('Origin',(2.2098,-0.889851297412064,-0.145696803307646));
#14034=CARTESIAN_POINT('Origin',(2.2098,-0.9010952056248,0.03302));
#14035=CARTESIAN_POINT('Origin',(2.2098,-0.9010952056248,-0.03302));
#14036=CARTESIAN_POINT('Origin',(2.2098,-0.889851297412061,0.145696803307658));
#14037=CARTESIAN_POINT('Origin',(2.2098,-0.898128304156649,0.0801775484328501));
#14038=CARTESIAN_POINT('Origin',(2.2098,-0.864573902667737,0.256075880992097));
#14039=CARTESIAN_POINT('Origin',(2.2098,-0.880997382816104,0.192110649031162));
#14040=CARTESIAN_POINT('Origin',(2.2098,-0.825661661006927,0.362416489060974));
#14041=CARTESIAN_POINT('Origin',(2.2098,-0.849972606466223,0.301014049932914));
#14042=CARTESIAN_POINT('Origin',(2.2098,-0.773728241725668,0.463041572600242));
#14043=CARTESIAN_POINT('Origin',(2.2098,-0.805543254363346,0.405170279450146));
#14044=CARTESIAN_POINT('Origin',(2.2098,-0.709592665869548,0.556364213931978));
#14045=CARTESIAN_POINT('Origin',(2.2098,-0.748410003930944,0.502936731623457));
#14046=CARTESIAN_POINT('Origin',(2.2098,-0.634266389782554,0.640912659254134));
#14047=CARTESIAN_POINT('Origin',(2.2098,-0.679473880658085,0.592771571099224));
#14048=CARTESIAN_POINT('Origin',(2.2098,-0.548937353836313,0.715353529077188));
#14049=CARTESIAN_POINT('Origin',(2.2098,-0.599822048389226,0.673258048794185));
#14050=CARTESIAN_POINT('Origin',(2.2098,-0.454951247900792,0.778512846415209));
#14051=CARTESIAN_POINT('Origin',(2.2098,-0.510710664100946,0.743126844874797));
#14052=CARTESIAN_POINT('Origin',(-5.969,0.660399999999878,-8.85147294161801E-12));
#14053=CARTESIAN_POINT('',(-5.96900000000001,-1.21665711614038E-13,-0.889000000008851));
#14054=CARTESIAN_POINT('Origin',(-0.508,0.660399999999878,-8.88960690080085E-12));
#14055=CARTESIAN_POINT('Origin',(0.,0.654049999999867,-8.89315424584112E-12));
#14056=CARTESIAN_POINT('Origin',(-3.6009466365912,0.990599999999878,-0.889000000008868));
#14057=CARTESIAN_POINT('',(-3.6009466365912,-1.21882552048535E-13,-0.889000000008868));
#14058=CARTESIAN_POINT('Origin',(-5.96900000000001,-1.21665711614038E-13,
-0.889000000008851));
#14059=CARTESIAN_POINT('Origin',(4.16368750200647,0.,0.));
#14060=CARTESIAN_POINT('',(-72.75,0.,-1.6153745008296E-14));
#14061=CARTESIAN_POINT('',(-70.25,0.,-1.55986334959834E-14));
#14062=CARTESIAN_POINT('',(0.,0.,0.));
#14063=CARTESIAN_POINT('',(-24.75,-2.12286116821639E-15,-1.11022302462516E-14));
#14064=CARTESIAN_POINT('',(0.,0.,0.));
#14065=CARTESIAN_POINT('',(-28.75,9.758488103392E-17,-1.11022302462516E-14));
#14066=CARTESIAN_POINT('',(-92.75,8.83883476483227,8.83883476483224));
#14067=CARTESIAN_POINT('',(-92.75,-8.83883476483227,8.83883476483224));
#14068=CARTESIAN_POINT('',(-92.75,8.83883476483227,-8.8388347648323));
#14069=CARTESIAN_POINT('',(-92.75,-8.83883476483227,-8.8388347648323));
#14070=CARTESIAN_POINT('',(-102.5,1.11022302462516E-15,-3.21964677141295E-14));
#14071=CARTESIAN_POINT('',(-27.7500000000001,-5.867,3.22500000000885));
#14072=CARTESIAN_POINT('',(-27.7500000000001,5.867,3.22499999999107));
#14073=CARTESIAN_POINT('',(-27.7500000000001,5.867,-3.22500000000887));
#14074=CARTESIAN_POINT('',(-27.7500000000001,-5.86699999999999,-3.22499999999108));
#14075=UNCERTAINTY_MEASURE_WITH_UNIT(LENGTH_MEASURE(0.01),#14095,
'DISTANCE_ACCURACY_VALUE',
'Maximum model space distance between geometric entities at asserted c
onnectivities');
#14076=UNCERTAINTY_MEASURE_WITH_UNIT(LENGTH_MEASURE(0.01),#14095,
'DISTANCE_ACCURACY_VALUE',
'Maximum model space distance between geometric entities at asserted c
onnectivities');
#14077=UNCERTAINTY_MEASURE_WITH_UNIT(LENGTH_MEASURE(0.01),#14095,
'DISTANCE_ACCURACY_VALUE',
'Maximum model space distance between geometric entities at asserted c
onnectivities');
#14078=UNCERTAINTY_MEASURE_WITH_UNIT(LENGTH_MEASURE(0.01),#14095,
'DISTANCE_ACCURACY_VALUE',
'Maximum model space distance between geometric entities at asserted c
onnectivities');
#14079=UNCERTAINTY_MEASURE_WITH_UNIT(LENGTH_MEASURE(0.01),#14095,
'DISTANCE_ACCURACY_VALUE',
'Maximum model space distance between geometric entities at asserted c
onnectivities');
#14080=UNCERTAINTY_MEASURE_WITH_UNIT(LENGTH_MEASURE(0.01),#14095,
'DISTANCE_ACCURACY_VALUE',
'Maximum model space distance between geometric entities at asserted c
onnectivities');
#14081=UNCERTAINTY_MEASURE_WITH_UNIT(LENGTH_MEASURE(0.01),#14095,
'DISTANCE_ACCURACY_VALUE',
'Maximum model space distance between geometric entities at asserted c
onnectivities');
#14082=UNCERTAINTY_MEASURE_WITH_UNIT(LENGTH_MEASURE(0.01),#14095,
'DISTANCE_ACCURACY_VALUE',
'Maximum model space distance between geometric entities at asserted c
onnectivities');
#14083=UNCERTAINTY_MEASURE_WITH_UNIT(LENGTH_MEASURE(0.01),#14095,
'DISTANCE_ACCURACY_VALUE',
'Maximum model space distance between geometric entities at asserted c
onnectivities');
#14084=UNCERTAINTY_MEASURE_WITH_UNIT(LENGTH_MEASURE(0.01),#14095,
'DISTANCE_ACCURACY_VALUE',
'Maximum model space distance between geometric entities at asserted c
onnectivities');
#14085=(
GEOMETRIC_REPRESENTATION_CONTEXT(3)
GLOBAL_UNCERTAINTY_ASSIGNED_CONTEXT((#14075))
GLOBAL_UNIT_ASSIGNED_CONTEXT((#14095,#14097,#14098))
REPRESENTATION_CONTEXT('','3D')
);
#14086=(
GEOMETRIC_REPRESENTATION_CONTEXT(3)
GLOBAL_UNCERTAINTY_ASSIGNED_CONTEXT((#14076))
GLOBAL_UNIT_ASSIGNED_CONTEXT((#14095,#14097,#14098))
REPRESENTATION_CONTEXT('','3D')
);
#14087=(
GEOMETRIC_REPRESENTATION_CONTEXT(3)
GLOBAL_UNCERTAINTY_ASSIGNED_CONTEXT((#14077))
GLOBAL_UNIT_ASSIGNED_CONTEXT((#14095,#14097,#14098))
REPRESENTATION_CONTEXT('','3D')
);
#14088=(
GEOMETRIC_REPRESENTATION_CONTEXT(3)
GLOBAL_UNCERTAINTY_ASSIGNED_CONTEXT((#14078))
GLOBAL_UNIT_ASSIGNED_CONTEXT((#14095,#14097,#14098))
REPRESENTATION_CONTEXT('','3D')
);
#14089=(
GEOMETRIC_REPRESENTATION_CONTEXT(3)
GLOBAL_UNCERTAINTY_ASSIGNED_CONTEXT((#14079))
GLOBAL_UNIT_ASSIGNED_CONTEXT((#14095,#14097,#14098))
REPRESENTATION_CONTEXT('','3D')
);
#14090=(
GEOMETRIC_REPRESENTATION_CONTEXT(3)
GLOBAL_UNCERTAINTY_ASSIGNED_CONTEXT((#14080))
GLOBAL_UNIT_ASSIGNED_CONTEXT((#14095,#14097,#14098))
REPRESENTATION_CONTEXT('','3D')
);
#14091=(
GEOMETRIC_REPRESENTATION_CONTEXT(3)
GLOBAL_UNCERTAINTY_ASSIGNED_CONTEXT((#14081))
GLOBAL_UNIT_ASSIGNED_CONTEXT((#14095,#14097,#14098))
REPRESENTATION_CONTEXT('','3D')
);
#14092=(
GEOMETRIC_REPRESENTATION_CONTEXT(3)
GLOBAL_UNCERTAINTY_ASSIGNED_CONTEXT((#14082))
GLOBAL_UNIT_ASSIGNED_CONTEXT((#14095,#14097,#14098))
REPRESENTATION_CONTEXT('','3D')
);
#14093=(
GEOMETRIC_REPRESENTATION_CONTEXT(3)
GLOBAL_UNCERTAINTY_ASSIGNED_CONTEXT((#14083))
GLOBAL_UNIT_ASSIGNED_CONTEXT((#14095,#14097,#14098))
REPRESENTATION_CONTEXT('','3D')
);
#14094=(
GEOMETRIC_REPRESENTATION_CONTEXT(3)
GLOBAL_UNCERTAINTY_ASSIGNED_CONTEXT((#14084))
GLOBAL_UNIT_ASSIGNED_CONTEXT((#14095,#14097,#14098))
REPRESENTATION_CONTEXT('','3D')
);
#14095=(
LENGTH_UNIT()
NAMED_UNIT(*)
SI_UNIT(.MILLI.,.METRE.)
);
#14096=(
LENGTH_UNIT()
NAMED_UNIT(*)
SI_UNIT($,.METRE.)
);
#14097=(
NAMED_UNIT(*)
PLANE_ANGLE_UNIT()
SI_UNIT($,.RADIAN.)
);
#14098=(
NAMED_UNIT(*)
SI_UNIT($,.STERADIAN.)
SOLID_ANGLE_UNIT()
);
#14099=SHAPE_DEFINITION_REPRESENTATION(#14108,#14132);
#14100=SHAPE_DEFINITION_REPRESENTATION(#14109,#14133);
#14101=SHAPE_DEFINITION_REPRESENTATION(#14110,#14134);
#14102=SHAPE_DEFINITION_REPRESENTATION(#14111,#14135);
#14103=SHAPE_DEFINITION_REPRESENTATION(#14112,#14136);
#14104=SHAPE_DEFINITION_REPRESENTATION(#14113,#14137);
#14105=SHAPE_DEFINITION_REPRESENTATION(#14114,#14138);
#14106=SHAPE_DEFINITION_REPRESENTATION(#14115,#14139);
#14107=SHAPE_DEFINITION_REPRESENTATION(#14116,#14140);
#14108=PRODUCT_DEFINITION_SHAPE('',$,#14142);
#14109=PRODUCT_DEFINITION_SHAPE('',$,#14143);
#14110=PRODUCT_DEFINITION_SHAPE('',$,#14144);
#14111=PRODUCT_DEFINITION_SHAPE('',$,#14145);
#14112=PRODUCT_DEFINITION_SHAPE('',$,#14146);
#14113=PRODUCT_DEFINITION_SHAPE('',$,#14147);
#14114=PRODUCT_DEFINITION_SHAPE('',$,#14148);
#14115=PRODUCT_DEFINITION_SHAPE('',$,#14149);
#14116=PRODUCT_DEFINITION_SHAPE('',$,#14150);
#14117=PRODUCT_DEFINITION_SHAPE($,$,#56);
#14118=PRODUCT_DEFINITION_SHAPE($,$,#57);
#14119=PRODUCT_DEFINITION_SHAPE($,$,#58);
#14120=PRODUCT_DEFINITION_SHAPE($,$,#59);
#14121=PRODUCT_DEFINITION_SHAPE($,$,#60);
#14122=PRODUCT_DEFINITION_SHAPE($,$,#61);
#14123=PRODUCT_DEFINITION_SHAPE($,$,#62);
#14124=PRODUCT_DEFINITION_SHAPE($,$,#63);
#14125=PRODUCT_DEFINITION_SHAPE($,$,#64);
#14126=PRODUCT_DEFINITION_SHAPE($,$,#65);
#14127=PRODUCT_DEFINITION_SHAPE($,$,#66);
#14128=PRODUCT_DEFINITION_SHAPE($,$,#67);
#14129=PRODUCT_DEFINITION_SHAPE($,$,#68);
#14130=PRODUCT_DEFINITION_SHAPE($,$,#69);
#14131=PRODUCT_DEFINITION_SHAPE($,$,#70);
#14132=SHAPE_REPRESENTATION('',(#6315,#7017,#7018,#7019,#7020,#7021,#7022,
#7023,#7024,#7025,#7026,#7027,#7028,#7029,#7030,#7031),#14085);
#14133=SHAPE_REPRESENTATION('',(#6316),#14086);
#14134=SHAPE_REPRESENTATION('',(#6352),#14087);
#14135=SHAPE_REPRESENTATION('',(#6380),#14088);
#14136=SHAPE_REPRESENTATION('',(#6447),#14089);
#14137=SHAPE_REPRESENTATION('',(#6473),#14090);
#14138=SHAPE_REPRESENTATION('',(#6510),#14091);
#14139=SHAPE_REPRESENTATION('',(#6516),#14092);
#14140=SHAPE_REPRESENTATION('',(#6522),#14093);
#14141=PRODUCT_DEFINITION_CONTEXT('part definition',#14170,'design');
#14142=PRODUCT_DEFINITION('Filament mount','Filament mount v41',#14151,
#14141);
#14143=PRODUCT_DEFINITION('End cap','End cap',#14152,#14141);
#14144=PRODUCT_DEFINITION('O-ring','O-ring',#14153,#14141);
#14145=PRODUCT_DEFINITION('Cross','Cross',#14154,#14141);
#14146=PRODUCT_DEFINITION('Filament','Filament',#14155,#14141);
#14147=PRODUCT_DEFINITION('PEEK mount','PEEK mount',#14156,#14141);
#14148=PRODUCT_DEFINITION('Copper rod','Copper rod',#14157,#14141);
#14149=PRODUCT_DEFINITION('M3 stud','M3 stud',#14158,#14141);
#14150=PRODUCT_DEFINITION('B61641CB-4F1C-420F-852D-4938F5350E26',
'mill-max-2074-0-15-20-XX-14-11-0 v1',#14159,#14141);
#14151=PRODUCT_DEFINITION_FORMATION('',$,#14172);
#14152=PRODUCT_DEFINITION_FORMATION('',$,#14173);
#14153=PRODUCT_DEFINITION_FORMATION('',$,#14174);
#14154=PRODUCT_DEFINITION_FORMATION('',$,#14175);
#14155=PRODUCT_DEFINITION_FORMATION('',$,#14176);
#14156=PRODUCT_DEFINITION_FORMATION('',$,#14177);
#14157=PRODUCT_DEFINITION_FORMATION('',$,#14178);
#14158=PRODUCT_DEFINITION_FORMATION('',$,#14179);
#14159=PRODUCT_DEFINITION_FORMATION('',$,#14180);
#14160=PRODUCT_RELATED_PRODUCT_CATEGORY('Filament mount v41',
'Filament mount v41',(#14172));
#14161=PRODUCT_RELATED_PRODUCT_CATEGORY('End cap','End cap',(#14173));
#14162=PRODUCT_RELATED_PRODUCT_CATEGORY('O-ring','O-ring',(#14174));
#14163=PRODUCT_RELATED_PRODUCT_CATEGORY('Cross','Cross',(#14175));
#14164=PRODUCT_RELATED_PRODUCT_CATEGORY('Filament','Filament',(#14176));
#14165=PRODUCT_RELATED_PRODUCT_CATEGORY('PEEK mount','PEEK mount',(#14177));
#14166=PRODUCT_RELATED_PRODUCT_CATEGORY('Copper rod','Copper rod',(#14178));
#14167=PRODUCT_RELATED_PRODUCT_CATEGORY('M3 stud','M3 stud',(#14179));
#14168=PRODUCT_RELATED_PRODUCT_CATEGORY(
'mill-max-2074-0-15-20-XX-14-11-0 v1',
'mill-max-2074-0-15-20-XX-14-11-0 v1',(#14180));
#14169=APPLICATION_PROTOCOL_DEFINITION('international standard',
'automotive_design',2009,#14170);
#14170=APPLICATION_CONTEXT(
'Core Data for Automotive Mechanical Design Process');
#14171=PRODUCT_CONTEXT('part definition',#14170,'mechanical');
#14172=PRODUCT('Filament mount','Filament mount v41',$,(#14171));
#14173=PRODUCT('End cap','End cap',$,(#14171));
#14174=PRODUCT('O-ring','O-ring',$,(#14171));
#14175=PRODUCT('Cross','Cross',$,(#14171));
#14176=PRODUCT('Filament','Filament',$,(#14171));
#14177=PRODUCT('PEEK mount','PEEK mount',$,(#14171));
#14178=PRODUCT('Copper rod','Copper rod',$,(#14171));
#14179=PRODUCT('M3 stud','M3 stud',$,(#14171));
#14180=PRODUCT('B61641CB-4F1C-420F-852D-4938F5350E26',
'mill-max-2074-0-15-20-XX-14-11-0 v1','STEP AP214',(#14171));
#14181=PRESENTATION_STYLE_ASSIGNMENT((#14187));
#14182=PRESENTATION_STYLE_ASSIGNMENT((#14188));
#14183=PRESENTATION_STYLE_ASSIGNMENT((#14189));
#14184=PRESENTATION_STYLE_ASSIGNMENT((#14190));
#14185=PRESENTATION_STYLE_ASSIGNMENT((#14191));
#14186=PRESENTATION_STYLE_ASSIGNMENT((#14192));
#14187=SURFACE_STYLE_USAGE(.BOTH.,#14193);
#14188=SURFACE_STYLE_USAGE(.BOTH.,#14194);
#14189=SURFACE_STYLE_USAGE(.BOTH.,#14195);
#14190=SURFACE_STYLE_USAGE(.BOTH.,#14196);
#14191=SURFACE_STYLE_USAGE(.BOTH.,#14197);
#14192=SURFACE_STYLE_USAGE(.BOTH.,#14198);
#14193=SURFACE_SIDE_STYLE('',(#14199));
#14194=SURFACE_SIDE_STYLE('',(#14200));
#14195=SURFACE_SIDE_STYLE('',(#14201));
#14196=SURFACE_SIDE_STYLE('',(#14202));
#14197=SURFACE_SIDE_STYLE('',(#14203));
#14198=SURFACE_SIDE_STYLE('',(#14204));
#14199=SURFACE_STYLE_FILL_AREA(#14205);
#14200=SURFACE_STYLE_FILL_AREA(#14206);
#14201=SURFACE_STYLE_FILL_AREA(#14207);
#14202=SURFACE_STYLE_FILL_AREA(#14208);
#14203=SURFACE_STYLE_FILL_AREA(#14209);
#14204=SURFACE_STYLE_FILL_AREA(#14210);
#14205=FILL_AREA_STYLE('Steel - Satin',(#14211));
#14206=FILL_AREA_STYLE('Polymide (Kapton)',(#14212));
#14207=FILL_AREA_STYLE('Stainless Steel - Polished',(#14213));
#14208=FILL_AREA_STYLE('ABS (White)',(#14214));
#14209=FILL_AREA_STYLE('Copper - Raw',(#14215));
#14210=FILL_AREA_STYLE('Opaque(255,206,127)',(#14216));
#14211=FILL_AREA_STYLE_COLOUR('Steel - Satin',#14217);
#14212=FILL_AREA_STYLE_COLOUR('Polymide (Kapton)',#14218);
#14213=FILL_AREA_STYLE_COLOUR('Stainless Steel - Polished',#14219);
#14214=FILL_AREA_STYLE_COLOUR('ABS (White)',#14220);
#14215=FILL_AREA_STYLE_COLOUR('Copper - Raw',#14221);
#14216=FILL_AREA_STYLE_COLOUR('Opaque(255,206,127)',#14222);
#14217=COLOUR_RGB('Steel - Satin',0.627450980392157,0.627450980392157,0.627450980392157);
#14218=COLOUR_RGB('Polymide (Kapton)',0.784313725490196,0.556862745098039,
0.0274509803921569);
#14219=COLOUR_RGB('Stainless Steel - Polished',0.796078431372549,0.796078431372549,
0.796078431372549);
#14220=COLOUR_RGB('ABS (White)',0.964705882352941,0.964705882352941,0.952941176470588);
#14221=COLOUR_RGB('Copper - Raw',0.,0.,0.);
#14222=COLOUR_RGB('Opaque(255,206,127)',1.,0.807843137254902,0.498039215686275);
ENDSEC;
END-ISO-10303-21;
