ISO-10303-21;
HEADER;
/* Generated by software containing ST-Developer
 * from STEP Tools, Inc. (www.steptools.com) 
 */

FILE_DESCRIPTION(
/* description */ (''),
/* implementation_level */ '2;1');

FILE_NAME(
/* name */ 'Case.step',
/* time_stamp */ '2026-09-18T09:39:09+10:00',
/* author */ (''),
/* organization */ (''),
/* preprocessor_version */ 'ST-DEVELOPER v20.1',
/* originating_system */ 'Autodesk Translation Framework v15.8.0.0',
/* authorisation */ '');

FILE_SCHEMA (('AUTOMOTIVE_DESIGN { 1 0 10303 214 3 1 1 }'));
ENDSEC;

DATA;
#10=MECHANICAL_DESIGN_GEOMETRIC_PRESENTATION_REPRESENTATION('',(#17,#18),
#2947);
#11=ITEM_DEFINED_TRANSFORMATION($,$,#1747,#1937);
#12=(
REPRESENTATION_RELATIONSHIP($,$,#2958,#2957)
REPRESENTATION_RELATIONSHIP_WITH_TRANSFORMATION(#11)
SHAPE_REPRESENTATION_RELATIONSHIP()
);
#13=CONTEXT_DEPENDENT_SHAPE_REPRESENTATION(#12,#2956);
#14=NEXT_ASSEMBLY_USAGE_OCCURRENCE('Case:1','Case:1','Case:1',#2960,#2961,
'Case:1');
#15=SHAPE_REPRESENTATION_RELATIONSHIP('SRR','None',#2958,#16);
#16=ADVANCED_BREP_SHAPE_REPRESENTATION('',(#19,#20),#2946);
#17=STYLED_ITEM('',(#2971),#19);
#18=STYLED_ITEM('',(#2971),#20);
#19=MANIFOLD_SOLID_BREP('Body',#1732);
#20=MANIFOLD_SOLID_BREP('Lid',#1733);
#21=FACE_BOUND('',#275,.T.);
#22=FACE_BOUND('',#276,.T.);
#23=FACE_BOUND('',#277,.T.);
#24=FACE_BOUND('',#278,.T.);
#25=FACE_BOUND('',#279,.T.);
#26=FACE_BOUND('',#280,.T.);
#27=FACE_BOUND('',#281,.T.);
#28=FACE_BOUND('',#282,.T.);
#29=FACE_BOUND('',#286,.T.);
#30=FACE_BOUND('',#288,.T.);
#31=FACE_BOUND('',#291,.T.);
#32=FACE_BOUND('',#292,.T.);
#33=FACE_BOUND('',#293,.T.);
#34=FACE_BOUND('',#294,.T.);
#35=FACE_BOUND('',#295,.T.);
#36=FACE_BOUND('',#296,.T.);
#37=FACE_BOUND('',#297,.T.);
#38=FACE_BOUND('',#298,.T.);
#39=FACE_BOUND('',#301,.T.);
#40=FACE_BOUND('',#320,.T.);
#41=FACE_BOUND('',#321,.T.);
#42=FACE_BOUND('',#322,.T.);
#43=FACE_BOUND('',#323,.T.);
#44=FACE_BOUND('',#324,.T.);
#45=FACE_BOUND('',#325,.T.);
#46=FACE_BOUND('',#326,.T.);
#47=FACE_BOUND('',#327,.T.);
#48=FACE_BOUND('',#328,.T.);
#49=FACE_BOUND('',#329,.T.);
#50=FACE_BOUND('',#330,.T.);
#51=FACE_BOUND('',#331,.T.);
#52=FACE_BOUND('',#332,.T.);
#53=FACE_BOUND('',#333,.T.);
#54=FACE_BOUND('',#334,.T.);
#55=FACE_BOUND('',#335,.T.);
#56=FACE_BOUND('',#336,.T.);
#57=FACE_BOUND('',#340,.T.);
#58=FACE_BOUND('',#344,.T.);
#59=FACE_BOUND('',#348,.T.);
#60=FACE_BOUND('',#352,.T.);
#61=FACE_BOUND('',#356,.T.);
#62=FACE_BOUND('',#360,.T.);
#63=FACE_BOUND('',#364,.T.);
#64=FACE_BOUND('',#368,.T.);
#65=FACE_BOUND('',#374,.T.);
#66=FACE_BOUND('',#378,.T.);
#67=FACE_BOUND('',#382,.T.);
#68=FACE_BOUND('',#386,.T.);
#69=FACE_BOUND('',#390,.T.);
#70=FACE_BOUND('',#394,.T.);
#71=FACE_BOUND('',#398,.T.);
#72=FACE_BOUND('',#402,.T.);
#73=PLANE('',#1757);
#74=PLANE('',#1758);
#75=PLANE('',#1759);
#76=PLANE('',#1760);
#77=PLANE('',#1770);
#78=PLANE('',#1771);
#79=PLANE('',#1772);
#80=PLANE('',#1773);
#81=PLANE('',#1774);
#82=PLANE('',#1775);
#83=PLANE('',#1776);
#84=PLANE('',#1777);
#85=PLANE('',#1778);
#86=PLANE('',#1779);
#87=PLANE('',#1780);
#88=PLANE('',#1781);
#89=PLANE('',#1782);
#90=PLANE('',#1783);
#91=PLANE('',#1784);
#92=PLANE('',#1785);
#93=PLANE('',#1786);
#94=PLANE('',#1787);
#95=PLANE('',#1789);
#96=PLANE('',#1791);
#97=PLANE('',#1793);
#98=PLANE('',#1795);
#99=PLANE('',#1797);
#100=PLANE('',#1799);
#101=PLANE('',#1801);
#102=PLANE('',#1803);
#103=PLANE('',#1805);
#104=PLANE('',#1807);
#105=PLANE('',#1809);
#106=PLANE('',#1811);
#107=PLANE('',#1813);
#108=PLANE('',#1815);
#109=PLANE('',#1817);
#110=PLANE('',#1819);
#111=PLANE('',#1820);
#112=PLANE('',#1842);
#113=PLANE('',#1847);
#114=PLANE('',#1852);
#115=PLANE('',#1857);
#116=PLANE('',#1862);
#117=PLANE('',#1867);
#118=PLANE('',#1872);
#119=PLANE('',#1877);
#120=PLANE('',#1880);
#121=PLANE('',#1885);
#122=PLANE('',#1890);
#123=PLANE('',#1895);
#124=PLANE('',#1900);
#125=PLANE('',#1905);
#126=PLANE('',#1910);
#127=PLANE('',#1915);
#128=PLANE('',#1920);
#129=PLANE('',#1921);
#130=PLANE('',#1922);
#131=PLANE('',#1923);
#132=PLANE('',#1924);
#133=PLANE('',#1925);
#134=PLANE('',#1926);
#135=PLANE('',#1927);
#136=PLANE('',#1928);
#137=PLANE('',#1929);
#138=PLANE('',#1930);
#139=PLANE('',#1931);
#140=PLANE('',#1932);
#141=PLANE('',#1933);
#142=PLANE('',#1934);
#143=PLANE('',#1935);
#144=PLANE('',#1936);
#145=FACE_OUTER_BOUND('',#256,.T.);
#146=FACE_OUTER_BOUND('',#257,.T.);
#147=FACE_OUTER_BOUND('',#258,.T.);
#148=FACE_OUTER_BOUND('',#259,.T.);
#149=FACE_OUTER_BOUND('',#260,.T.);
#150=FACE_OUTER_BOUND('',#261,.T.);
#151=FACE_OUTER_BOUND('',#262,.T.);
#152=FACE_OUTER_BOUND('',#263,.T.);
#153=FACE_OUTER_BOUND('',#264,.T.);
#154=FACE_OUTER_BOUND('',#265,.T.);
#155=FACE_OUTER_BOUND('',#266,.T.);
#156=FACE_OUTER_BOUND('',#267,.T.);
#157=FACE_OUTER_BOUND('',#268,.T.);
#158=FACE_OUTER_BOUND('',#269,.T.);
#159=FACE_OUTER_BOUND('',#270,.T.);
#160=FACE_OUTER_BOUND('',#271,.T.);
#161=FACE_OUTER_BOUND('',#272,.T.);
#162=FACE_OUTER_BOUND('',#273,.T.);
#163=FACE_OUTER_BOUND('',#274,.T.);
#164=FACE_OUTER_BOUND('',#283,.T.);
#165=FACE_OUTER_BOUND('',#284,.T.);
#166=FACE_OUTER_BOUND('',#285,.T.);
#167=FACE_OUTER_BOUND('',#287,.T.);
#168=FACE_OUTER_BOUND('',#289,.T.);
#169=FACE_OUTER_BOUND('',#290,.T.);
#170=FACE_OUTER_BOUND('',#299,.T.);
#171=FACE_OUTER_BOUND('',#300,.T.);
#172=FACE_OUTER_BOUND('',#302,.T.);
#173=FACE_OUTER_BOUND('',#303,.T.);
#174=FACE_OUTER_BOUND('',#304,.T.);
#175=FACE_OUTER_BOUND('',#305,.T.);
#176=FACE_OUTER_BOUND('',#306,.T.);
#177=FACE_OUTER_BOUND('',#307,.T.);
#178=FACE_OUTER_BOUND('',#308,.T.);
#179=FACE_OUTER_BOUND('',#309,.T.);
#180=FACE_OUTER_BOUND('',#310,.T.);
#181=FACE_OUTER_BOUND('',#311,.T.);
#182=FACE_OUTER_BOUND('',#312,.T.);
#183=FACE_OUTER_BOUND('',#313,.T.);
#184=FACE_OUTER_BOUND('',#314,.T.);
#185=FACE_OUTER_BOUND('',#315,.T.);
#186=FACE_OUTER_BOUND('',#316,.T.);
#187=FACE_OUTER_BOUND('',#317,.T.);
#188=FACE_OUTER_BOUND('',#318,.T.);
#189=FACE_OUTER_BOUND('',#319,.T.);
#190=FACE_OUTER_BOUND('',#337,.T.);
#191=FACE_OUTER_BOUND('',#338,.T.);
#192=FACE_OUTER_BOUND('',#339,.T.);
#193=FACE_OUTER_BOUND('',#341,.T.);
#194=FACE_OUTER_BOUND('',#342,.T.);
#195=FACE_OUTER_BOUND('',#343,.T.);
#196=FACE_OUTER_BOUND('',#345,.T.);
#197=FACE_OUTER_BOUND('',#346,.T.);
#198=FACE_OUTER_BOUND('',#347,.T.);
#199=FACE_OUTER_BOUND('',#349,.T.);
#200=FACE_OUTER_BOUND('',#350,.T.);
#201=FACE_OUTER_BOUND('',#351,.T.);
#202=FACE_OUTER_BOUND('',#353,.T.);
#203=FACE_OUTER_BOUND('',#354,.T.);
#204=FACE_OUTER_BOUND('',#355,.T.);
#205=FACE_OUTER_BOUND('',#357,.T.);
#206=FACE_OUTER_BOUND('',#358,.T.);
#207=FACE_OUTER_BOUND('',#359,.T.);
#208=FACE_OUTER_BOUND('',#361,.T.);
#209=FACE_OUTER_BOUND('',#362,.T.);
#210=FACE_OUTER_BOUND('',#363,.T.);
#211=FACE_OUTER_BOUND('',#365,.T.);
#212=FACE_OUTER_BOUND('',#366,.T.);
#213=FACE_OUTER_BOUND('',#367,.T.);
#214=FACE_OUTER_BOUND('',#369,.T.);
#215=FACE_OUTER_BOUND('',#370,.T.);
#216=FACE_OUTER_BOUND('',#371,.T.);
#217=FACE_OUTER_BOUND('',#372,.T.);
#218=FACE_OUTER_BOUND('',#373,.T.);
#219=FACE_OUTER_BOUND('',#375,.T.);
#220=FACE_OUTER_BOUND('',#376,.T.);
#221=FACE_OUTER_BOUND('',#377,.T.);
#222=FACE_OUTER_BOUND('',#379,.T.);
#223=FACE_OUTER_BOUND('',#380,.T.);
#224=FACE_OUTER_BOUND('',#381,.T.);
#225=FACE_OUTER_BOUND('',#383,.T.);
#226=FACE_OUTER_BOUND('',#384,.T.);
#227=FACE_OUTER_BOUND('',#385,.T.);
#228=FACE_OUTER_BOUND('',#387,.T.);
#229=FACE_OUTER_BOUND('',#388,.T.);
#230=FACE_OUTER_BOUND('',#389,.T.);
#231=FACE_OUTER_BOUND('',#391,.T.);
#232=FACE_OUTER_BOUND('',#392,.T.);
#233=FACE_OUTER_BOUND('',#393,.T.);
#234=FACE_OUTER_BOUND('',#395,.T.);
#235=FACE_OUTER_BOUND('',#396,.T.);
#236=FACE_OUTER_BOUND('',#397,.T.);
#237=FACE_OUTER_BOUND('',#399,.T.);
#238=FACE_OUTER_BOUND('',#400,.T.);
#239=FACE_OUTER_BOUND('',#401,.T.);
#240=FACE_OUTER_BOUND('',#403,.T.);
#241=FACE_OUTER_BOUND('',#404,.T.);
#242=FACE_OUTER_BOUND('',#405,.T.);
#243=FACE_OUTER_BOUND('',#406,.T.);
#244=FACE_OUTER_BOUND('',#407,.T.);
#245=FACE_OUTER_BOUND('',#408,.T.);
#246=FACE_OUTER_BOUND('',#409,.T.);
#247=FACE_OUTER_BOUND('',#410,.T.);
#248=FACE_OUTER_BOUND('',#411,.T.);
#249=FACE_OUTER_BOUND('',#412,.T.);
#250=FACE_OUTER_BOUND('',#413,.T.);
#251=FACE_OUTER_BOUND('',#414,.T.);
#252=FACE_OUTER_BOUND('',#415,.T.);
#253=FACE_OUTER_BOUND('',#416,.T.);
#254=FACE_OUTER_BOUND('',#417,.T.);
#255=FACE_OUTER_BOUND('',#418,.T.);
#256=EDGE_LOOP('',(#1144,#1145,#1146,#1147));
#257=EDGE_LOOP('',(#1148,#1149,#1150,#1151));
#258=EDGE_LOOP('',(#1152,#1153,#1154,#1155));
#259=EDGE_LOOP('',(#1156,#1157,#1158,#1159));
#260=EDGE_LOOP('',(#1160,#1161,#1162,#1163));
#261=EDGE_LOOP('',(#1164,#1165,#1166,#1167));
#262=EDGE_LOOP('',(#1168,#1169,#1170,#1171));
#263=EDGE_LOOP('',(#1172,#1173,#1174,#1175));
#264=EDGE_LOOP('',(#1176,#1177,#1178,#1179));
#265=EDGE_LOOP('',(#1180,#1181,#1182,#1183));
#266=EDGE_LOOP('',(#1184,#1185,#1186,#1187));
#267=EDGE_LOOP('',(#1188,#1189,#1190,#1191));
#268=EDGE_LOOP('',(#1192,#1193,#1194,#1195));
#269=EDGE_LOOP('',(#1196,#1197,#1198,#1199));
#270=EDGE_LOOP('',(#1200,#1201,#1202,#1203));
#271=EDGE_LOOP('',(#1204,#1205,#1206,#1207));
#272=EDGE_LOOP('',(#1208,#1209,#1210,#1211));
#273=EDGE_LOOP('',(#1212,#1213,#1214,#1215));
#274=EDGE_LOOP('',(#1216,#1217,#1218,#1219));
#275=EDGE_LOOP('',(#1220,#1221,#1222,#1223));
#276=EDGE_LOOP('',(#1224));
#277=EDGE_LOOP('',(#1225));
#278=EDGE_LOOP('',(#1226));
#279=EDGE_LOOP('',(#1227,#1228,#1229,#1230));
#280=EDGE_LOOP('',(#1231));
#281=EDGE_LOOP('',(#1232));
#282=EDGE_LOOP('',(#1233));
#283=EDGE_LOOP('',(#1234,#1235,#1236,#1237));
#284=EDGE_LOOP('',(#1238,#1239,#1240,#1241));
#285=EDGE_LOOP('',(#1242,#1243,#1244,#1245));
#286=EDGE_LOOP('',(#1246,#1247,#1248,#1249));
#287=EDGE_LOOP('',(#1250,#1251,#1252,#1253));
#288=EDGE_LOOP('',(#1254,#1255,#1256,#1257));
#289=EDGE_LOOP('',(#1258,#1259,#1260,#1261));
#290=EDGE_LOOP('',(#1262,#1263,#1264,#1265));
#291=EDGE_LOOP('',(#1266,#1267,#1268,#1269));
#292=EDGE_LOOP('',(#1270));
#293=EDGE_LOOP('',(#1271));
#294=EDGE_LOOP('',(#1272));
#295=EDGE_LOOP('',(#1273,#1274,#1275,#1276));
#296=EDGE_LOOP('',(#1277));
#297=EDGE_LOOP('',(#1278));
#298=EDGE_LOOP('',(#1279));
#299=EDGE_LOOP('',(#1280,#1281,#1282,#1283));
#300=EDGE_LOOP('',(#1284,#1285,#1286,#1287));
#301=EDGE_LOOP('',(#1288,#1289,#1290,#1291));
#302=EDGE_LOOP('',(#1292));
#303=EDGE_LOOP('',(#1293));
#304=EDGE_LOOP('',(#1294));
#305=EDGE_LOOP('',(#1295));
#306=EDGE_LOOP('',(#1296));
#307=EDGE_LOOP('',(#1297));
#308=EDGE_LOOP('',(#1298));
#309=EDGE_LOOP('',(#1299));
#310=EDGE_LOOP('',(#1300));
#311=EDGE_LOOP('',(#1301));
#312=EDGE_LOOP('',(#1302));
#313=EDGE_LOOP('',(#1303));
#314=EDGE_LOOP('',(#1304));
#315=EDGE_LOOP('',(#1305));
#316=EDGE_LOOP('',(#1306));
#317=EDGE_LOOP('',(#1307));
#318=EDGE_LOOP('',(#1308,#1309,#1310,#1311));
#319=EDGE_LOOP('',(#1312,#1313,#1314,#1315));
#320=EDGE_LOOP('',(#1316));
#321=EDGE_LOOP('',(#1317));
#322=EDGE_LOOP('',(#1318));
#323=EDGE_LOOP('',(#1319));
#324=EDGE_LOOP('',(#1320));
#325=EDGE_LOOP('',(#1321));
#326=EDGE_LOOP('',(#1322));
#327=EDGE_LOOP('',(#1323));
#328=EDGE_LOOP('',(#1324));
#329=EDGE_LOOP('',(#1325));
#330=EDGE_LOOP('',(#1326));
#331=EDGE_LOOP('',(#1327));
#332=EDGE_LOOP('',(#1328));
#333=EDGE_LOOP('',(#1329));
#334=EDGE_LOOP('',(#1330));
#335=EDGE_LOOP('',(#1331));
#336=EDGE_LOOP('',(#1332));
#337=EDGE_LOOP('',(#1333,#1334,#1335,#1336));
#338=EDGE_LOOP('',(#1337,#1338,#1339,#1340));
#339=EDGE_LOOP('',(#1341));
#340=EDGE_LOOP('',(#1342));
#341=EDGE_LOOP('',(#1343,#1344,#1345,#1346));
#342=EDGE_LOOP('',(#1347,#1348,#1349,#1350));
#343=EDGE_LOOP('',(#1351));
#344=EDGE_LOOP('',(#1352));
#345=EDGE_LOOP('',(#1353,#1354,#1355,#1356));
#346=EDGE_LOOP('',(#1357,#1358,#1359,#1360));
#347=EDGE_LOOP('',(#1361));
#348=EDGE_LOOP('',(#1362));
#349=EDGE_LOOP('',(#1363,#1364,#1365,#1366));
#350=EDGE_LOOP('',(#1367,#1368,#1369,#1370));
#351=EDGE_LOOP('',(#1371));
#352=EDGE_LOOP('',(#1372));
#353=EDGE_LOOP('',(#1373,#1374,#1375,#1376));
#354=EDGE_LOOP('',(#1377,#1378,#1379,#1380));
#355=EDGE_LOOP('',(#1381));
#356=EDGE_LOOP('',(#1382));
#357=EDGE_LOOP('',(#1383,#1384,#1385,#1386));
#358=EDGE_LOOP('',(#1387,#1388,#1389,#1390));
#359=EDGE_LOOP('',(#1391));
#360=EDGE_LOOP('',(#1392));
#361=EDGE_LOOP('',(#1393,#1394,#1395,#1396));
#362=EDGE_LOOP('',(#1397,#1398,#1399,#1400));
#363=EDGE_LOOP('',(#1401));
#364=EDGE_LOOP('',(#1402));
#365=EDGE_LOOP('',(#1403,#1404,#1405,#1406));
#366=EDGE_LOOP('',(#1407,#1408,#1409,#1410));
#367=EDGE_LOOP('',(#1411));
#368=EDGE_LOOP('',(#1412));
#369=EDGE_LOOP('',(#1413,#1414,#1415,#1416));
#370=EDGE_LOOP('',(#1417));
#371=EDGE_LOOP('',(#1418,#1419,#1420,#1421));
#372=EDGE_LOOP('',(#1422,#1423,#1424,#1425));
#373=EDGE_LOOP('',(#1426));
#374=EDGE_LOOP('',(#1427));
#375=EDGE_LOOP('',(#1428,#1429,#1430,#1431));
#376=EDGE_LOOP('',(#1432,#1433,#1434,#1435));
#377=EDGE_LOOP('',(#1436));
#378=EDGE_LOOP('',(#1437));
#379=EDGE_LOOP('',(#1438,#1439,#1440,#1441));
#380=EDGE_LOOP('',(#1442,#1443,#1444,#1445));
#381=EDGE_LOOP('',(#1446));
#382=EDGE_LOOP('',(#1447));
#383=EDGE_LOOP('',(#1448,#1449,#1450,#1451));
#384=EDGE_LOOP('',(#1452,#1453,#1454,#1455));
#385=EDGE_LOOP('',(#1456));
#386=EDGE_LOOP('',(#1457));
#387=EDGE_LOOP('',(#1458,#1459,#1460,#1461));
#388=EDGE_LOOP('',(#1462,#1463,#1464,#1465));
#389=EDGE_LOOP('',(#1466));
#390=EDGE_LOOP('',(#1467));
#391=EDGE_LOOP('',(#1468,#1469,#1470,#1471));
#392=EDGE_LOOP('',(#1472,#1473,#1474,#1475));
#393=EDGE_LOOP('',(#1476));
#394=EDGE_LOOP('',(#1477));
#395=EDGE_LOOP('',(#1478,#1479,#1480,#1481));
#396=EDGE_LOOP('',(#1482,#1483,#1484,#1485));
#397=EDGE_LOOP('',(#1486));
#398=EDGE_LOOP('',(#1487));
#399=EDGE_LOOP('',(#1488,#1489,#1490,#1491));
#400=EDGE_LOOP('',(#1492,#1493,#1494,#1495));
#401=EDGE_LOOP('',(#1496));
#402=EDGE_LOOP('',(#1497));
#403=EDGE_LOOP('',(#1498,#1499,#1500,#1501));
#404=EDGE_LOOP('',(#1502,#1503,#1504,#1505));
#405=EDGE_LOOP('',(#1506,#1507,#1508,#1509,#1510,#1511,#1512,#1513));
#406=EDGE_LOOP('',(#1514,#1515,#1516,#1517,#1518,#1519));
#407=EDGE_LOOP('',(#1520,#1521,#1522,#1523));
#408=EDGE_LOOP('',(#1524,#1525,#1526,#1527,#1528,#1529));
#409=EDGE_LOOP('',(#1530,#1531,#1532,#1533));
#410=EDGE_LOOP('',(#1534,#1535,#1536,#1537));
#411=EDGE_LOOP('',(#1538,#1539,#1540,#1541,#1542,#1543,#1544,#1545,#1546,
#1547,#1548,#1549));
#412=EDGE_LOOP('',(#1550,#1551,#1552,#1553));
#413=EDGE_LOOP('',(#1554,#1555,#1556,#1557));
#414=EDGE_LOOP('',(#1558,#1559,#1560,#1561));
#415=EDGE_LOOP('',(#1562,#1563,#1564,#1565));
#416=EDGE_LOOP('',(#1566,#1567,#1568,#1569));
#417=EDGE_LOOP('',(#1570,#1571,#1572,#1573));
#418=EDGE_LOOP('',(#1574,#1575,#1576,#1577,#1578,#1579,#1580,#1581));
#419=LINE('',#2469,#560);
#420=LINE('',#2475,#561);
#421=LINE('',#2481,#562);
#422=LINE('',#2486,#563);
#423=LINE('',#2488,#564);
#424=LINE('',#2490,#565);
#425=LINE('',#2491,#566);
#426=LINE('',#2494,#567);
#427=LINE('',#2496,#568);
#428=LINE('',#2497,#569);
#429=LINE('',#2500,#570);
#430=LINE('',#2502,#571);
#431=LINE('',#2503,#572);
#432=LINE('',#2505,#573);
#433=LINE('',#2506,#574);
#434=LINE('',#2511,#575);
#435=LINE('',#2517,#576);
#436=LINE('',#2523,#577);
#437=LINE('',#2528,#578);
#438=LINE('',#2530,#579);
#439=LINE('',#2532,#580);
#440=LINE('',#2533,#581);
#441=LINE('',#2536,#582);
#442=LINE('',#2538,#583);
#443=LINE('',#2539,#584);
#444=LINE('',#2542,#585);
#445=LINE('',#2544,#586);
#446=LINE('',#2545,#587);
#447=LINE('',#2547,#588);
#448=LINE('',#2548,#589);
#449=LINE('',#2552,#590);
#450=LINE('',#2554,#591);
#451=LINE('',#2556,#592);
#452=LINE('',#2557,#593);
#453=LINE('',#2560,#594);
#454=LINE('',#2562,#595);
#455=LINE('',#2563,#596);
#456=LINE('',#2566,#597);
#457=LINE('',#2568,#598);
#458=LINE('',#2569,#599);
#459=LINE('',#2571,#600);
#460=LINE('',#2572,#601);
#461=LINE('',#2576,#602);
#462=LINE('',#2578,#603);
#463=LINE('',#2580,#604);
#464=LINE('',#2581,#605);
#465=LINE('',#2584,#606);
#466=LINE('',#2586,#607);
#467=LINE('',#2587,#608);
#468=LINE('',#2590,#609);
#469=LINE('',#2592,#610);
#470=LINE('',#2593,#611);
#471=LINE('',#2595,#612);
#472=LINE('',#2596,#613);
#473=LINE('',#2600,#614);
#474=LINE('',#2602,#615);
#475=LINE('',#2604,#616);
#476=LINE('',#2605,#617);
#477=LINE('',#2608,#618);
#478=LINE('',#2610,#619);
#479=LINE('',#2611,#620);
#480=LINE('',#2614,#621);
#481=LINE('',#2616,#622);
#482=LINE('',#2617,#623);
#483=LINE('',#2619,#624);
#484=LINE('',#2620,#625);
#485=LINE('',#2708,#626);
#486=LINE('',#2712,#627);
#487=LINE('',#2717,#628);
#488=LINE('',#2721,#629);
#489=LINE('',#2726,#630);
#490=LINE('',#2730,#631);
#491=LINE('',#2735,#632);
#492=LINE('',#2739,#633);
#493=LINE('',#2744,#634);
#494=LINE('',#2748,#635);
#495=LINE('',#2753,#636);
#496=LINE('',#2757,#637);
#497=LINE('',#2762,#638);
#498=LINE('',#2766,#639);
#499=LINE('',#2771,#640);
#500=LINE('',#2775,#641);
#501=LINE('',#2780,#642);
#502=LINE('',#2785,#643);
#503=LINE('',#2789,#644);
#504=LINE('',#2794,#645);
#505=LINE('',#2798,#646);
#506=LINE('',#2803,#647);
#507=LINE('',#2807,#648);
#508=LINE('',#2812,#649);
#509=LINE('',#2816,#650);
#510=LINE('',#2821,#651);
#511=LINE('',#2825,#652);
#512=LINE('',#2830,#653);
#513=LINE('',#2834,#654);
#514=LINE('',#2839,#655);
#515=LINE('',#2843,#656);
#516=LINE('',#2848,#657);
#517=LINE('',#2852,#658);
#518=LINE('',#2858,#659);
#519=LINE('',#2860,#660);
#520=LINE('',#2862,#661);
#521=LINE('',#2863,#662);
#522=LINE('',#2867,#663);
#523=LINE('',#2869,#664);
#524=LINE('',#2871,#665);
#525=LINE('',#2872,#666);
#526=LINE('',#2875,#667);
#527=LINE('',#2877,#668);
#528=LINE('',#2878,#669);
#529=LINE('',#2880,#670);
#530=LINE('',#2882,#671);
#531=LINE('',#2883,#672);
#532=LINE('',#2886,#673);
#533=LINE('',#2888,#674);
#534=LINE('',#2890,#675);
#535=LINE('',#2891,#676);
#536=LINE('',#2894,#677);
#537=LINE('',#2895,#678);
#538=LINE('',#2898,#679);
#539=LINE('',#2900,#680);
#540=LINE('',#2901,#681);
#541=LINE('',#2904,#682);
#542=LINE('',#2906,#683);
#543=LINE('',#2907,#684);
#544=LINE('',#2910,#685);
#545=LINE('',#2912,#686);
#546=LINE('',#2913,#687);
#547=LINE('',#2916,#688);
#548=LINE('',#2918,#689);
#549=LINE('',#2919,#690);
#550=LINE('',#2921,#691);
#551=LINE('',#2923,#692);
#552=LINE('',#2924,#693);
#553=LINE('',#2926,#694);
#554=LINE('',#2928,#695);
#555=LINE('',#2932,#696);
#556=LINE('',#2933,#697);
#557=LINE('',#2936,#698);
#558=LINE('',#2937,#699);
#559=LINE('',#2939,#700);
#560=VECTOR('',#1946,4.);
#561=VECTOR('',#1953,4.);
#562=VECTOR('',#1960,4.);
#563=VECTOR('',#1965,10.);
#564=VECTOR('',#1966,10.);
#565=VECTOR('',#1967,10.);
#566=VECTOR('',#1968,10.);
#567=VECTOR('',#1971,10.);
#568=VECTOR('',#1972,10.);
#569=VECTOR('',#1973,10.);
#570=VECTOR('',#1976,10.);
#571=VECTOR('',#1977,10.);
#572=VECTOR('',#1978,10.);
#573=VECTOR('',#1981,10.);
#574=VECTOR('',#1982,10.);
#575=VECTOR('',#1987,4.);
#576=VECTOR('',#1994,4.);
#577=VECTOR('',#2001,4.);
#578=VECTOR('',#2006,10.);
#579=VECTOR('',#2007,10.);
#580=VECTOR('',#2008,10.);
#581=VECTOR('',#2009,10.);
#582=VECTOR('',#2012,10.);
#583=VECTOR('',#2013,10.);
#584=VECTOR('',#2014,10.);
#585=VECTOR('',#2017,10.);
#586=VECTOR('',#2018,10.);
#587=VECTOR('',#2019,10.);
#588=VECTOR('',#2022,10.);
#589=VECTOR('',#2023,10.);
#590=VECTOR('',#2026,10.);
#591=VECTOR('',#2027,10.);
#592=VECTOR('',#2028,10.);
#593=VECTOR('',#2029,10.);
#594=VECTOR('',#2032,10.);
#595=VECTOR('',#2033,10.);
#596=VECTOR('',#2034,10.);
#597=VECTOR('',#2037,10.);
#598=VECTOR('',#2038,10.);
#599=VECTOR('',#2039,10.);
#600=VECTOR('',#2042,10.);
#601=VECTOR('',#2043,10.);
#602=VECTOR('',#2046,10.);
#603=VECTOR('',#2047,10.);
#604=VECTOR('',#2048,10.);
#605=VECTOR('',#2049,10.);
#606=VECTOR('',#2052,10.);
#607=VECTOR('',#2053,10.);
#608=VECTOR('',#2054,10.);
#609=VECTOR('',#2057,10.);
#610=VECTOR('',#2058,10.);
#611=VECTOR('',#2059,10.);
#612=VECTOR('',#2062,10.);
#613=VECTOR('',#2063,10.);
#614=VECTOR('',#2066,10.);
#615=VECTOR('',#2067,10.);
#616=VECTOR('',#2068,10.);
#617=VECTOR('',#2069,10.);
#618=VECTOR('',#2072,10.);
#619=VECTOR('',#2073,10.);
#620=VECTOR('',#2074,10.);
#621=VECTOR('',#2077,10.);
#622=VECTOR('',#2078,10.);
#623=VECTOR('',#2079,10.);
#624=VECTOR('',#2082,10.);
#625=VECTOR('',#2083,10.);
#626=VECTOR('',#2190,2.00000000000001);
#627=VECTOR('',#2195,3.5);
#628=VECTOR('',#2202,2.);
#629=VECTOR('',#2207,3.5);
#630=VECTOR('',#2214,2.);
#631=VECTOR('',#2219,3.5);
#632=VECTOR('',#2226,2.);
#633=VECTOR('',#2231,3.5);
#634=VECTOR('',#2238,2.);
#635=VECTOR('',#2243,3.5);
#636=VECTOR('',#2250,1.99999999999999);
#637=VECTOR('',#2255,3.5);
#638=VECTOR('',#2262,2.);
#639=VECTOR('',#2267,3.5);
#640=VECTOR('',#2274,1.99999999999999);
#641=VECTOR('',#2279,3.50000000000001);
#642=VECTOR('',#2286,2.5);
#643=VECTOR('',#2293,1.99999999999999);
#644=VECTOR('',#2298,3.5);
#645=VECTOR('',#2305,2.);
#646=VECTOR('',#2310,3.5);
#647=VECTOR('',#2317,1.99999999999999);
#648=VECTOR('',#2322,3.5);
#649=VECTOR('',#2329,2.);
#650=VECTOR('',#2334,3.5);
#651=VECTOR('',#2341,2.);
#652=VECTOR('',#2346,3.49999999999999);
#653=VECTOR('',#2353,2.);
#654=VECTOR('',#2358,3.5);
#655=VECTOR('',#2365,2.);
#656=VECTOR('',#2370,3.5);
#657=VECTOR('',#2377,2.);
#658=VECTOR('',#2382,3.5);
#659=VECTOR('',#2389,10.);
#660=VECTOR('',#2390,10.);
#661=VECTOR('',#2391,10.);
#662=VECTOR('',#2392,10.);
#663=VECTOR('',#2395,10.);
#664=VECTOR('',#2396,10.);
#665=VECTOR('',#2397,10.);
#666=VECTOR('',#2398,10.);
#667=VECTOR('',#2401,10.);
#668=VECTOR('',#2402,10.);
#669=VECTOR('',#2403,10.);
#670=VECTOR('',#2404,10.);
#671=VECTOR('',#2405,10.);
#672=VECTOR('',#2406,10.);
#673=VECTOR('',#2409,10.);
#674=VECTOR('',#2410,10.);
#675=VECTOR('',#2411,10.);
#676=VECTOR('',#2412,10.);
#677=VECTOR('',#2415,10.);
#678=VECTOR('',#2416,10.);
#679=VECTOR('',#2419,10.);
#680=VECTOR('',#2420,10.);
#681=VECTOR('',#2421,10.);
#682=VECTOR('',#2424,10.);
#683=VECTOR('',#2425,10.);
#684=VECTOR('',#2426,10.);
#685=VECTOR('',#2429,10.);
#686=VECTOR('',#2430,10.);
#687=VECTOR('',#2431,10.);
#688=VECTOR('',#2434,10.);
#689=VECTOR('',#2435,10.);
#690=VECTOR('',#2436,10.);
#691=VECTOR('',#2437,10.);
#692=VECTOR('',#2438,10.);
#693=VECTOR('',#2439,10.);
#694=VECTOR('',#2442,10.);
#695=VECTOR('',#2445,10.);
#696=VECTOR('',#2450,10.);
#697=VECTOR('',#2451,10.);
#698=VECTOR('',#2454,10.);
#699=VECTOR('',#2455,10.);
#700=VECTOR('',#2458,10.);
#701=CIRCLE('',#1749,4.);
#702=CIRCLE('',#1750,4.);
#703=CIRCLE('',#1752,4.);
#704=CIRCLE('',#1753,4.);
#705=CIRCLE('',#1755,4.);
#706=CIRCLE('',#1756,4.);
#707=CIRCLE('',#1762,4.);
#708=CIRCLE('',#1763,4.);
#709=CIRCLE('',#1765,4.);
#710=CIRCLE('',#1766,4.);
#711=CIRCLE('',#1768,4.);
#712=CIRCLE('',#1769,4.);
#713=CIRCLE('',#1788,2.00000000000001);
#714=CIRCLE('',#1790,2.);
#715=CIRCLE('',#1792,2.);
#716=CIRCLE('',#1794,2.);
#717=CIRCLE('',#1796,2.);
#718=CIRCLE('',#1798,1.99999999999999);
#719=CIRCLE('',#1800,2.);
#720=CIRCLE('',#1802,1.99999999999999);
#721=CIRCLE('',#1804,1.99999999999999);
#722=CIRCLE('',#1806,2.);
#723=CIRCLE('',#1808,1.99999999999999);
#724=CIRCLE('',#1810,2.);
#725=CIRCLE('',#1812,2.);
#726=CIRCLE('',#1814,2.);
#727=CIRCLE('',#1816,2.);
#728=CIRCLE('',#1818,2.);
#729=CIRCLE('',#1821,3.5);
#730=CIRCLE('',#1822,3.50000000000001);
#731=CIRCLE('',#1823,3.5);
#732=CIRCLE('',#1824,3.50000000000001);
#733=CIRCLE('',#1825,3.50000000000001);
#734=CIRCLE('',#1826,3.5);
#735=CIRCLE('',#1827,3.5);
#736=CIRCLE('',#1828,3.50000000000001);
#737=CIRCLE('',#1829,2.5);
#738=CIRCLE('',#1830,3.5);
#739=CIRCLE('',#1831,3.5);
#740=CIRCLE('',#1832,3.5);
#741=CIRCLE('',#1833,3.5);
#742=CIRCLE('',#1834,3.49999999999999);
#743=CIRCLE('',#1835,3.5);
#744=CIRCLE('',#1836,3.50000000000001);
#745=CIRCLE('',#1837,3.5);
#746=CIRCLE('',#1839,2.00000000000001);
#747=CIRCLE('',#1841,3.5);
#748=CIRCLE('',#1844,2.);
#749=CIRCLE('',#1846,3.50000000000001);
#750=CIRCLE('',#1849,2.);
#751=CIRCLE('',#1851,3.5);
#752=CIRCLE('',#1854,2.);
#753=CIRCLE('',#1856,3.50000000000001);
#754=CIRCLE('',#1859,2.);
#755=CIRCLE('',#1861,3.50000000000001);
#756=CIRCLE('',#1864,1.99999999999999);
#757=CIRCLE('',#1866,3.5);
#758=CIRCLE('',#1869,2.);
#759=CIRCLE('',#1871,3.5);
#760=CIRCLE('',#1874,1.99999999999999);
#761=CIRCLE('',#1876,3.50000000000001);
#762=CIRCLE('',#1879,2.5);
#763=CIRCLE('',#1882,1.99999999999999);
#764=CIRCLE('',#1884,3.5);
#765=CIRCLE('',#1887,2.);
#766=CIRCLE('',#1889,3.5);
#767=CIRCLE('',#1892,1.99999999999999);
#768=CIRCLE('',#1894,3.5);
#769=CIRCLE('',#1897,2.);
#770=CIRCLE('',#1899,3.5);
#771=CIRCLE('',#1902,2.);
#772=CIRCLE('',#1904,3.49999999999999);
#773=CIRCLE('',#1907,2.);
#774=CIRCLE('',#1909,3.5);
#775=CIRCLE('',#1912,2.);
#776=CIRCLE('',#1914,3.50000000000001);
#777=CIRCLE('',#1917,2.);
#778=CIRCLE('',#1919,3.5);
#779=VERTEX_POINT('',#2466);
#780=VERTEX_POINT('',#2468);
#781=VERTEX_POINT('',#2472);
#782=VERTEX_POINT('',#2474);
#783=VERTEX_POINT('',#2478);
#784=VERTEX_POINT('',#2480);
#785=VERTEX_POINT('',#2484);
#786=VERTEX_POINT('',#2485);
#787=VERTEX_POINT('',#2487);
#788=VERTEX_POINT('',#2489);
#789=VERTEX_POINT('',#2493);
#790=VERTEX_POINT('',#2495);
#791=VERTEX_POINT('',#2499);
#792=VERTEX_POINT('',#2501);
#793=VERTEX_POINT('',#2508);
#794=VERTEX_POINT('',#2510);
#795=VERTEX_POINT('',#2514);
#796=VERTEX_POINT('',#2516);
#797=VERTEX_POINT('',#2520);
#798=VERTEX_POINT('',#2522);
#799=VERTEX_POINT('',#2526);
#800=VERTEX_POINT('',#2527);
#801=VERTEX_POINT('',#2529);
#802=VERTEX_POINT('',#2531);
#803=VERTEX_POINT('',#2535);
#804=VERTEX_POINT('',#2537);
#805=VERTEX_POINT('',#2541);
#806=VERTEX_POINT('',#2543);
#807=VERTEX_POINT('',#2550);
#808=VERTEX_POINT('',#2551);
#809=VERTEX_POINT('',#2553);
#810=VERTEX_POINT('',#2555);
#811=VERTEX_POINT('',#2559);
#812=VERTEX_POINT('',#2561);
#813=VERTEX_POINT('',#2565);
#814=VERTEX_POINT('',#2567);
#815=VERTEX_POINT('',#2574);
#816=VERTEX_POINT('',#2575);
#817=VERTEX_POINT('',#2577);
#818=VERTEX_POINT('',#2579);
#819=VERTEX_POINT('',#2583);
#820=VERTEX_POINT('',#2585);
#821=VERTEX_POINT('',#2589);
#822=VERTEX_POINT('',#2591);
#823=VERTEX_POINT('',#2598);
#824=VERTEX_POINT('',#2599);
#825=VERTEX_POINT('',#2601);
#826=VERTEX_POINT('',#2603);
#827=VERTEX_POINT('',#2607);
#828=VERTEX_POINT('',#2609);
#829=VERTEX_POINT('',#2613);
#830=VERTEX_POINT('',#2615);
#831=VERTEX_POINT('',#2623);
#832=VERTEX_POINT('',#2626);
#833=VERTEX_POINT('',#2629);
#834=VERTEX_POINT('',#2632);
#835=VERTEX_POINT('',#2635);
#836=VERTEX_POINT('',#2638);
#837=VERTEX_POINT('',#2641);
#838=VERTEX_POINT('',#2644);
#839=VERTEX_POINT('',#2647);
#840=VERTEX_POINT('',#2650);
#841=VERTEX_POINT('',#2653);
#842=VERTEX_POINT('',#2656);
#843=VERTEX_POINT('',#2659);
#844=VERTEX_POINT('',#2662);
#845=VERTEX_POINT('',#2665);
#846=VERTEX_POINT('',#2668);
#847=VERTEX_POINT('',#2672);
#848=VERTEX_POINT('',#2674);
#849=VERTEX_POINT('',#2676);
#850=VERTEX_POINT('',#2678);
#851=VERTEX_POINT('',#2680);
#852=VERTEX_POINT('',#2682);
#853=VERTEX_POINT('',#2684);
#854=VERTEX_POINT('',#2686);
#855=VERTEX_POINT('',#2688);
#856=VERTEX_POINT('',#2690);
#857=VERTEX_POINT('',#2692);
#858=VERTEX_POINT('',#2694);
#859=VERTEX_POINT('',#2696);
#860=VERTEX_POINT('',#2698);
#861=VERTEX_POINT('',#2700);
#862=VERTEX_POINT('',#2702);
#863=VERTEX_POINT('',#2704);
#864=VERTEX_POINT('',#2707);
#865=VERTEX_POINT('',#2711);
#866=VERTEX_POINT('',#2716);
#867=VERTEX_POINT('',#2720);
#868=VERTEX_POINT('',#2725);
#869=VERTEX_POINT('',#2729);
#870=VERTEX_POINT('',#2734);
#871=VERTEX_POINT('',#2738);
#872=VERTEX_POINT('',#2743);
#873=VERTEX_POINT('',#2747);
#874=VERTEX_POINT('',#2752);
#875=VERTEX_POINT('',#2756);
#876=VERTEX_POINT('',#2761);
#877=VERTEX_POINT('',#2765);
#878=VERTEX_POINT('',#2770);
#879=VERTEX_POINT('',#2774);
#880=VERTEX_POINT('',#2779);
#881=VERTEX_POINT('',#2784);
#882=VERTEX_POINT('',#2788);
#883=VERTEX_POINT('',#2793);
#884=VERTEX_POINT('',#2797);
#885=VERTEX_POINT('',#2802);
#886=VERTEX_POINT('',#2806);
#887=VERTEX_POINT('',#2811);
#888=VERTEX_POINT('',#2815);
#889=VERTEX_POINT('',#2820);
#890=VERTEX_POINT('',#2824);
#891=VERTEX_POINT('',#2829);
#892=VERTEX_POINT('',#2833);
#893=VERTEX_POINT('',#2838);
#894=VERTEX_POINT('',#2842);
#895=VERTEX_POINT('',#2847);
#896=VERTEX_POINT('',#2851);
#897=VERTEX_POINT('',#2856);
#898=VERTEX_POINT('',#2857);
#899=VERTEX_POINT('',#2859);
#900=VERTEX_POINT('',#2861);
#901=VERTEX_POINT('',#2865);
#902=VERTEX_POINT('',#2866);
#903=VERTEX_POINT('',#2868);
#904=VERTEX_POINT('',#2870);
#905=VERTEX_POINT('',#2874);
#906=VERTEX_POINT('',#2876);
#907=VERTEX_POINT('',#2879);
#908=VERTEX_POINT('',#2881);
#909=VERTEX_POINT('',#2885);
#910=VERTEX_POINT('',#2887);
#911=VERTEX_POINT('',#2889);
#912=VERTEX_POINT('',#2893);
#913=VERTEX_POINT('',#2897);
#914=VERTEX_POINT('',#2899);
#915=VERTEX_POINT('',#2903);
#916=VERTEX_POINT('',#2905);
#917=VERTEX_POINT('',#2909);
#918=VERTEX_POINT('',#2911);
#919=VERTEX_POINT('',#2915);
#920=VERTEX_POINT('',#2917);
#921=VERTEX_POINT('',#2920);
#922=VERTEX_POINT('',#2922);
#923=VERTEX_POINT('',#2931);
#924=VERTEX_POINT('',#2935);
#925=EDGE_CURVE('',#779,#779,#701,.T.);
#926=EDGE_CURVE('',#779,#780,#419,.T.);
#927=EDGE_CURVE('',#780,#780,#702,.T.);
#928=EDGE_CURVE('',#781,#781,#703,.T.);
#929=EDGE_CURVE('',#781,#782,#420,.T.);
#930=EDGE_CURVE('',#782,#782,#704,.T.);
#931=EDGE_CURVE('',#783,#783,#705,.T.);
#932=EDGE_CURVE('',#783,#784,#421,.T.);
#933=EDGE_CURVE('',#784,#784,#706,.T.);
#934=EDGE_CURVE('',#785,#786,#422,.T.);
#935=EDGE_CURVE('',#787,#785,#423,.T.);
#936=EDGE_CURVE('',#788,#787,#424,.T.);
#937=EDGE_CURVE('',#788,#786,#425,.T.);
#938=EDGE_CURVE('',#786,#789,#426,.T.);
#939=EDGE_CURVE('',#790,#788,#427,.T.);
#940=EDGE_CURVE('',#790,#789,#428,.T.);
#941=EDGE_CURVE('',#789,#791,#429,.T.);
#942=EDGE_CURVE('',#792,#790,#430,.T.);
#943=EDGE_CURVE('',#792,#791,#431,.T.);
#944=EDGE_CURVE('',#791,#785,#432,.T.);
#945=EDGE_CURVE('',#787,#792,#433,.T.);
#946=EDGE_CURVE('',#793,#793,#707,.T.);
#947=EDGE_CURVE('',#793,#794,#434,.T.);
#948=EDGE_CURVE('',#794,#794,#708,.T.);
#949=EDGE_CURVE('',#795,#795,#709,.T.);
#950=EDGE_CURVE('',#795,#796,#435,.T.);
#951=EDGE_CURVE('',#796,#796,#710,.T.);
#952=EDGE_CURVE('',#797,#797,#711,.T.);
#953=EDGE_CURVE('',#797,#798,#436,.T.);
#954=EDGE_CURVE('',#798,#798,#712,.T.);
#955=EDGE_CURVE('',#799,#800,#437,.T.);
#956=EDGE_CURVE('',#801,#799,#438,.T.);
#957=EDGE_CURVE('',#802,#801,#439,.T.);
#958=EDGE_CURVE('',#802,#800,#440,.T.);
#959=EDGE_CURVE('',#800,#803,#441,.T.);
#960=EDGE_CURVE('',#804,#802,#442,.T.);
#961=EDGE_CURVE('',#804,#803,#443,.T.);
#962=EDGE_CURVE('',#803,#805,#444,.T.);
#963=EDGE_CURVE('',#806,#804,#445,.T.);
#964=EDGE_CURVE('',#806,#805,#446,.T.);
#965=EDGE_CURVE('',#805,#799,#447,.T.);
#966=EDGE_CURVE('',#801,#806,#448,.T.);
#967=EDGE_CURVE('',#807,#808,#449,.T.);
#968=EDGE_CURVE('',#809,#807,#450,.T.);
#969=EDGE_CURVE('',#810,#809,#451,.T.);
#970=EDGE_CURVE('',#810,#808,#452,.T.);
#971=EDGE_CURVE('',#808,#811,#453,.T.);
#972=EDGE_CURVE('',#812,#810,#454,.T.);
#973=EDGE_CURVE('',#812,#811,#455,.T.);
#974=EDGE_CURVE('',#811,#813,#456,.T.);
#975=EDGE_CURVE('',#814,#812,#457,.T.);
#976=EDGE_CURVE('',#814,#813,#458,.T.);
#977=EDGE_CURVE('',#813,#807,#459,.T.);
#978=EDGE_CURVE('',#809,#814,#460,.T.);
#979=EDGE_CURVE('',#815,#816,#461,.T.);
#980=EDGE_CURVE('',#815,#817,#462,.T.);
#981=EDGE_CURVE('',#818,#817,#463,.T.);
#982=EDGE_CURVE('',#816,#818,#464,.T.);
#983=EDGE_CURVE('',#819,#815,#465,.T.);
#984=EDGE_CURVE('',#819,#820,#466,.T.);
#985=EDGE_CURVE('',#817,#820,#467,.T.);
#986=EDGE_CURVE('',#816,#821,#468,.T.);
#987=EDGE_CURVE('',#822,#818,#469,.T.);
#988=EDGE_CURVE('',#821,#822,#470,.T.);
#989=EDGE_CURVE('',#821,#819,#471,.T.);
#990=EDGE_CURVE('',#820,#822,#472,.T.);
#991=EDGE_CURVE('',#823,#824,#473,.T.);
#992=EDGE_CURVE('',#823,#825,#474,.T.);
#993=EDGE_CURVE('',#826,#825,#475,.T.);
#994=EDGE_CURVE('',#824,#826,#476,.T.);
#995=EDGE_CURVE('',#824,#827,#477,.T.);
#996=EDGE_CURVE('',#828,#826,#478,.T.);
#997=EDGE_CURVE('',#827,#828,#479,.T.);
#998=EDGE_CURVE('',#827,#829,#480,.T.);
#999=EDGE_CURVE('',#830,#828,#481,.T.);
#1000=EDGE_CURVE('',#829,#830,#482,.T.);
#1001=EDGE_CURVE('',#829,#823,#483,.T.);
#1002=EDGE_CURVE('',#825,#830,#484,.T.);
#1003=EDGE_CURVE('',#831,#831,#713,.T.);
#1004=EDGE_CURVE('',#832,#832,#714,.T.);
#1005=EDGE_CURVE('',#833,#833,#715,.T.);
#1006=EDGE_CURVE('',#834,#834,#716,.T.);
#1007=EDGE_CURVE('',#835,#835,#717,.T.);
#1008=EDGE_CURVE('',#836,#836,#718,.T.);
#1009=EDGE_CURVE('',#837,#837,#719,.T.);
#1010=EDGE_CURVE('',#838,#838,#720,.T.);
#1011=EDGE_CURVE('',#839,#839,#721,.T.);
#1012=EDGE_CURVE('',#840,#840,#722,.T.);
#1013=EDGE_CURVE('',#841,#841,#723,.T.);
#1014=EDGE_CURVE('',#842,#842,#724,.T.);
#1015=EDGE_CURVE('',#843,#843,#725,.T.);
#1016=EDGE_CURVE('',#844,#844,#726,.T.);
#1017=EDGE_CURVE('',#845,#845,#727,.T.);
#1018=EDGE_CURVE('',#846,#846,#728,.T.);
#1019=EDGE_CURVE('',#847,#847,#729,.T.);
#1020=EDGE_CURVE('',#848,#848,#730,.T.);
#1021=EDGE_CURVE('',#849,#849,#731,.T.);
#1022=EDGE_CURVE('',#850,#850,#732,.T.);
#1023=EDGE_CURVE('',#851,#851,#733,.T.);
#1024=EDGE_CURVE('',#852,#852,#734,.T.);
#1025=EDGE_CURVE('',#853,#853,#735,.T.);
#1026=EDGE_CURVE('',#854,#854,#736,.T.);
#1027=EDGE_CURVE('',#855,#855,#737,.T.);
#1028=EDGE_CURVE('',#856,#856,#738,.T.);
#1029=EDGE_CURVE('',#857,#857,#739,.T.);
#1030=EDGE_CURVE('',#858,#858,#740,.T.);
#1031=EDGE_CURVE('',#859,#859,#741,.T.);
#1032=EDGE_CURVE('',#860,#860,#742,.T.);
#1033=EDGE_CURVE('',#861,#861,#743,.T.);
#1034=EDGE_CURVE('',#862,#862,#744,.T.);
#1035=EDGE_CURVE('',#863,#863,#745,.T.);
#1036=EDGE_CURVE('',#831,#864,#485,.T.);
#1037=EDGE_CURVE('',#864,#864,#746,.T.);
#1038=EDGE_CURVE('',#847,#865,#486,.T.);
#1039=EDGE_CURVE('',#865,#865,#747,.T.);
#1040=EDGE_CURVE('',#832,#866,#487,.T.);
#1041=EDGE_CURVE('',#866,#866,#748,.T.);
#1042=EDGE_CURVE('',#848,#867,#488,.T.);
#1043=EDGE_CURVE('',#867,#867,#749,.T.);
#1044=EDGE_CURVE('',#833,#868,#489,.T.);
#1045=EDGE_CURVE('',#868,#868,#750,.T.);
#1046=EDGE_CURVE('',#849,#869,#490,.T.);
#1047=EDGE_CURVE('',#869,#869,#751,.T.);
#1048=EDGE_CURVE('',#834,#870,#491,.T.);
#1049=EDGE_CURVE('',#870,#870,#752,.T.);
#1050=EDGE_CURVE('',#850,#871,#492,.T.);
#1051=EDGE_CURVE('',#871,#871,#753,.T.);
#1052=EDGE_CURVE('',#835,#872,#493,.T.);
#1053=EDGE_CURVE('',#872,#872,#754,.T.);
#1054=EDGE_CURVE('',#851,#873,#494,.T.);
#1055=EDGE_CURVE('',#873,#873,#755,.T.);
#1056=EDGE_CURVE('',#836,#874,#495,.T.);
#1057=EDGE_CURVE('',#874,#874,#756,.T.);
#1058=EDGE_CURVE('',#852,#875,#496,.T.);
#1059=EDGE_CURVE('',#875,#875,#757,.T.);
#1060=EDGE_CURVE('',#837,#876,#497,.T.);
#1061=EDGE_CURVE('',#876,#876,#758,.T.);
#1062=EDGE_CURVE('',#853,#877,#498,.T.);
#1063=EDGE_CURVE('',#877,#877,#759,.T.);
#1064=EDGE_CURVE('',#838,#878,#499,.T.);
#1065=EDGE_CURVE('',#878,#878,#760,.T.);
#1066=EDGE_CURVE('',#854,#879,#500,.T.);
#1067=EDGE_CURVE('',#879,#879,#761,.T.);
#1068=EDGE_CURVE('',#855,#880,#501,.T.);
#1069=EDGE_CURVE('',#880,#880,#762,.T.);
#1070=EDGE_CURVE('',#839,#881,#502,.T.);
#1071=EDGE_CURVE('',#881,#881,#763,.T.);
#1072=EDGE_CURVE('',#856,#882,#503,.T.);
#1073=EDGE_CURVE('',#882,#882,#764,.T.);
#1074=EDGE_CURVE('',#840,#883,#504,.T.);
#1075=EDGE_CURVE('',#883,#883,#765,.T.);
#1076=EDGE_CURVE('',#857,#884,#505,.T.);
#1077=EDGE_CURVE('',#884,#884,#766,.T.);
#1078=EDGE_CURVE('',#841,#885,#506,.T.);
#1079=EDGE_CURVE('',#885,#885,#767,.T.);
#1080=EDGE_CURVE('',#858,#886,#507,.T.);
#1081=EDGE_CURVE('',#886,#886,#768,.T.);
#1082=EDGE_CURVE('',#842,#887,#508,.T.);
#1083=EDGE_CURVE('',#887,#887,#769,.T.);
#1084=EDGE_CURVE('',#859,#888,#509,.T.);
#1085=EDGE_CURVE('',#888,#888,#770,.T.);
#1086=EDGE_CURVE('',#843,#889,#510,.T.);
#1087=EDGE_CURVE('',#889,#889,#771,.T.);
#1088=EDGE_CURVE('',#860,#890,#511,.T.);
#1089=EDGE_CURVE('',#890,#890,#772,.T.);
#1090=EDGE_CURVE('',#844,#891,#512,.T.);
#1091=EDGE_CURVE('',#891,#891,#773,.T.);
#1092=EDGE_CURVE('',#861,#892,#513,.T.);
#1093=EDGE_CURVE('',#892,#892,#774,.T.);
#1094=EDGE_CURVE('',#845,#893,#514,.T.);
#1095=EDGE_CURVE('',#893,#893,#775,.T.);
#1096=EDGE_CURVE('',#862,#894,#515,.T.);
#1097=EDGE_CURVE('',#894,#894,#776,.T.);
#1098=EDGE_CURVE('',#846,#895,#516,.T.);
#1099=EDGE_CURVE('',#895,#895,#777,.T.);
#1100=EDGE_CURVE('',#863,#896,#517,.T.);
#1101=EDGE_CURVE('',#896,#896,#778,.T.);
#1102=EDGE_CURVE('',#897,#898,#518,.T.);
#1103=EDGE_CURVE('',#898,#899,#519,.T.);
#1104=EDGE_CURVE('',#899,#900,#520,.T.);
#1105=EDGE_CURVE('',#897,#900,#521,.T.);
#1106=EDGE_CURVE('',#901,#902,#522,.T.);
#1107=EDGE_CURVE('',#903,#902,#523,.T.);
#1108=EDGE_CURVE('',#904,#903,#524,.T.);
#1109=EDGE_CURVE('',#904,#901,#525,.T.);
#1110=EDGE_CURVE('',#902,#905,#526,.T.);
#1111=EDGE_CURVE('',#905,#906,#527,.T.);
#1112=EDGE_CURVE('',#906,#897,#528,.T.);
#1113=EDGE_CURVE('',#900,#907,#529,.T.);
#1114=EDGE_CURVE('',#907,#908,#530,.T.);
#1115=EDGE_CURVE('',#908,#903,#531,.T.);
#1116=EDGE_CURVE('',#909,#901,#532,.T.);
#1117=EDGE_CURVE('',#910,#909,#533,.T.);
#1118=EDGE_CURVE('',#911,#910,#534,.T.);
#1119=EDGE_CURVE('',#911,#905,#535,.T.);
#1120=EDGE_CURVE('',#912,#911,#536,.T.);
#1121=EDGE_CURVE('',#912,#906,#537,.T.);
#1122=EDGE_CURVE('',#913,#912,#538,.T.);
#1123=EDGE_CURVE('',#914,#913,#539,.T.);
#1124=EDGE_CURVE('',#898,#914,#540,.T.);
#1125=EDGE_CURVE('',#915,#913,#541,.T.);
#1126=EDGE_CURVE('',#916,#915,#542,.T.);
#1127=EDGE_CURVE('',#916,#914,#543,.T.);
#1128=EDGE_CURVE('',#909,#917,#544,.T.);
#1129=EDGE_CURVE('',#917,#918,#545,.T.);
#1130=EDGE_CURVE('',#910,#918,#546,.T.);
#1131=EDGE_CURVE('',#919,#904,#547,.T.);
#1132=EDGE_CURVE('',#920,#919,#548,.T.);
#1133=EDGE_CURVE('',#899,#920,#549,.T.);
#1134=EDGE_CURVE('',#921,#916,#550,.T.);
#1135=EDGE_CURVE('',#922,#921,#551,.T.);
#1136=EDGE_CURVE('',#917,#922,#552,.T.);
#1137=EDGE_CURVE('',#919,#908,#553,.T.);
#1138=EDGE_CURVE('',#920,#907,#554,.T.);
#1139=EDGE_CURVE('',#923,#915,#555,.T.);
#1140=EDGE_CURVE('',#921,#923,#556,.T.);
#1141=EDGE_CURVE('',#924,#923,#557,.T.);
#1142=EDGE_CURVE('',#922,#924,#558,.T.);
#1143=EDGE_CURVE('',#918,#924,#559,.T.);
#1144=ORIENTED_EDGE('',*,*,#925,.F.);
#1145=ORIENTED_EDGE('',*,*,#926,.T.);
#1146=ORIENTED_EDGE('',*,*,#927,.F.);
#1147=ORIENTED_EDGE('',*,*,#926,.F.);
#1148=ORIENTED_EDGE('',*,*,#928,.F.);
#1149=ORIENTED_EDGE('',*,*,#929,.T.);
#1150=ORIENTED_EDGE('',*,*,#930,.F.);
#1151=ORIENTED_EDGE('',*,*,#929,.F.);
#1152=ORIENTED_EDGE('',*,*,#931,.F.);
#1153=ORIENTED_EDGE('',*,*,#932,.T.);
#1154=ORIENTED_EDGE('',*,*,#933,.F.);
#1155=ORIENTED_EDGE('',*,*,#932,.F.);
#1156=ORIENTED_EDGE('',*,*,#934,.F.);
#1157=ORIENTED_EDGE('',*,*,#935,.F.);
#1158=ORIENTED_EDGE('',*,*,#936,.F.);
#1159=ORIENTED_EDGE('',*,*,#937,.T.);
#1160=ORIENTED_EDGE('',*,*,#938,.F.);
#1161=ORIENTED_EDGE('',*,*,#937,.F.);
#1162=ORIENTED_EDGE('',*,*,#939,.F.);
#1163=ORIENTED_EDGE('',*,*,#940,.T.);
#1164=ORIENTED_EDGE('',*,*,#941,.F.);
#1165=ORIENTED_EDGE('',*,*,#940,.F.);
#1166=ORIENTED_EDGE('',*,*,#942,.F.);
#1167=ORIENTED_EDGE('',*,*,#943,.T.);
#1168=ORIENTED_EDGE('',*,*,#944,.F.);
#1169=ORIENTED_EDGE('',*,*,#943,.F.);
#1170=ORIENTED_EDGE('',*,*,#945,.F.);
#1171=ORIENTED_EDGE('',*,*,#935,.T.);
#1172=ORIENTED_EDGE('',*,*,#946,.F.);
#1173=ORIENTED_EDGE('',*,*,#947,.T.);
#1174=ORIENTED_EDGE('',*,*,#948,.F.);
#1175=ORIENTED_EDGE('',*,*,#947,.F.);
#1176=ORIENTED_EDGE('',*,*,#949,.F.);
#1177=ORIENTED_EDGE('',*,*,#950,.T.);
#1178=ORIENTED_EDGE('',*,*,#951,.F.);
#1179=ORIENTED_EDGE('',*,*,#950,.F.);
#1180=ORIENTED_EDGE('',*,*,#952,.F.);
#1181=ORIENTED_EDGE('',*,*,#953,.T.);
#1182=ORIENTED_EDGE('',*,*,#954,.F.);
#1183=ORIENTED_EDGE('',*,*,#953,.F.);
#1184=ORIENTED_EDGE('',*,*,#955,.F.);
#1185=ORIENTED_EDGE('',*,*,#956,.F.);
#1186=ORIENTED_EDGE('',*,*,#957,.F.);
#1187=ORIENTED_EDGE('',*,*,#958,.T.);
#1188=ORIENTED_EDGE('',*,*,#959,.F.);
#1189=ORIENTED_EDGE('',*,*,#958,.F.);
#1190=ORIENTED_EDGE('',*,*,#960,.F.);
#1191=ORIENTED_EDGE('',*,*,#961,.T.);
#1192=ORIENTED_EDGE('',*,*,#962,.F.);
#1193=ORIENTED_EDGE('',*,*,#961,.F.);
#1194=ORIENTED_EDGE('',*,*,#963,.F.);
#1195=ORIENTED_EDGE('',*,*,#964,.T.);
#1196=ORIENTED_EDGE('',*,*,#965,.F.);
#1197=ORIENTED_EDGE('',*,*,#964,.F.);
#1198=ORIENTED_EDGE('',*,*,#966,.F.);
#1199=ORIENTED_EDGE('',*,*,#956,.T.);
#1200=ORIENTED_EDGE('',*,*,#967,.F.);
#1201=ORIENTED_EDGE('',*,*,#968,.F.);
#1202=ORIENTED_EDGE('',*,*,#969,.F.);
#1203=ORIENTED_EDGE('',*,*,#970,.T.);
#1204=ORIENTED_EDGE('',*,*,#971,.F.);
#1205=ORIENTED_EDGE('',*,*,#970,.F.);
#1206=ORIENTED_EDGE('',*,*,#972,.F.);
#1207=ORIENTED_EDGE('',*,*,#973,.T.);
#1208=ORIENTED_EDGE('',*,*,#974,.F.);
#1209=ORIENTED_EDGE('',*,*,#973,.F.);
#1210=ORIENTED_EDGE('',*,*,#975,.F.);
#1211=ORIENTED_EDGE('',*,*,#976,.T.);
#1212=ORIENTED_EDGE('',*,*,#977,.F.);
#1213=ORIENTED_EDGE('',*,*,#976,.F.);
#1214=ORIENTED_EDGE('',*,*,#978,.F.);
#1215=ORIENTED_EDGE('',*,*,#968,.T.);
#1216=ORIENTED_EDGE('',*,*,#979,.F.);
#1217=ORIENTED_EDGE('',*,*,#980,.T.);
#1218=ORIENTED_EDGE('',*,*,#981,.F.);
#1219=ORIENTED_EDGE('',*,*,#982,.F.);
#1220=ORIENTED_EDGE('',*,*,#955,.T.);
#1221=ORIENTED_EDGE('',*,*,#959,.T.);
#1222=ORIENTED_EDGE('',*,*,#962,.T.);
#1223=ORIENTED_EDGE('',*,*,#965,.T.);
#1224=ORIENTED_EDGE('',*,*,#954,.T.);
#1225=ORIENTED_EDGE('',*,*,#951,.T.);
#1226=ORIENTED_EDGE('',*,*,#948,.T.);
#1227=ORIENTED_EDGE('',*,*,#934,.T.);
#1228=ORIENTED_EDGE('',*,*,#938,.T.);
#1229=ORIENTED_EDGE('',*,*,#941,.T.);
#1230=ORIENTED_EDGE('',*,*,#944,.T.);
#1231=ORIENTED_EDGE('',*,*,#933,.T.);
#1232=ORIENTED_EDGE('',*,*,#930,.T.);
#1233=ORIENTED_EDGE('',*,*,#927,.T.);
#1234=ORIENTED_EDGE('',*,*,#983,.F.);
#1235=ORIENTED_EDGE('',*,*,#984,.T.);
#1236=ORIENTED_EDGE('',*,*,#985,.F.);
#1237=ORIENTED_EDGE('',*,*,#980,.F.);
#1238=ORIENTED_EDGE('',*,*,#986,.F.);
#1239=ORIENTED_EDGE('',*,*,#982,.T.);
#1240=ORIENTED_EDGE('',*,*,#987,.F.);
#1241=ORIENTED_EDGE('',*,*,#988,.F.);
#1242=ORIENTED_EDGE('',*,*,#989,.F.);
#1243=ORIENTED_EDGE('',*,*,#988,.T.);
#1244=ORIENTED_EDGE('',*,*,#990,.F.);
#1245=ORIENTED_EDGE('',*,*,#984,.F.);
#1246=ORIENTED_EDGE('',*,*,#967,.T.);
#1247=ORIENTED_EDGE('',*,*,#971,.T.);
#1248=ORIENTED_EDGE('',*,*,#974,.T.);
#1249=ORIENTED_EDGE('',*,*,#977,.T.);
#1250=ORIENTED_EDGE('',*,*,#991,.F.);
#1251=ORIENTED_EDGE('',*,*,#992,.T.);
#1252=ORIENTED_EDGE('',*,*,#993,.F.);
#1253=ORIENTED_EDGE('',*,*,#994,.F.);
#1254=ORIENTED_EDGE('',*,*,#969,.T.);
#1255=ORIENTED_EDGE('',*,*,#978,.T.);
#1256=ORIENTED_EDGE('',*,*,#975,.T.);
#1257=ORIENTED_EDGE('',*,*,#972,.T.);
#1258=ORIENTED_EDGE('',*,*,#995,.F.);
#1259=ORIENTED_EDGE('',*,*,#994,.T.);
#1260=ORIENTED_EDGE('',*,*,#996,.F.);
#1261=ORIENTED_EDGE('',*,*,#997,.F.);
#1262=ORIENTED_EDGE('',*,*,#998,.F.);
#1263=ORIENTED_EDGE('',*,*,#997,.T.);
#1264=ORIENTED_EDGE('',*,*,#999,.F.);
#1265=ORIENTED_EDGE('',*,*,#1000,.F.);
#1266=ORIENTED_EDGE('',*,*,#957,.T.);
#1267=ORIENTED_EDGE('',*,*,#966,.T.);
#1268=ORIENTED_EDGE('',*,*,#963,.T.);
#1269=ORIENTED_EDGE('',*,*,#960,.T.);
#1270=ORIENTED_EDGE('',*,*,#952,.T.);
#1271=ORIENTED_EDGE('',*,*,#949,.T.);
#1272=ORIENTED_EDGE('',*,*,#946,.T.);
#1273=ORIENTED_EDGE('',*,*,#936,.T.);
#1274=ORIENTED_EDGE('',*,*,#945,.T.);
#1275=ORIENTED_EDGE('',*,*,#942,.T.);
#1276=ORIENTED_EDGE('',*,*,#939,.T.);
#1277=ORIENTED_EDGE('',*,*,#931,.T.);
#1278=ORIENTED_EDGE('',*,*,#928,.T.);
#1279=ORIENTED_EDGE('',*,*,#925,.T.);
#1280=ORIENTED_EDGE('',*,*,#1001,.F.);
#1281=ORIENTED_EDGE('',*,*,#1000,.T.);
#1282=ORIENTED_EDGE('',*,*,#1002,.F.);
#1283=ORIENTED_EDGE('',*,*,#992,.F.);
#1284=ORIENTED_EDGE('',*,*,#1002,.T.);
#1285=ORIENTED_EDGE('',*,*,#999,.T.);
#1286=ORIENTED_EDGE('',*,*,#996,.T.);
#1287=ORIENTED_EDGE('',*,*,#993,.T.);
#1288=ORIENTED_EDGE('',*,*,#985,.T.);
#1289=ORIENTED_EDGE('',*,*,#990,.T.);
#1290=ORIENTED_EDGE('',*,*,#987,.T.);
#1291=ORIENTED_EDGE('',*,*,#981,.T.);
#1292=ORIENTED_EDGE('',*,*,#1003,.T.);
#1293=ORIENTED_EDGE('',*,*,#1004,.T.);
#1294=ORIENTED_EDGE('',*,*,#1005,.T.);
#1295=ORIENTED_EDGE('',*,*,#1006,.T.);
#1296=ORIENTED_EDGE('',*,*,#1007,.T.);
#1297=ORIENTED_EDGE('',*,*,#1008,.T.);
#1298=ORIENTED_EDGE('',*,*,#1009,.T.);
#1299=ORIENTED_EDGE('',*,*,#1010,.T.);
#1300=ORIENTED_EDGE('',*,*,#1011,.T.);
#1301=ORIENTED_EDGE('',*,*,#1012,.T.);
#1302=ORIENTED_EDGE('',*,*,#1013,.T.);
#1303=ORIENTED_EDGE('',*,*,#1014,.T.);
#1304=ORIENTED_EDGE('',*,*,#1015,.T.);
#1305=ORIENTED_EDGE('',*,*,#1016,.T.);
#1306=ORIENTED_EDGE('',*,*,#1017,.T.);
#1307=ORIENTED_EDGE('',*,*,#1018,.T.);
#1308=ORIENTED_EDGE('',*,*,#1001,.T.);
#1309=ORIENTED_EDGE('',*,*,#991,.T.);
#1310=ORIENTED_EDGE('',*,*,#995,.T.);
#1311=ORIENTED_EDGE('',*,*,#998,.T.);
#1312=ORIENTED_EDGE('',*,*,#989,.T.);
#1313=ORIENTED_EDGE('',*,*,#983,.T.);
#1314=ORIENTED_EDGE('',*,*,#979,.T.);
#1315=ORIENTED_EDGE('',*,*,#986,.T.);
#1316=ORIENTED_EDGE('',*,*,#1019,.T.);
#1317=ORIENTED_EDGE('',*,*,#1020,.T.);
#1318=ORIENTED_EDGE('',*,*,#1021,.T.);
#1319=ORIENTED_EDGE('',*,*,#1022,.T.);
#1320=ORIENTED_EDGE('',*,*,#1023,.T.);
#1321=ORIENTED_EDGE('',*,*,#1024,.T.);
#1322=ORIENTED_EDGE('',*,*,#1025,.T.);
#1323=ORIENTED_EDGE('',*,*,#1026,.T.);
#1324=ORIENTED_EDGE('',*,*,#1027,.T.);
#1325=ORIENTED_EDGE('',*,*,#1028,.T.);
#1326=ORIENTED_EDGE('',*,*,#1029,.T.);
#1327=ORIENTED_EDGE('',*,*,#1030,.T.);
#1328=ORIENTED_EDGE('',*,*,#1031,.T.);
#1329=ORIENTED_EDGE('',*,*,#1032,.T.);
#1330=ORIENTED_EDGE('',*,*,#1033,.T.);
#1331=ORIENTED_EDGE('',*,*,#1034,.T.);
#1332=ORIENTED_EDGE('',*,*,#1035,.T.);
#1333=ORIENTED_EDGE('',*,*,#1003,.F.);
#1334=ORIENTED_EDGE('',*,*,#1036,.T.);
#1335=ORIENTED_EDGE('',*,*,#1037,.F.);
#1336=ORIENTED_EDGE('',*,*,#1036,.F.);
#1337=ORIENTED_EDGE('',*,*,#1019,.F.);
#1338=ORIENTED_EDGE('',*,*,#1038,.T.);
#1339=ORIENTED_EDGE('',*,*,#1039,.F.);
#1340=ORIENTED_EDGE('',*,*,#1038,.F.);
#1341=ORIENTED_EDGE('',*,*,#1039,.T.);
#1342=ORIENTED_EDGE('',*,*,#1037,.T.);
#1343=ORIENTED_EDGE('',*,*,#1004,.F.);
#1344=ORIENTED_EDGE('',*,*,#1040,.T.);
#1345=ORIENTED_EDGE('',*,*,#1041,.F.);
#1346=ORIENTED_EDGE('',*,*,#1040,.F.);
#1347=ORIENTED_EDGE('',*,*,#1020,.F.);
#1348=ORIENTED_EDGE('',*,*,#1042,.T.);
#1349=ORIENTED_EDGE('',*,*,#1043,.F.);
#1350=ORIENTED_EDGE('',*,*,#1042,.F.);
#1351=ORIENTED_EDGE('',*,*,#1043,.T.);
#1352=ORIENTED_EDGE('',*,*,#1041,.T.);
#1353=ORIENTED_EDGE('',*,*,#1005,.F.);
#1354=ORIENTED_EDGE('',*,*,#1044,.T.);
#1355=ORIENTED_EDGE('',*,*,#1045,.F.);
#1356=ORIENTED_EDGE('',*,*,#1044,.F.);
#1357=ORIENTED_EDGE('',*,*,#1021,.F.);
#1358=ORIENTED_EDGE('',*,*,#1046,.T.);
#1359=ORIENTED_EDGE('',*,*,#1047,.F.);
#1360=ORIENTED_EDGE('',*,*,#1046,.F.);
#1361=ORIENTED_EDGE('',*,*,#1047,.T.);
#1362=ORIENTED_EDGE('',*,*,#1045,.T.);
#1363=ORIENTED_EDGE('',*,*,#1006,.F.);
#1364=ORIENTED_EDGE('',*,*,#1048,.T.);
#1365=ORIENTED_EDGE('',*,*,#1049,.F.);
#1366=ORIENTED_EDGE('',*,*,#1048,.F.);
#1367=ORIENTED_EDGE('',*,*,#1022,.F.);
#1368=ORIENTED_EDGE('',*,*,#1050,.T.);
#1369=ORIENTED_EDGE('',*,*,#1051,.F.);
#1370=ORIENTED_EDGE('',*,*,#1050,.F.);
#1371=ORIENTED_EDGE('',*,*,#1051,.T.);
#1372=ORIENTED_EDGE('',*,*,#1049,.T.);
#1373=ORIENTED_EDGE('',*,*,#1007,.F.);
#1374=ORIENTED_EDGE('',*,*,#1052,.T.);
#1375=ORIENTED_EDGE('',*,*,#1053,.F.);
#1376=ORIENTED_EDGE('',*,*,#1052,.F.);
#1377=ORIENTED_EDGE('',*,*,#1023,.F.);
#1378=ORIENTED_EDGE('',*,*,#1054,.T.);
#1379=ORIENTED_EDGE('',*,*,#1055,.F.);
#1380=ORIENTED_EDGE('',*,*,#1054,.F.);
#1381=ORIENTED_EDGE('',*,*,#1055,.T.);
#1382=ORIENTED_EDGE('',*,*,#1053,.T.);
#1383=ORIENTED_EDGE('',*,*,#1008,.F.);
#1384=ORIENTED_EDGE('',*,*,#1056,.T.);
#1385=ORIENTED_EDGE('',*,*,#1057,.F.);
#1386=ORIENTED_EDGE('',*,*,#1056,.F.);
#1387=ORIENTED_EDGE('',*,*,#1024,.F.);
#1388=ORIENTED_EDGE('',*,*,#1058,.T.);
#1389=ORIENTED_EDGE('',*,*,#1059,.F.);
#1390=ORIENTED_EDGE('',*,*,#1058,.F.);
#1391=ORIENTED_EDGE('',*,*,#1059,.T.);
#1392=ORIENTED_EDGE('',*,*,#1057,.T.);
#1393=ORIENTED_EDGE('',*,*,#1009,.F.);
#1394=ORIENTED_EDGE('',*,*,#1060,.T.);
#1395=ORIENTED_EDGE('',*,*,#1061,.F.);
#1396=ORIENTED_EDGE('',*,*,#1060,.F.);
#1397=ORIENTED_EDGE('',*,*,#1025,.F.);
#1398=ORIENTED_EDGE('',*,*,#1062,.T.);
#1399=ORIENTED_EDGE('',*,*,#1063,.F.);
#1400=ORIENTED_EDGE('',*,*,#1062,.F.);
#1401=ORIENTED_EDGE('',*,*,#1063,.T.);
#1402=ORIENTED_EDGE('',*,*,#1061,.T.);
#1403=ORIENTED_EDGE('',*,*,#1010,.F.);
#1404=ORIENTED_EDGE('',*,*,#1064,.T.);
#1405=ORIENTED_EDGE('',*,*,#1065,.F.);
#1406=ORIENTED_EDGE('',*,*,#1064,.F.);
#1407=ORIENTED_EDGE('',*,*,#1026,.F.);
#1408=ORIENTED_EDGE('',*,*,#1066,.T.);
#1409=ORIENTED_EDGE('',*,*,#1067,.F.);
#1410=ORIENTED_EDGE('',*,*,#1066,.F.);
#1411=ORIENTED_EDGE('',*,*,#1067,.T.);
#1412=ORIENTED_EDGE('',*,*,#1065,.T.);
#1413=ORIENTED_EDGE('',*,*,#1027,.F.);
#1414=ORIENTED_EDGE('',*,*,#1068,.T.);
#1415=ORIENTED_EDGE('',*,*,#1069,.F.);
#1416=ORIENTED_EDGE('',*,*,#1068,.F.);
#1417=ORIENTED_EDGE('',*,*,#1069,.T.);
#1418=ORIENTED_EDGE('',*,*,#1011,.F.);
#1419=ORIENTED_EDGE('',*,*,#1070,.T.);
#1420=ORIENTED_EDGE('',*,*,#1071,.F.);
#1421=ORIENTED_EDGE('',*,*,#1070,.F.);
#1422=ORIENTED_EDGE('',*,*,#1028,.F.);
#1423=ORIENTED_EDGE('',*,*,#1072,.T.);
#1424=ORIENTED_EDGE('',*,*,#1073,.F.);
#1425=ORIENTED_EDGE('',*,*,#1072,.F.);
#1426=ORIENTED_EDGE('',*,*,#1073,.T.);
#1427=ORIENTED_EDGE('',*,*,#1071,.T.);
#1428=ORIENTED_EDGE('',*,*,#1012,.F.);
#1429=ORIENTED_EDGE('',*,*,#1074,.T.);
#1430=ORIENTED_EDGE('',*,*,#1075,.F.);
#1431=ORIENTED_EDGE('',*,*,#1074,.F.);
#1432=ORIENTED_EDGE('',*,*,#1029,.F.);
#1433=ORIENTED_EDGE('',*,*,#1076,.T.);
#1434=ORIENTED_EDGE('',*,*,#1077,.F.);
#1435=ORIENTED_EDGE('',*,*,#1076,.F.);
#1436=ORIENTED_EDGE('',*,*,#1077,.T.);
#1437=ORIENTED_EDGE('',*,*,#1075,.T.);
#1438=ORIENTED_EDGE('',*,*,#1013,.F.);
#1439=ORIENTED_EDGE('',*,*,#1078,.T.);
#1440=ORIENTED_EDGE('',*,*,#1079,.F.);
#1441=ORIENTED_EDGE('',*,*,#1078,.F.);
#1442=ORIENTED_EDGE('',*,*,#1030,.F.);
#1443=ORIENTED_EDGE('',*,*,#1080,.T.);
#1444=ORIENTED_EDGE('',*,*,#1081,.F.);
#1445=ORIENTED_EDGE('',*,*,#1080,.F.);
#1446=ORIENTED_EDGE('',*,*,#1081,.T.);
#1447=ORIENTED_EDGE('',*,*,#1079,.T.);
#1448=ORIENTED_EDGE('',*,*,#1014,.F.);
#1449=ORIENTED_EDGE('',*,*,#1082,.T.);
#1450=ORIENTED_EDGE('',*,*,#1083,.F.);
#1451=ORIENTED_EDGE('',*,*,#1082,.F.);
#1452=ORIENTED_EDGE('',*,*,#1031,.F.);
#1453=ORIENTED_EDGE('',*,*,#1084,.T.);
#1454=ORIENTED_EDGE('',*,*,#1085,.F.);
#1455=ORIENTED_EDGE('',*,*,#1084,.F.);
#1456=ORIENTED_EDGE('',*,*,#1085,.T.);
#1457=ORIENTED_EDGE('',*,*,#1083,.T.);
#1458=ORIENTED_EDGE('',*,*,#1015,.F.);
#1459=ORIENTED_EDGE('',*,*,#1086,.T.);
#1460=ORIENTED_EDGE('',*,*,#1087,.F.);
#1461=ORIENTED_EDGE('',*,*,#1086,.F.);
#1462=ORIENTED_EDGE('',*,*,#1032,.F.);
#1463=ORIENTED_EDGE('',*,*,#1088,.T.);
#1464=ORIENTED_EDGE('',*,*,#1089,.F.);
#1465=ORIENTED_EDGE('',*,*,#1088,.F.);
#1466=ORIENTED_EDGE('',*,*,#1089,.T.);
#1467=ORIENTED_EDGE('',*,*,#1087,.T.);
#1468=ORIENTED_EDGE('',*,*,#1016,.F.);
#1469=ORIENTED_EDGE('',*,*,#1090,.T.);
#1470=ORIENTED_EDGE('',*,*,#1091,.F.);
#1471=ORIENTED_EDGE('',*,*,#1090,.F.);
#1472=ORIENTED_EDGE('',*,*,#1033,.F.);
#1473=ORIENTED_EDGE('',*,*,#1092,.T.);
#1474=ORIENTED_EDGE('',*,*,#1093,.F.);
#1475=ORIENTED_EDGE('',*,*,#1092,.F.);
#1476=ORIENTED_EDGE('',*,*,#1093,.T.);
#1477=ORIENTED_EDGE('',*,*,#1091,.T.);
#1478=ORIENTED_EDGE('',*,*,#1017,.F.);
#1479=ORIENTED_EDGE('',*,*,#1094,.T.);
#1480=ORIENTED_EDGE('',*,*,#1095,.F.);
#1481=ORIENTED_EDGE('',*,*,#1094,.F.);
#1482=ORIENTED_EDGE('',*,*,#1034,.F.);
#1483=ORIENTED_EDGE('',*,*,#1096,.T.);
#1484=ORIENTED_EDGE('',*,*,#1097,.F.);
#1485=ORIENTED_EDGE('',*,*,#1096,.F.);
#1486=ORIENTED_EDGE('',*,*,#1097,.T.);
#1487=ORIENTED_EDGE('',*,*,#1095,.T.);
#1488=ORIENTED_EDGE('',*,*,#1018,.F.);
#1489=ORIENTED_EDGE('',*,*,#1098,.T.);
#1490=ORIENTED_EDGE('',*,*,#1099,.F.);
#1491=ORIENTED_EDGE('',*,*,#1098,.F.);
#1492=ORIENTED_EDGE('',*,*,#1035,.F.);
#1493=ORIENTED_EDGE('',*,*,#1100,.T.);
#1494=ORIENTED_EDGE('',*,*,#1101,.F.);
#1495=ORIENTED_EDGE('',*,*,#1100,.F.);
#1496=ORIENTED_EDGE('',*,*,#1101,.T.);
#1497=ORIENTED_EDGE('',*,*,#1099,.T.);
#1498=ORIENTED_EDGE('',*,*,#1102,.T.);
#1499=ORIENTED_EDGE('',*,*,#1103,.T.);
#1500=ORIENTED_EDGE('',*,*,#1104,.T.);
#1501=ORIENTED_EDGE('',*,*,#1105,.F.);
#1502=ORIENTED_EDGE('',*,*,#1106,.T.);
#1503=ORIENTED_EDGE('',*,*,#1107,.F.);
#1504=ORIENTED_EDGE('',*,*,#1108,.F.);
#1505=ORIENTED_EDGE('',*,*,#1109,.T.);
#1506=ORIENTED_EDGE('',*,*,#1110,.T.);
#1507=ORIENTED_EDGE('',*,*,#1111,.T.);
#1508=ORIENTED_EDGE('',*,*,#1112,.T.);
#1509=ORIENTED_EDGE('',*,*,#1105,.T.);
#1510=ORIENTED_EDGE('',*,*,#1113,.T.);
#1511=ORIENTED_EDGE('',*,*,#1114,.T.);
#1512=ORIENTED_EDGE('',*,*,#1115,.T.);
#1513=ORIENTED_EDGE('',*,*,#1107,.T.);
#1514=ORIENTED_EDGE('',*,*,#1110,.F.);
#1515=ORIENTED_EDGE('',*,*,#1106,.F.);
#1516=ORIENTED_EDGE('',*,*,#1116,.F.);
#1517=ORIENTED_EDGE('',*,*,#1117,.F.);
#1518=ORIENTED_EDGE('',*,*,#1118,.F.);
#1519=ORIENTED_EDGE('',*,*,#1119,.T.);
#1520=ORIENTED_EDGE('',*,*,#1111,.F.);
#1521=ORIENTED_EDGE('',*,*,#1119,.F.);
#1522=ORIENTED_EDGE('',*,*,#1120,.F.);
#1523=ORIENTED_EDGE('',*,*,#1121,.T.);
#1524=ORIENTED_EDGE('',*,*,#1112,.F.);
#1525=ORIENTED_EDGE('',*,*,#1121,.F.);
#1526=ORIENTED_EDGE('',*,*,#1122,.F.);
#1527=ORIENTED_EDGE('',*,*,#1123,.F.);
#1528=ORIENTED_EDGE('',*,*,#1124,.F.);
#1529=ORIENTED_EDGE('',*,*,#1102,.F.);
#1530=ORIENTED_EDGE('',*,*,#1123,.T.);
#1531=ORIENTED_EDGE('',*,*,#1125,.F.);
#1532=ORIENTED_EDGE('',*,*,#1126,.F.);
#1533=ORIENTED_EDGE('',*,*,#1127,.T.);
#1534=ORIENTED_EDGE('',*,*,#1117,.T.);
#1535=ORIENTED_EDGE('',*,*,#1128,.T.);
#1536=ORIENTED_EDGE('',*,*,#1129,.T.);
#1537=ORIENTED_EDGE('',*,*,#1130,.F.);
#1538=ORIENTED_EDGE('',*,*,#1116,.T.);
#1539=ORIENTED_EDGE('',*,*,#1109,.F.);
#1540=ORIENTED_EDGE('',*,*,#1131,.F.);
#1541=ORIENTED_EDGE('',*,*,#1132,.F.);
#1542=ORIENTED_EDGE('',*,*,#1133,.F.);
#1543=ORIENTED_EDGE('',*,*,#1103,.F.);
#1544=ORIENTED_EDGE('',*,*,#1124,.T.);
#1545=ORIENTED_EDGE('',*,*,#1127,.F.);
#1546=ORIENTED_EDGE('',*,*,#1134,.F.);
#1547=ORIENTED_EDGE('',*,*,#1135,.F.);
#1548=ORIENTED_EDGE('',*,*,#1136,.F.);
#1549=ORIENTED_EDGE('',*,*,#1128,.F.);
#1550=ORIENTED_EDGE('',*,*,#1131,.T.);
#1551=ORIENTED_EDGE('',*,*,#1108,.T.);
#1552=ORIENTED_EDGE('',*,*,#1115,.F.);
#1553=ORIENTED_EDGE('',*,*,#1137,.F.);
#1554=ORIENTED_EDGE('',*,*,#1132,.T.);
#1555=ORIENTED_EDGE('',*,*,#1137,.T.);
#1556=ORIENTED_EDGE('',*,*,#1114,.F.);
#1557=ORIENTED_EDGE('',*,*,#1138,.F.);
#1558=ORIENTED_EDGE('',*,*,#1133,.T.);
#1559=ORIENTED_EDGE('',*,*,#1138,.T.);
#1560=ORIENTED_EDGE('',*,*,#1113,.F.);
#1561=ORIENTED_EDGE('',*,*,#1104,.F.);
#1562=ORIENTED_EDGE('',*,*,#1134,.T.);
#1563=ORIENTED_EDGE('',*,*,#1126,.T.);
#1564=ORIENTED_EDGE('',*,*,#1139,.F.);
#1565=ORIENTED_EDGE('',*,*,#1140,.F.);
#1566=ORIENTED_EDGE('',*,*,#1135,.T.);
#1567=ORIENTED_EDGE('',*,*,#1140,.T.);
#1568=ORIENTED_EDGE('',*,*,#1141,.F.);
#1569=ORIENTED_EDGE('',*,*,#1142,.F.);
#1570=ORIENTED_EDGE('',*,*,#1136,.T.);
#1571=ORIENTED_EDGE('',*,*,#1142,.T.);
#1572=ORIENTED_EDGE('',*,*,#1143,.F.);
#1573=ORIENTED_EDGE('',*,*,#1129,.F.);
#1574=ORIENTED_EDGE('',*,*,#1118,.T.);
#1575=ORIENTED_EDGE('',*,*,#1130,.T.);
#1576=ORIENTED_EDGE('',*,*,#1143,.T.);
#1577=ORIENTED_EDGE('',*,*,#1141,.T.);
#1578=ORIENTED_EDGE('',*,*,#1139,.T.);
#1579=ORIENTED_EDGE('',*,*,#1125,.T.);
#1580=ORIENTED_EDGE('',*,*,#1122,.T.);
#1581=ORIENTED_EDGE('',*,*,#1120,.T.);
#1582=CYLINDRICAL_SURFACE('',#1748,4.);
#1583=CYLINDRICAL_SURFACE('',#1751,4.);
#1584=CYLINDRICAL_SURFACE('',#1754,4.);
#1585=CYLINDRICAL_SURFACE('',#1761,4.);
#1586=CYLINDRICAL_SURFACE('',#1764,4.);
#1587=CYLINDRICAL_SURFACE('',#1767,4.);
#1588=CYLINDRICAL_SURFACE('',#1838,2.00000000000001);
#1589=CYLINDRICAL_SURFACE('',#1840,3.5);
#1590=CYLINDRICAL_SURFACE('',#1843,2.);
#1591=CYLINDRICAL_SURFACE('',#1845,3.50000000000001);
#1592=CYLINDRICAL_SURFACE('',#1848,2.);
#1593=CYLINDRICAL_SURFACE('',#1850,3.5);
#1594=CYLINDRICAL_SURFACE('',#1853,2.);
#1595=CYLINDRICAL_SURFACE('',#1855,3.50000000000001);
#1596=CYLINDRICAL_SURFACE('',#1858,2.);
#1597=CYLINDRICAL_SURFACE('',#1860,3.50000000000001);
#1598=CYLINDRICAL_SURFACE('',#1863,1.99999999999999);
#1599=CYLINDRICAL_SURFACE('',#1865,3.5);
#1600=CYLINDRICAL_SURFACE('',#1868,2.);
#1601=CYLINDRICAL_SURFACE('',#1870,3.5);
#1602=CYLINDRICAL_SURFACE('',#1873,1.99999999999999);
#1603=CYLINDRICAL_SURFACE('',#1875,3.50000000000001);
#1604=CYLINDRICAL_SURFACE('',#1878,2.5);
#1605=CYLINDRICAL_SURFACE('',#1881,1.99999999999999);
#1606=CYLINDRICAL_SURFACE('',#1883,3.5);
#1607=CYLINDRICAL_SURFACE('',#1886,2.);
#1608=CYLINDRICAL_SURFACE('',#1888,3.5);
#1609=CYLINDRICAL_SURFACE('',#1891,1.99999999999999);
#1610=CYLINDRICAL_SURFACE('',#1893,3.5);
#1611=CYLINDRICAL_SURFACE('',#1896,2.);
#1612=CYLINDRICAL_SURFACE('',#1898,3.5);
#1613=CYLINDRICAL_SURFACE('',#1901,2.);
#1614=CYLINDRICAL_SURFACE('',#1903,3.49999999999999);
#1615=CYLINDRICAL_SURFACE('',#1906,2.);
#1616=CYLINDRICAL_SURFACE('',#1908,3.5);
#1617=CYLINDRICAL_SURFACE('',#1911,2.);
#1618=CYLINDRICAL_SURFACE('',#1913,3.50000000000001);
#1619=CYLINDRICAL_SURFACE('',#1916,2.);
#1620=CYLINDRICAL_SURFACE('',#1918,3.5);
#1621=ADVANCED_FACE('',(#145),#1582,.F.);
#1622=ADVANCED_FACE('',(#146),#1583,.F.);
#1623=ADVANCED_FACE('',(#147),#1584,.F.);
#1624=ADVANCED_FACE('',(#148),#73,.F.);
#1625=ADVANCED_FACE('',(#149),#74,.F.);
#1626=ADVANCED_FACE('',(#150),#75,.F.);
#1627=ADVANCED_FACE('',(#151),#76,.F.);
#1628=ADVANCED_FACE('',(#152),#1585,.F.);
#1629=ADVANCED_FACE('',(#153),#1586,.F.);
#1630=ADVANCED_FACE('',(#154),#1587,.F.);
#1631=ADVANCED_FACE('',(#155),#77,.F.);
#1632=ADVANCED_FACE('',(#156),#78,.F.);
#1633=ADVANCED_FACE('',(#157),#79,.F.);
#1634=ADVANCED_FACE('',(#158),#80,.F.);
#1635=ADVANCED_FACE('',(#159),#81,.F.);
#1636=ADVANCED_FACE('',(#160),#82,.F.);
#1637=ADVANCED_FACE('',(#161),#83,.F.);
#1638=ADVANCED_FACE('',(#162),#84,.F.);
#1639=ADVANCED_FACE('',(#163,#21,#22,#23,#24,#25,#26,#27,#28),#85,.T.);
#1640=ADVANCED_FACE('',(#164),#86,.T.);
#1641=ADVANCED_FACE('',(#165),#87,.T.);
#1642=ADVANCED_FACE('',(#166,#29),#88,.T.);
#1643=ADVANCED_FACE('',(#167,#30),#89,.T.);
#1644=ADVANCED_FACE('',(#168),#90,.T.);
#1645=ADVANCED_FACE('',(#169,#31,#32,#33,#34,#35,#36,#37,#38),#91,.T.);
#1646=ADVANCED_FACE('',(#170),#92,.T.);
#1647=ADVANCED_FACE('',(#171,#39),#93,.T.);
#1648=ADVANCED_FACE('',(#172),#94,.F.);
#1649=ADVANCED_FACE('',(#173),#95,.F.);
#1650=ADVANCED_FACE('',(#174),#96,.F.);
#1651=ADVANCED_FACE('',(#175),#97,.F.);
#1652=ADVANCED_FACE('',(#176),#98,.F.);
#1653=ADVANCED_FACE('',(#177),#99,.F.);
#1654=ADVANCED_FACE('',(#178),#100,.F.);
#1655=ADVANCED_FACE('',(#179),#101,.F.);
#1656=ADVANCED_FACE('',(#180),#102,.F.);
#1657=ADVANCED_FACE('',(#181),#103,.F.);
#1658=ADVANCED_FACE('',(#182),#104,.F.);
#1659=ADVANCED_FACE('',(#183),#105,.F.);
#1660=ADVANCED_FACE('',(#184),#106,.F.);
#1661=ADVANCED_FACE('',(#185),#107,.F.);
#1662=ADVANCED_FACE('',(#186),#108,.F.);
#1663=ADVANCED_FACE('',(#187),#109,.F.);
#1664=ADVANCED_FACE('',(#188),#110,.T.);
#1665=ADVANCED_FACE('',(#189,#40,#41,#42,#43,#44,#45,#46,#47,#48,#49,#50,
#51,#52,#53,#54,#55,#56),#111,.F.);
#1666=ADVANCED_FACE('',(#190),#1588,.F.);
#1667=ADVANCED_FACE('',(#191),#1589,.T.);
#1668=ADVANCED_FACE('',(#192,#57),#112,.T.);
#1669=ADVANCED_FACE('',(#193),#1590,.F.);
#1670=ADVANCED_FACE('',(#194),#1591,.T.);
#1671=ADVANCED_FACE('',(#195,#58),#113,.T.);
#1672=ADVANCED_FACE('',(#196),#1592,.F.);
#1673=ADVANCED_FACE('',(#197),#1593,.T.);
#1674=ADVANCED_FACE('',(#198,#59),#114,.T.);
#1675=ADVANCED_FACE('',(#199),#1594,.F.);
#1676=ADVANCED_FACE('',(#200),#1595,.T.);
#1677=ADVANCED_FACE('',(#201,#60),#115,.T.);
#1678=ADVANCED_FACE('',(#202),#1596,.F.);
#1679=ADVANCED_FACE('',(#203),#1597,.T.);
#1680=ADVANCED_FACE('',(#204,#61),#116,.T.);
#1681=ADVANCED_FACE('',(#205),#1598,.F.);
#1682=ADVANCED_FACE('',(#206),#1599,.T.);
#1683=ADVANCED_FACE('',(#207,#62),#117,.T.);
#1684=ADVANCED_FACE('',(#208),#1600,.F.);
#1685=ADVANCED_FACE('',(#209),#1601,.T.);
#1686=ADVANCED_FACE('',(#210,#63),#118,.T.);
#1687=ADVANCED_FACE('',(#211),#1602,.F.);
#1688=ADVANCED_FACE('',(#212),#1603,.T.);
#1689=ADVANCED_FACE('',(#213,#64),#119,.T.);
#1690=ADVANCED_FACE('',(#214),#1604,.T.);
#1691=ADVANCED_FACE('',(#215),#120,.T.);
#1692=ADVANCED_FACE('',(#216),#1605,.F.);
#1693=ADVANCED_FACE('',(#217),#1606,.T.);
#1694=ADVANCED_FACE('',(#218,#65),#121,.T.);
#1695=ADVANCED_FACE('',(#219),#1607,.F.);
#1696=ADVANCED_FACE('',(#220),#1608,.T.);
#1697=ADVANCED_FACE('',(#221,#66),#122,.T.);
#1698=ADVANCED_FACE('',(#222),#1609,.F.);
#1699=ADVANCED_FACE('',(#223),#1610,.T.);
#1700=ADVANCED_FACE('',(#224,#67),#123,.T.);
#1701=ADVANCED_FACE('',(#225),#1611,.F.);
#1702=ADVANCED_FACE('',(#226),#1612,.T.);
#1703=ADVANCED_FACE('',(#227,#68),#124,.T.);
#1704=ADVANCED_FACE('',(#228),#1613,.F.);
#1705=ADVANCED_FACE('',(#229),#1614,.T.);
#1706=ADVANCED_FACE('',(#230,#69),#125,.T.);
#1707=ADVANCED_FACE('',(#231),#1615,.F.);
#1708=ADVANCED_FACE('',(#232),#1616,.T.);
#1709=ADVANCED_FACE('',(#233,#70),#126,.T.);
#1710=ADVANCED_FACE('',(#234),#1617,.F.);
#1711=ADVANCED_FACE('',(#235),#1618,.T.);
#1712=ADVANCED_FACE('',(#236,#71),#127,.T.);
#1713=ADVANCED_FACE('',(#237),#1619,.F.);
#1714=ADVANCED_FACE('',(#238),#1620,.T.);
#1715=ADVANCED_FACE('',(#239,#72),#128,.T.);
#1716=ADVANCED_FACE('',(#240),#129,.T.);
#1717=ADVANCED_FACE('',(#241),#130,.T.);
#1718=ADVANCED_FACE('',(#242),#131,.T.);
#1719=ADVANCED_FACE('',(#243),#132,.F.);
#1720=ADVANCED_FACE('',(#244),#133,.F.);
#1721=ADVANCED_FACE('',(#245),#134,.F.);
#1722=ADVANCED_FACE('',(#246),#135,.T.);
#1723=ADVANCED_FACE('',(#247),#136,.T.);
#1724=ADVANCED_FACE('',(#248),#137,.F.);
#1725=ADVANCED_FACE('',(#249),#138,.T.);
#1726=ADVANCED_FACE('',(#250),#139,.T.);
#1727=ADVANCED_FACE('',(#251),#140,.T.);
#1728=ADVANCED_FACE('',(#252),#141,.T.);
#1729=ADVANCED_FACE('',(#253),#142,.T.);
#1730=ADVANCED_FACE('',(#254),#143,.T.);
#1731=ADVANCED_FACE('',(#255),#144,.T.);
#1732=CLOSED_SHELL('',(#1621,#1622,#1623,#1624,#1625,#1626,#1627,#1628,
#1629,#1630,#1631,#1632,#1633,#1634,#1635,#1636,#1637,#1638,#1639,#1640,
#1641,#1642,#1643,#1644,#1645,#1646,#1647,#1648,#1649,#1650,#1651,#1652,
#1653,#1654,#1655,#1656,#1657,#1658,#1659,#1660,#1661,#1662,#1663,#1664,
#1665,#1666,#1667,#1668,#1669,#1670,#1671,#1672,#1673,#1674,#1675,#1676,
#1677,#1678,#1679,#1680,#1681,#1682,#1683,#1684,#1685,#1686,#1687,#1688,
#1689,#1690,#1691,#1692,#1693,#1694,#1695,#1696,#1697,#1698,#1699,#1700,
#1701,#1702,#1703,#1704,#1705,#1706,#1707,#1708,#1709,#1710,#1711,#1712,
#1713,#1714,#1715));
#1733=CLOSED_SHELL('',(#1716,#1717,#1718,#1719,#1720,#1721,#1722,#1723,
#1724,#1725,#1726,#1727,#1728,#1729,#1730,#1731));
#1734=DERIVED_UNIT_ELEMENT(#1736,1.);
#1735=DERIVED_UNIT_ELEMENT(#2949,-3.);
#1736=(
MASS_UNIT()
NAMED_UNIT(*)
SI_UNIT(.KILO.,.GRAM.)
);
#1737=DERIVED_UNIT((#1734,#1735));
#1738=MEASURE_REPRESENTATION_ITEM('density measure',
POSITIVE_RATIO_MEASURE(7850.),#1737);
#1739=PROPERTY_DEFINITION_REPRESENTATION(#1744,#1741);
#1740=PROPERTY_DEFINITION_REPRESENTATION(#1745,#1742);
#1741=REPRESENTATION('material name',(#1743),#2946);
#1742=REPRESENTATION('density',(#1738),#2946);
#1743=DESCRIPTIVE_REPRESENTATION_ITEM('Steel','Steel');
#1744=PROPERTY_DEFINITION('material property','material name',#2961);
#1745=PROPERTY_DEFINITION('material property','density of part',#2961);
#1746=AXIS2_PLACEMENT_3D('',#2463,#1938,#1939);
#1747=AXIS2_PLACEMENT_3D('',#2464,#1940,#1941);
#1748=AXIS2_PLACEMENT_3D('',#2465,#1942,#1943);
#1749=AXIS2_PLACEMENT_3D('',#2467,#1944,#1945);
#1750=AXIS2_PLACEMENT_3D('',#2470,#1947,#1948);
#1751=AXIS2_PLACEMENT_3D('',#2471,#1949,#1950);
#1752=AXIS2_PLACEMENT_3D('',#2473,#1951,#1952);
#1753=AXIS2_PLACEMENT_3D('',#2476,#1954,#1955);
#1754=AXIS2_PLACEMENT_3D('',#2477,#1956,#1957);
#1755=AXIS2_PLACEMENT_3D('',#2479,#1958,#1959);
#1756=AXIS2_PLACEMENT_3D('',#2482,#1961,#1962);
#1757=AXIS2_PLACEMENT_3D('',#2483,#1963,#1964);
#1758=AXIS2_PLACEMENT_3D('',#2492,#1969,#1970);
#1759=AXIS2_PLACEMENT_3D('',#2498,#1974,#1975);
#1760=AXIS2_PLACEMENT_3D('',#2504,#1979,#1980);
#1761=AXIS2_PLACEMENT_3D('',#2507,#1983,#1984);
#1762=AXIS2_PLACEMENT_3D('',#2509,#1985,#1986);
#1763=AXIS2_PLACEMENT_3D('',#2512,#1988,#1989);
#1764=AXIS2_PLACEMENT_3D('',#2513,#1990,#1991);
#1765=AXIS2_PLACEMENT_3D('',#2515,#1992,#1993);
#1766=AXIS2_PLACEMENT_3D('',#2518,#1995,#1996);
#1767=AXIS2_PLACEMENT_3D('',#2519,#1997,#1998);
#1768=AXIS2_PLACEMENT_3D('',#2521,#1999,#2000);
#1769=AXIS2_PLACEMENT_3D('',#2524,#2002,#2003);
#1770=AXIS2_PLACEMENT_3D('',#2525,#2004,#2005);
#1771=AXIS2_PLACEMENT_3D('',#2534,#2010,#2011);
#1772=AXIS2_PLACEMENT_3D('',#2540,#2015,#2016);
#1773=AXIS2_PLACEMENT_3D('',#2546,#2020,#2021);
#1774=AXIS2_PLACEMENT_3D('',#2549,#2024,#2025);
#1775=AXIS2_PLACEMENT_3D('',#2558,#2030,#2031);
#1776=AXIS2_PLACEMENT_3D('',#2564,#2035,#2036);
#1777=AXIS2_PLACEMENT_3D('',#2570,#2040,#2041);
#1778=AXIS2_PLACEMENT_3D('',#2573,#2044,#2045);
#1779=AXIS2_PLACEMENT_3D('',#2582,#2050,#2051);
#1780=AXIS2_PLACEMENT_3D('',#2588,#2055,#2056);
#1781=AXIS2_PLACEMENT_3D('',#2594,#2060,#2061);
#1782=AXIS2_PLACEMENT_3D('',#2597,#2064,#2065);
#1783=AXIS2_PLACEMENT_3D('',#2606,#2070,#2071);
#1784=AXIS2_PLACEMENT_3D('',#2612,#2075,#2076);
#1785=AXIS2_PLACEMENT_3D('',#2618,#2080,#2081);
#1786=AXIS2_PLACEMENT_3D('',#2621,#2084,#2085);
#1787=AXIS2_PLACEMENT_3D('',#2622,#2086,#2087);
#1788=AXIS2_PLACEMENT_3D('',#2624,#2088,#2089);
#1789=AXIS2_PLACEMENT_3D('',#2625,#2090,#2091);
#1790=AXIS2_PLACEMENT_3D('',#2627,#2092,#2093);
#1791=AXIS2_PLACEMENT_3D('',#2628,#2094,#2095);
#1792=AXIS2_PLACEMENT_3D('',#2630,#2096,#2097);
#1793=AXIS2_PLACEMENT_3D('',#2631,#2098,#2099);
#1794=AXIS2_PLACEMENT_3D('',#2633,#2100,#2101);
#1795=AXIS2_PLACEMENT_3D('',#2634,#2102,#2103);
#1796=AXIS2_PLACEMENT_3D('',#2636,#2104,#2105);
#1797=AXIS2_PLACEMENT_3D('',#2637,#2106,#2107);
#1798=AXIS2_PLACEMENT_3D('',#2639,#2108,#2109);
#1799=AXIS2_PLACEMENT_3D('',#2640,#2110,#2111);
#1800=AXIS2_PLACEMENT_3D('',#2642,#2112,#2113);
#1801=AXIS2_PLACEMENT_3D('',#2643,#2114,#2115);
#1802=AXIS2_PLACEMENT_3D('',#2645,#2116,#2117);
#1803=AXIS2_PLACEMENT_3D('',#2646,#2118,#2119);
#1804=AXIS2_PLACEMENT_3D('',#2648,#2120,#2121);
#1805=AXIS2_PLACEMENT_3D('',#2649,#2122,#2123);
#1806=AXIS2_PLACEMENT_3D('',#2651,#2124,#2125);
#1807=AXIS2_PLACEMENT_3D('',#2652,#2126,#2127);
#1808=AXIS2_PLACEMENT_3D('',#2654,#2128,#2129);
#1809=AXIS2_PLACEMENT_3D('',#2655,#2130,#2131);
#1810=AXIS2_PLACEMENT_3D('',#2657,#2132,#2133);
#1811=AXIS2_PLACEMENT_3D('',#2658,#2134,#2135);
#1812=AXIS2_PLACEMENT_3D('',#2660,#2136,#2137);
#1813=AXIS2_PLACEMENT_3D('',#2661,#2138,#2139);
#1814=AXIS2_PLACEMENT_3D('',#2663,#2140,#2141);
#1815=AXIS2_PLACEMENT_3D('',#2664,#2142,#2143);
#1816=AXIS2_PLACEMENT_3D('',#2666,#2144,#2145);
#1817=AXIS2_PLACEMENT_3D('',#2667,#2146,#2147);
#1818=AXIS2_PLACEMENT_3D('',#2669,#2148,#2149);
#1819=AXIS2_PLACEMENT_3D('',#2670,#2150,#2151);
#1820=AXIS2_PLACEMENT_3D('',#2671,#2152,#2153);
#1821=AXIS2_PLACEMENT_3D('',#2673,#2154,#2155);
#1822=AXIS2_PLACEMENT_3D('',#2675,#2156,#2157);
#1823=AXIS2_PLACEMENT_3D('',#2677,#2158,#2159);
#1824=AXIS2_PLACEMENT_3D('',#2679,#2160,#2161);
#1825=AXIS2_PLACEMENT_3D('',#2681,#2162,#2163);
#1826=AXIS2_PLACEMENT_3D('',#2683,#2164,#2165);
#1827=AXIS2_PLACEMENT_3D('',#2685,#2166,#2167);
#1828=AXIS2_PLACEMENT_3D('',#2687,#2168,#2169);
#1829=AXIS2_PLACEMENT_3D('',#2689,#2170,#2171);
#1830=AXIS2_PLACEMENT_3D('',#2691,#2172,#2173);
#1831=AXIS2_PLACEMENT_3D('',#2693,#2174,#2175);
#1832=AXIS2_PLACEMENT_3D('',#2695,#2176,#2177);
#1833=AXIS2_PLACEMENT_3D('',#2697,#2178,#2179);
#1834=AXIS2_PLACEMENT_3D('',#2699,#2180,#2181);
#1835=AXIS2_PLACEMENT_3D('',#2701,#2182,#2183);
#1836=AXIS2_PLACEMENT_3D('',#2703,#2184,#2185);
#1837=AXIS2_PLACEMENT_3D('',#2705,#2186,#2187);
#1838=AXIS2_PLACEMENT_3D('',#2706,#2188,#2189);
#1839=AXIS2_PLACEMENT_3D('',#2709,#2191,#2192);
#1840=AXIS2_PLACEMENT_3D('',#2710,#2193,#2194);
#1841=AXIS2_PLACEMENT_3D('',#2713,#2196,#2197);
#1842=AXIS2_PLACEMENT_3D('',#2714,#2198,#2199);
#1843=AXIS2_PLACEMENT_3D('',#2715,#2200,#2201);
#1844=AXIS2_PLACEMENT_3D('',#2718,#2203,#2204);
#1845=AXIS2_PLACEMENT_3D('',#2719,#2205,#2206);
#1846=AXIS2_PLACEMENT_3D('',#2722,#2208,#2209);
#1847=AXIS2_PLACEMENT_3D('',#2723,#2210,#2211);
#1848=AXIS2_PLACEMENT_3D('',#2724,#2212,#2213);
#1849=AXIS2_PLACEMENT_3D('',#2727,#2215,#2216);
#1850=AXIS2_PLACEMENT_3D('',#2728,#2217,#2218);
#1851=AXIS2_PLACEMENT_3D('',#2731,#2220,#2221);
#1852=AXIS2_PLACEMENT_3D('',#2732,#2222,#2223);
#1853=AXIS2_PLACEMENT_3D('',#2733,#2224,#2225);
#1854=AXIS2_PLACEMENT_3D('',#2736,#2227,#2228);
#1855=AXIS2_PLACEMENT_3D('',#2737,#2229,#2230);
#1856=AXIS2_PLACEMENT_3D('',#2740,#2232,#2233);
#1857=AXIS2_PLACEMENT_3D('',#2741,#2234,#2235);
#1858=AXIS2_PLACEMENT_3D('',#2742,#2236,#2237);
#1859=AXIS2_PLACEMENT_3D('',#2745,#2239,#2240);
#1860=AXIS2_PLACEMENT_3D('',#2746,#2241,#2242);
#1861=AXIS2_PLACEMENT_3D('',#2749,#2244,#2245);
#1862=AXIS2_PLACEMENT_3D('',#2750,#2246,#2247);
#1863=AXIS2_PLACEMENT_3D('',#2751,#2248,#2249);
#1864=AXIS2_PLACEMENT_3D('',#2754,#2251,#2252);
#1865=AXIS2_PLACEMENT_3D('',#2755,#2253,#2254);
#1866=AXIS2_PLACEMENT_3D('',#2758,#2256,#2257);
#1867=AXIS2_PLACEMENT_3D('',#2759,#2258,#2259);
#1868=AXIS2_PLACEMENT_3D('',#2760,#2260,#2261);
#1869=AXIS2_PLACEMENT_3D('',#2763,#2263,#2264);
#1870=AXIS2_PLACEMENT_3D('',#2764,#2265,#2266);
#1871=AXIS2_PLACEMENT_3D('',#2767,#2268,#2269);
#1872=AXIS2_PLACEMENT_3D('',#2768,#2270,#2271);
#1873=AXIS2_PLACEMENT_3D('',#2769,#2272,#2273);
#1874=AXIS2_PLACEMENT_3D('',#2772,#2275,#2276);
#1875=AXIS2_PLACEMENT_3D('',#2773,#2277,#2278);
#1876=AXIS2_PLACEMENT_3D('',#2776,#2280,#2281);
#1877=AXIS2_PLACEMENT_3D('',#2777,#2282,#2283);
#1878=AXIS2_PLACEMENT_3D('',#2778,#2284,#2285);
#1879=AXIS2_PLACEMENT_3D('',#2781,#2287,#2288);
#1880=AXIS2_PLACEMENT_3D('',#2782,#2289,#2290);
#1881=AXIS2_PLACEMENT_3D('',#2783,#2291,#2292);
#1882=AXIS2_PLACEMENT_3D('',#2786,#2294,#2295);
#1883=AXIS2_PLACEMENT_3D('',#2787,#2296,#2297);
#1884=AXIS2_PLACEMENT_3D('',#2790,#2299,#2300);
#1885=AXIS2_PLACEMENT_3D('',#2791,#2301,#2302);
#1886=AXIS2_PLACEMENT_3D('',#2792,#2303,#2304);
#1887=AXIS2_PLACEMENT_3D('',#2795,#2306,#2307);
#1888=AXIS2_PLACEMENT_3D('',#2796,#2308,#2309);
#1889=AXIS2_PLACEMENT_3D('',#2799,#2311,#2312);
#1890=AXIS2_PLACEMENT_3D('',#2800,#2313,#2314);
#1891=AXIS2_PLACEMENT_3D('',#2801,#2315,#2316);
#1892=AXIS2_PLACEMENT_3D('',#2804,#2318,#2319);
#1893=AXIS2_PLACEMENT_3D('',#2805,#2320,#2321);
#1894=AXIS2_PLACEMENT_3D('',#2808,#2323,#2324);
#1895=AXIS2_PLACEMENT_3D('',#2809,#2325,#2326);
#1896=AXIS2_PLACEMENT_3D('',#2810,#2327,#2328);
#1897=AXIS2_PLACEMENT_3D('',#2813,#2330,#2331);
#1898=AXIS2_PLACEMENT_3D('',#2814,#2332,#2333);
#1899=AXIS2_PLACEMENT_3D('',#2817,#2335,#2336);
#1900=AXIS2_PLACEMENT_3D('',#2818,#2337,#2338);
#1901=AXIS2_PLACEMENT_3D('',#2819,#2339,#2340);
#1902=AXIS2_PLACEMENT_3D('',#2822,#2342,#2343);
#1903=AXIS2_PLACEMENT_3D('',#2823,#2344,#2345);
#1904=AXIS2_PLACEMENT_3D('',#2826,#2347,#2348);
#1905=AXIS2_PLACEMENT_3D('',#2827,#2349,#2350);
#1906=AXIS2_PLACEMENT_3D('',#2828,#2351,#2352);
#1907=AXIS2_PLACEMENT_3D('',#2831,#2354,#2355);
#1908=AXIS2_PLACEMENT_3D('',#2832,#2356,#2357);
#1909=AXIS2_PLACEMENT_3D('',#2835,#2359,#2360);
#1910=AXIS2_PLACEMENT_3D('',#2836,#2361,#2362);
#1911=AXIS2_PLACEMENT_3D('',#2837,#2363,#2364);
#1912=AXIS2_PLACEMENT_3D('',#2840,#2366,#2367);
#1913=AXIS2_PLACEMENT_3D('',#2841,#2368,#2369);
#1914=AXIS2_PLACEMENT_3D('',#2844,#2371,#2372);
#1915=AXIS2_PLACEMENT_3D('',#2845,#2373,#2374);
#1916=AXIS2_PLACEMENT_3D('',#2846,#2375,#2376);
#1917=AXIS2_PLACEMENT_3D('',#2849,#2378,#2379);
#1918=AXIS2_PLACEMENT_3D('',#2850,#2380,#2381);
#1919=AXIS2_PLACEMENT_3D('',#2853,#2383,#2384);
#1920=AXIS2_PLACEMENT_3D('',#2854,#2385,#2386);
#1921=AXIS2_PLACEMENT_3D('',#2855,#2387,#2388);
#1922=AXIS2_PLACEMENT_3D('',#2864,#2393,#2394);
#1923=AXIS2_PLACEMENT_3D('',#2873,#2399,#2400);
#1924=AXIS2_PLACEMENT_3D('',#2884,#2407,#2408);
#1925=AXIS2_PLACEMENT_3D('',#2892,#2413,#2414);
#1926=AXIS2_PLACEMENT_3D('',#2896,#2417,#2418);
#1927=AXIS2_PLACEMENT_3D('',#2902,#2422,#2423);
#1928=AXIS2_PLACEMENT_3D('',#2908,#2427,#2428);
#1929=AXIS2_PLACEMENT_3D('',#2914,#2432,#2433);
#1930=AXIS2_PLACEMENT_3D('',#2925,#2440,#2441);
#1931=AXIS2_PLACEMENT_3D('',#2927,#2443,#2444);
#1932=AXIS2_PLACEMENT_3D('',#2929,#2446,#2447);
#1933=AXIS2_PLACEMENT_3D('',#2930,#2448,#2449);
#1934=AXIS2_PLACEMENT_3D('',#2934,#2452,#2453);
#1935=AXIS2_PLACEMENT_3D('',#2938,#2456,#2457);
#1936=AXIS2_PLACEMENT_3D('',#2940,#2459,#2460);
#1937=AXIS2_PLACEMENT_3D('',#2941,#2461,#2462);
#1938=DIRECTION('axis',(0.,0.,1.));
#1939=DIRECTION('refdir',(1.,0.,0.));
#1940=DIRECTION('axis',(0.,0.,1.));
#1941=DIRECTION('refdir',(1.,0.,0.));
#1942=DIRECTION('center_axis',(0.,1.,0.));
#1943=DIRECTION('ref_axis',(1.,0.,0.));
#1944=DIRECTION('center_axis',(-7.18010040177951E-17,1.,0.));
#1945=DIRECTION('ref_axis',(1.,0.,0.));
#1946=DIRECTION('',(0.,1.,0.));
#1947=DIRECTION('center_axis',(0.,-1.,0.));
#1948=DIRECTION('ref_axis',(1.,0.,0.));
#1949=DIRECTION('center_axis',(0.,1.,0.));
#1950=DIRECTION('ref_axis',(1.,0.,0.));
#1951=DIRECTION('center_axis',(-7.18010040177951E-17,1.,0.));
#1952=DIRECTION('ref_axis',(1.,0.,0.));
#1953=DIRECTION('',(0.,1.,0.));
#1954=DIRECTION('center_axis',(0.,-1.,0.));
#1955=DIRECTION('ref_axis',(1.,0.,0.));
#1956=DIRECTION('center_axis',(0.,1.,0.));
#1957=DIRECTION('ref_axis',(1.,0.,0.));
#1958=DIRECTION('center_axis',(-7.18010040177951E-17,1.,0.));
#1959=DIRECTION('ref_axis',(1.,0.,0.));
#1960=DIRECTION('',(0.,1.,0.));
#1961=DIRECTION('center_axis',(0.,-1.,0.));
#1962=DIRECTION('ref_axis',(1.,0.,0.));
#1963=DIRECTION('center_axis',(-1.,0.,0.));
#1964=DIRECTION('ref_axis',(0.,0.,1.));
#1965=DIRECTION('',(0.,0.,-1.));
#1966=DIRECTION('',(0.,1.,0.));
#1967=DIRECTION('',(0.,0.,1.));
#1968=DIRECTION('',(0.,1.,0.));
#1969=DIRECTION('center_axis',(0.,0.,-1.));
#1970=DIRECTION('ref_axis',(-1.,0.,0.));
#1971=DIRECTION('',(1.,0.,0.));
#1972=DIRECTION('',(-1.,-7.18010040177951E-17,0.));
#1973=DIRECTION('',(0.,1.,0.));
#1974=DIRECTION('center_axis',(1.,0.,0.));
#1975=DIRECTION('ref_axis',(0.,0.,-1.));
#1976=DIRECTION('',(0.,0.,1.));
#1977=DIRECTION('',(0.,0.,-1.));
#1978=DIRECTION('',(0.,1.,0.));
#1979=DIRECTION('center_axis',(0.,0.,1.));
#1980=DIRECTION('ref_axis',(1.,0.,0.));
#1981=DIRECTION('',(-1.,0.,0.));
#1982=DIRECTION('',(1.,7.18010040177951E-17,0.));
#1983=DIRECTION('center_axis',(0.,1.,0.));
#1984=DIRECTION('ref_axis',(1.,0.,0.));
#1985=DIRECTION('center_axis',(-7.18010040177951E-17,1.,0.));
#1986=DIRECTION('ref_axis',(1.,0.,0.));
#1987=DIRECTION('',(0.,1.,0.));
#1988=DIRECTION('center_axis',(0.,-1.,0.));
#1989=DIRECTION('ref_axis',(1.,0.,0.));
#1990=DIRECTION('center_axis',(0.,1.,0.));
#1991=DIRECTION('ref_axis',(1.,0.,0.));
#1992=DIRECTION('center_axis',(-7.18010040177951E-17,1.,0.));
#1993=DIRECTION('ref_axis',(1.,0.,0.));
#1994=DIRECTION('',(0.,1.,0.));
#1995=DIRECTION('center_axis',(0.,-1.,0.));
#1996=DIRECTION('ref_axis',(1.,0.,0.));
#1997=DIRECTION('center_axis',(0.,1.,0.));
#1998=DIRECTION('ref_axis',(1.,0.,0.));
#1999=DIRECTION('center_axis',(-7.18010040177951E-17,1.,0.));
#2000=DIRECTION('ref_axis',(1.,0.,0.));
#2001=DIRECTION('',(0.,1.,0.));
#2002=DIRECTION('center_axis',(0.,-1.,0.));
#2003=DIRECTION('ref_axis',(1.,0.,0.));
#2004=DIRECTION('center_axis',(-1.,0.,0.));
#2005=DIRECTION('ref_axis',(0.,0.,1.));
#2006=DIRECTION('',(0.,0.,-1.));
#2007=DIRECTION('',(0.,1.,0.));
#2008=DIRECTION('',(0.,0.,1.));
#2009=DIRECTION('',(0.,1.,0.));
#2010=DIRECTION('center_axis',(0.,0.,-1.));
#2011=DIRECTION('ref_axis',(-1.,0.,0.));
#2012=DIRECTION('',(1.,0.,0.));
#2013=DIRECTION('',(-1.,-7.18010040177951E-17,0.));
#2014=DIRECTION('',(0.,1.,0.));
#2015=DIRECTION('center_axis',(1.,0.,0.));
#2016=DIRECTION('ref_axis',(0.,0.,-1.));
#2017=DIRECTION('',(0.,0.,1.));
#2018=DIRECTION('',(0.,0.,-1.));
#2019=DIRECTION('',(0.,1.,0.));
#2020=DIRECTION('center_axis',(0.,0.,1.));
#2021=DIRECTION('ref_axis',(1.,0.,0.));
#2022=DIRECTION('',(-1.,0.,0.));
#2023=DIRECTION('',(1.,7.18010040177951E-17,0.));
#2024=DIRECTION('center_axis',(1.,0.,0.));
#2025=DIRECTION('ref_axis',(0.,0.,1.));
#2026=DIRECTION('',(0.,0.,-1.));
#2027=DIRECTION('',(0.,-1.,0.));
#2028=DIRECTION('',(0.,0.,1.));
#2029=DIRECTION('',(0.,-1.,0.));
#2030=DIRECTION('center_axis',(0.,0.,-1.));
#2031=DIRECTION('ref_axis',(1.,0.,0.));
#2032=DIRECTION('',(-1.,0.,0.));
#2033=DIRECTION('',(1.,0.,0.));
#2034=DIRECTION('',(0.,-1.,0.));
#2035=DIRECTION('center_axis',(-1.,0.,0.));
#2036=DIRECTION('ref_axis',(0.,0.,-1.));
#2037=DIRECTION('',(0.,0.,1.));
#2038=DIRECTION('',(0.,0.,-1.));
#2039=DIRECTION('',(0.,-1.,0.));
#2040=DIRECTION('center_axis',(0.,0.,1.));
#2041=DIRECTION('ref_axis',(-1.,0.,0.));
#2042=DIRECTION('',(1.,0.,0.));
#2043=DIRECTION('',(-1.,0.,0.));
#2044=DIRECTION('center_axis',(0.,1.,0.));
#2045=DIRECTION('ref_axis',(-1.,0.,0.));
#2046=DIRECTION('',(1.,0.,0.));
#2047=DIRECTION('',(0.,0.,1.));
#2048=DIRECTION('',(-1.,0.,0.));
#2049=DIRECTION('',(0.,0.,1.));
#2050=DIRECTION('center_axis',(1.,0.,0.));
#2051=DIRECTION('ref_axis',(0.,1.,0.));
#2052=DIRECTION('',(0.,-1.,0.));
#2053=DIRECTION('',(0.,0.,1.));
#2054=DIRECTION('',(0.,1.,0.));
#2055=DIRECTION('center_axis',(-1.,0.,0.));
#2056=DIRECTION('ref_axis',(0.,-1.,0.));
#2057=DIRECTION('',(0.,1.,0.));
#2058=DIRECTION('',(0.,-1.,0.));
#2059=DIRECTION('',(0.,0.,1.));
#2060=DIRECTION('center_axis',(0.,-1.,0.));
#2061=DIRECTION('ref_axis',(1.,0.,0.));
#2062=DIRECTION('',(-1.,0.,0.));
#2063=DIRECTION('',(1.,0.,0.));
#2064=DIRECTION('center_axis',(0.,1.,0.));
#2065=DIRECTION('ref_axis',(-1.,0.,0.));
#2066=DIRECTION('',(1.,0.,0.));
#2067=DIRECTION('',(0.,0.,1.));
#2068=DIRECTION('',(-1.,0.,0.));
#2069=DIRECTION('',(0.,0.,1.));
#2070=DIRECTION('center_axis',(1.,0.,0.));
#2071=DIRECTION('ref_axis',(0.,1.,0.));
#2072=DIRECTION('',(0.,-1.,0.));
#2073=DIRECTION('',(0.,1.,0.));
#2074=DIRECTION('',(0.,0.,1.));
#2075=DIRECTION('center_axis',(7.18010040177951E-17,-1.,0.));
#2076=DIRECTION('ref_axis',(1.,7.18010040177951E-17,0.));
#2077=DIRECTION('',(-1.,-7.18010040177951E-17,0.));
#2078=DIRECTION('',(1.,7.18010040177951E-17,0.));
#2079=DIRECTION('',(0.,0.,1.));
#2080=DIRECTION('center_axis',(-1.,-5.34544284600337E-17,0.));
#2081=DIRECTION('ref_axis',(5.34544284600337E-17,-1.,0.));
#2082=DIRECTION('',(-5.34544284600337E-17,1.,0.));
#2083=DIRECTION('',(5.34544284600337E-17,-1.,0.));
#2084=DIRECTION('center_axis',(0.,0.,1.));
#2085=DIRECTION('ref_axis',(1.,0.,0.));
#2086=DIRECTION('center_axis',(0.,0.,-1.));
#2087=DIRECTION('ref_axis',(1.,0.,0.));
#2088=DIRECTION('center_axis',(0.,0.,1.));
#2089=DIRECTION('ref_axis',(1.,0.,0.));
#2090=DIRECTION('center_axis',(0.,0.,-1.));
#2091=DIRECTION('ref_axis',(1.,0.,0.));
#2092=DIRECTION('center_axis',(0.,0.,1.));
#2093=DIRECTION('ref_axis',(1.,0.,0.));
#2094=DIRECTION('center_axis',(0.,0.,-1.));
#2095=DIRECTION('ref_axis',(1.,0.,0.));
#2096=DIRECTION('center_axis',(0.,0.,1.));
#2097=DIRECTION('ref_axis',(1.,0.,0.));
#2098=DIRECTION('center_axis',(0.,0.,-1.));
#2099=DIRECTION('ref_axis',(1.,0.,0.));
#2100=DIRECTION('center_axis',(0.,0.,1.));
#2101=DIRECTION('ref_axis',(1.,0.,0.));
#2102=DIRECTION('center_axis',(0.,0.,-1.));
#2103=DIRECTION('ref_axis',(1.,0.,0.));
#2104=DIRECTION('center_axis',(0.,0.,1.));
#2105=DIRECTION('ref_axis',(1.,0.,0.));
#2106=DIRECTION('center_axis',(0.,0.,-1.));
#2107=DIRECTION('ref_axis',(1.,0.,0.));
#2108=DIRECTION('center_axis',(0.,0.,1.));
#2109=DIRECTION('ref_axis',(1.,0.,0.));
#2110=DIRECTION('center_axis',(0.,0.,-1.));
#2111=DIRECTION('ref_axis',(1.,0.,0.));
#2112=DIRECTION('center_axis',(0.,0.,1.));
#2113=DIRECTION('ref_axis',(1.,0.,0.));
#2114=DIRECTION('center_axis',(0.,0.,-1.));
#2115=DIRECTION('ref_axis',(1.,0.,0.));
#2116=DIRECTION('center_axis',(0.,0.,1.));
#2117=DIRECTION('ref_axis',(1.,0.,0.));
#2118=DIRECTION('center_axis',(0.,0.,-1.));
#2119=DIRECTION('ref_axis',(1.,0.,0.));
#2120=DIRECTION('center_axis',(0.,0.,1.));
#2121=DIRECTION('ref_axis',(1.,0.,0.));
#2122=DIRECTION('center_axis',(0.,0.,-1.));
#2123=DIRECTION('ref_axis',(1.,0.,0.));
#2124=DIRECTION('center_axis',(0.,0.,1.));
#2125=DIRECTION('ref_axis',(1.,0.,0.));
#2126=DIRECTION('center_axis',(0.,0.,-1.));
#2127=DIRECTION('ref_axis',(1.,0.,0.));
#2128=DIRECTION('center_axis',(0.,0.,1.));
#2129=DIRECTION('ref_axis',(1.,0.,0.));
#2130=DIRECTION('center_axis',(0.,0.,-1.));
#2131=DIRECTION('ref_axis',(1.,0.,0.));
#2132=DIRECTION('center_axis',(0.,0.,1.));
#2133=DIRECTION('ref_axis',(1.,0.,0.));
#2134=DIRECTION('center_axis',(0.,0.,-1.));
#2135=DIRECTION('ref_axis',(1.,0.,0.));
#2136=DIRECTION('center_axis',(0.,0.,1.));
#2137=DIRECTION('ref_axis',(1.,0.,0.));
#2138=DIRECTION('center_axis',(0.,0.,-1.));
#2139=DIRECTION('ref_axis',(1.,0.,0.));
#2140=DIRECTION('center_axis',(0.,0.,1.));
#2141=DIRECTION('ref_axis',(1.,0.,0.));
#2142=DIRECTION('center_axis',(0.,0.,-1.));
#2143=DIRECTION('ref_axis',(1.,0.,0.));
#2144=DIRECTION('center_axis',(0.,0.,1.));
#2145=DIRECTION('ref_axis',(1.,0.,0.));
#2146=DIRECTION('center_axis',(0.,0.,-1.));
#2147=DIRECTION('ref_axis',(1.,0.,0.));
#2148=DIRECTION('center_axis',(0.,0.,1.));
#2149=DIRECTION('ref_axis',(1.,0.,0.));
#2150=DIRECTION('center_axis',(0.,0.,-1.));
#2151=DIRECTION('ref_axis',(-1.,0.,0.));
#2152=DIRECTION('center_axis',(0.,0.,-1.));
#2153=DIRECTION('ref_axis',(1.,0.,0.));
#2154=DIRECTION('center_axis',(0.,0.,-1.));
#2155=DIRECTION('ref_axis',(1.,0.,0.));
#2156=DIRECTION('center_axis',(0.,0.,-1.));
#2157=DIRECTION('ref_axis',(1.,0.,0.));
#2158=DIRECTION('center_axis',(0.,0.,-1.));
#2159=DIRECTION('ref_axis',(1.,0.,0.));
#2160=DIRECTION('center_axis',(0.,0.,-1.));
#2161=DIRECTION('ref_axis',(1.,0.,0.));
#2162=DIRECTION('center_axis',(0.,0.,-1.));
#2163=DIRECTION('ref_axis',(1.,0.,0.));
#2164=DIRECTION('center_axis',(0.,0.,-1.));
#2165=DIRECTION('ref_axis',(1.,0.,0.));
#2166=DIRECTION('center_axis',(0.,0.,-1.));
#2167=DIRECTION('ref_axis',(1.,0.,0.));
#2168=DIRECTION('center_axis',(0.,0.,-1.));
#2169=DIRECTION('ref_axis',(1.,0.,0.));
#2170=DIRECTION('center_axis',(0.,0.,-1.));
#2171=DIRECTION('ref_axis',(1.,0.,0.));
#2172=DIRECTION('center_axis',(0.,0.,-1.));
#2173=DIRECTION('ref_axis',(1.,0.,0.));
#2174=DIRECTION('center_axis',(0.,0.,-1.));
#2175=DIRECTION('ref_axis',(1.,0.,0.));
#2176=DIRECTION('center_axis',(0.,0.,-1.));
#2177=DIRECTION('ref_axis',(1.,0.,0.));
#2178=DIRECTION('center_axis',(0.,0.,-1.));
#2179=DIRECTION('ref_axis',(1.,0.,0.));
#2180=DIRECTION('center_axis',(0.,0.,-1.));
#2181=DIRECTION('ref_axis',(1.,0.,0.));
#2182=DIRECTION('center_axis',(0.,0.,-1.));
#2183=DIRECTION('ref_axis',(1.,0.,0.));
#2184=DIRECTION('center_axis',(0.,0.,-1.));
#2185=DIRECTION('ref_axis',(1.,0.,0.));
#2186=DIRECTION('center_axis',(0.,0.,-1.));
#2187=DIRECTION('ref_axis',(1.,0.,0.));
#2188=DIRECTION('center_axis',(0.,0.,-1.));
#2189=DIRECTION('ref_axis',(1.,0.,0.));
#2190=DIRECTION('',(0.,0.,1.));
#2191=DIRECTION('center_axis',(0.,0.,-1.));
#2192=DIRECTION('ref_axis',(1.,0.,0.));
#2193=DIRECTION('center_axis',(0.,0.,-1.));
#2194=DIRECTION('ref_axis',(1.,0.,0.));
#2195=DIRECTION('',(0.,0.,1.));
#2196=DIRECTION('center_axis',(0.,0.,1.));
#2197=DIRECTION('ref_axis',(1.,0.,0.));
#2198=DIRECTION('center_axis',(0.,0.,1.));
#2199=DIRECTION('ref_axis',(1.,0.,0.));
#2200=DIRECTION('center_axis',(0.,0.,-1.));
#2201=DIRECTION('ref_axis',(1.,0.,0.));
#2202=DIRECTION('',(0.,0.,1.));
#2203=DIRECTION('center_axis',(0.,0.,-1.));
#2204=DIRECTION('ref_axis',(1.,0.,0.));
#2205=DIRECTION('center_axis',(0.,0.,-1.));
#2206=DIRECTION('ref_axis',(1.,0.,0.));
#2207=DIRECTION('',(0.,0.,1.));
#2208=DIRECTION('center_axis',(0.,0.,1.));
#2209=DIRECTION('ref_axis',(1.,0.,0.));
#2210=DIRECTION('center_axis',(0.,0.,1.));
#2211=DIRECTION('ref_axis',(1.,0.,0.));
#2212=DIRECTION('center_axis',(0.,0.,-1.));
#2213=DIRECTION('ref_axis',(1.,0.,0.));
#2214=DIRECTION('',(0.,0.,1.));
#2215=DIRECTION('center_axis',(0.,0.,-1.));
#2216=DIRECTION('ref_axis',(1.,0.,0.));
#2217=DIRECTION('center_axis',(0.,0.,-1.));
#2218=DIRECTION('ref_axis',(1.,0.,0.));
#2219=DIRECTION('',(0.,0.,1.));
#2220=DIRECTION('center_axis',(0.,0.,1.));
#2221=DIRECTION('ref_axis',(1.,0.,0.));
#2222=DIRECTION('center_axis',(0.,0.,1.));
#2223=DIRECTION('ref_axis',(1.,0.,0.));
#2224=DIRECTION('center_axis',(0.,0.,-1.));
#2225=DIRECTION('ref_axis',(1.,0.,0.));
#2226=DIRECTION('',(0.,0.,1.));
#2227=DIRECTION('center_axis',(0.,0.,-1.));
#2228=DIRECTION('ref_axis',(1.,0.,0.));
#2229=DIRECTION('center_axis',(0.,0.,-1.));
#2230=DIRECTION('ref_axis',(1.,0.,0.));
#2231=DIRECTION('',(0.,0.,1.));
#2232=DIRECTION('center_axis',(0.,0.,1.));
#2233=DIRECTION('ref_axis',(1.,0.,0.));
#2234=DIRECTION('center_axis',(0.,0.,1.));
#2235=DIRECTION('ref_axis',(1.,0.,0.));
#2236=DIRECTION('center_axis',(0.,0.,-1.));
#2237=DIRECTION('ref_axis',(1.,0.,0.));
#2238=DIRECTION('',(0.,0.,1.));
#2239=DIRECTION('center_axis',(0.,0.,-1.));
#2240=DIRECTION('ref_axis',(1.,0.,0.));
#2241=DIRECTION('center_axis',(0.,0.,-1.));
#2242=DIRECTION('ref_axis',(1.,0.,0.));
#2243=DIRECTION('',(0.,0.,1.));
#2244=DIRECTION('center_axis',(0.,0.,1.));
#2245=DIRECTION('ref_axis',(1.,0.,0.));
#2246=DIRECTION('center_axis',(0.,0.,1.));
#2247=DIRECTION('ref_axis',(1.,0.,0.));
#2248=DIRECTION('center_axis',(0.,0.,-1.));
#2249=DIRECTION('ref_axis',(1.,0.,0.));
#2250=DIRECTION('',(0.,0.,1.));
#2251=DIRECTION('center_axis',(0.,0.,-1.));
#2252=DIRECTION('ref_axis',(1.,0.,0.));
#2253=DIRECTION('center_axis',(0.,0.,-1.));
#2254=DIRECTION('ref_axis',(1.,0.,0.));
#2255=DIRECTION('',(0.,0.,1.));
#2256=DIRECTION('center_axis',(0.,0.,1.));
#2257=DIRECTION('ref_axis',(1.,0.,0.));
#2258=DIRECTION('center_axis',(0.,0.,1.));
#2259=DIRECTION('ref_axis',(1.,0.,0.));
#2260=DIRECTION('center_axis',(0.,0.,-1.));
#2261=DIRECTION('ref_axis',(1.,0.,0.));
#2262=DIRECTION('',(0.,0.,1.));
#2263=DIRECTION('center_axis',(0.,0.,-1.));
#2264=DIRECTION('ref_axis',(1.,0.,0.));
#2265=DIRECTION('center_axis',(0.,0.,-1.));
#2266=DIRECTION('ref_axis',(1.,0.,0.));
#2267=DIRECTION('',(0.,0.,1.));
#2268=DIRECTION('center_axis',(0.,0.,1.));
#2269=DIRECTION('ref_axis',(1.,0.,0.));
#2270=DIRECTION('center_axis',(0.,0.,1.));
#2271=DIRECTION('ref_axis',(1.,0.,0.));
#2272=DIRECTION('center_axis',(0.,0.,-1.));
#2273=DIRECTION('ref_axis',(1.,0.,0.));
#2274=DIRECTION('',(0.,0.,1.));
#2275=DIRECTION('center_axis',(0.,0.,-1.));
#2276=DIRECTION('ref_axis',(1.,0.,0.));
#2277=DIRECTION('center_axis',(0.,0.,-1.));
#2278=DIRECTION('ref_axis',(1.,0.,0.));
#2279=DIRECTION('',(0.,0.,1.));
#2280=DIRECTION('center_axis',(0.,0.,1.));
#2281=DIRECTION('ref_axis',(1.,0.,0.));
#2282=DIRECTION('center_axis',(0.,0.,1.));
#2283=DIRECTION('ref_axis',(1.,0.,0.));
#2284=DIRECTION('center_axis',(0.,0.,-1.));
#2285=DIRECTION('ref_axis',(1.,0.,0.));
#2286=DIRECTION('',(0.,0.,1.));
#2287=DIRECTION('center_axis',(0.,0.,1.));
#2288=DIRECTION('ref_axis',(1.,0.,0.));
#2289=DIRECTION('center_axis',(0.,0.,1.));
#2290=DIRECTION('ref_axis',(1.,0.,0.));
#2291=DIRECTION('center_axis',(0.,0.,-1.));
#2292=DIRECTION('ref_axis',(1.,0.,0.));
#2293=DIRECTION('',(0.,0.,1.));
#2294=DIRECTION('center_axis',(0.,0.,-1.));
#2295=DIRECTION('ref_axis',(1.,0.,0.));
#2296=DIRECTION('center_axis',(0.,0.,-1.));
#2297=DIRECTION('ref_axis',(1.,0.,0.));
#2298=DIRECTION('',(0.,0.,1.));
#2299=DIRECTION('center_axis',(0.,0.,1.));
#2300=DIRECTION('ref_axis',(1.,0.,0.));
#2301=DIRECTION('center_axis',(0.,0.,1.));
#2302=DIRECTION('ref_axis',(1.,0.,0.));
#2303=DIRECTION('center_axis',(0.,0.,-1.));
#2304=DIRECTION('ref_axis',(1.,0.,0.));
#2305=DIRECTION('',(0.,0.,1.));
#2306=DIRECTION('center_axis',(0.,0.,-1.));
#2307=DIRECTION('ref_axis',(1.,0.,0.));
#2308=DIRECTION('center_axis',(0.,0.,-1.));
#2309=DIRECTION('ref_axis',(1.,0.,0.));
#2310=DIRECTION('',(0.,0.,1.));
#2311=DIRECTION('center_axis',(0.,0.,1.));
#2312=DIRECTION('ref_axis',(1.,0.,0.));
#2313=DIRECTION('center_axis',(0.,0.,1.));
#2314=DIRECTION('ref_axis',(1.,0.,0.));
#2315=DIRECTION('center_axis',(0.,0.,-1.));
#2316=DIRECTION('ref_axis',(1.,0.,0.));
#2317=DIRECTION('',(0.,0.,1.));
#2318=DIRECTION('center_axis',(0.,0.,-1.));
#2319=DIRECTION('ref_axis',(1.,0.,0.));
#2320=DIRECTION('center_axis',(0.,0.,-1.));
#2321=DIRECTION('ref_axis',(1.,0.,0.));
#2322=DIRECTION('',(0.,0.,1.));
#2323=DIRECTION('center_axis',(0.,0.,1.));
#2324=DIRECTION('ref_axis',(1.,0.,0.));
#2325=DIRECTION('center_axis',(0.,0.,1.));
#2326=DIRECTION('ref_axis',(1.,0.,0.));
#2327=DIRECTION('center_axis',(0.,0.,-1.));
#2328=DIRECTION('ref_axis',(1.,0.,0.));
#2329=DIRECTION('',(0.,0.,1.));
#2330=DIRECTION('center_axis',(0.,0.,-1.));
#2331=DIRECTION('ref_axis',(1.,0.,0.));
#2332=DIRECTION('center_axis',(0.,0.,-1.));
#2333=DIRECTION('ref_axis',(1.,0.,0.));
#2334=DIRECTION('',(0.,0.,1.));
#2335=DIRECTION('center_axis',(0.,0.,1.));
#2336=DIRECTION('ref_axis',(1.,0.,0.));
#2337=DIRECTION('center_axis',(0.,0.,1.));
#2338=DIRECTION('ref_axis',(1.,0.,0.));
#2339=DIRECTION('center_axis',(0.,0.,-1.));
#2340=DIRECTION('ref_axis',(1.,0.,0.));
#2341=DIRECTION('',(0.,0.,1.));
#2342=DIRECTION('center_axis',(0.,0.,-1.));
#2343=DIRECTION('ref_axis',(1.,0.,0.));
#2344=DIRECTION('center_axis',(0.,0.,-1.));
#2345=DIRECTION('ref_axis',(1.,0.,0.));
#2346=DIRECTION('',(0.,0.,1.));
#2347=DIRECTION('center_axis',(0.,0.,1.));
#2348=DIRECTION('ref_axis',(1.,0.,0.));
#2349=DIRECTION('center_axis',(0.,0.,1.));
#2350=DIRECTION('ref_axis',(1.,0.,0.));
#2351=DIRECTION('center_axis',(0.,0.,-1.));
#2352=DIRECTION('ref_axis',(1.,0.,0.));
#2353=DIRECTION('',(0.,0.,1.));
#2354=DIRECTION('center_axis',(0.,0.,-1.));
#2355=DIRECTION('ref_axis',(1.,0.,0.));
#2356=DIRECTION('center_axis',(0.,0.,-1.));
#2357=DIRECTION('ref_axis',(1.,0.,0.));
#2358=DIRECTION('',(0.,0.,1.));
#2359=DIRECTION('center_axis',(0.,0.,1.));
#2360=DIRECTION('ref_axis',(1.,0.,0.));
#2361=DIRECTION('center_axis',(0.,0.,1.));
#2362=DIRECTION('ref_axis',(1.,0.,0.));
#2363=DIRECTION('center_axis',(0.,0.,-1.));
#2364=DIRECTION('ref_axis',(1.,0.,0.));
#2365=DIRECTION('',(0.,0.,1.));
#2366=DIRECTION('center_axis',(0.,0.,-1.));
#2367=DIRECTION('ref_axis',(1.,0.,0.));
#2368=DIRECTION('center_axis',(0.,0.,-1.));
#2369=DIRECTION('ref_axis',(1.,0.,0.));
#2370=DIRECTION('',(0.,0.,1.));
#2371=DIRECTION('center_axis',(0.,0.,1.));
#2372=DIRECTION('ref_axis',(1.,0.,0.));
#2373=DIRECTION('center_axis',(0.,0.,1.));
#2374=DIRECTION('ref_axis',(1.,0.,0.));
#2375=DIRECTION('center_axis',(0.,0.,-1.));
#2376=DIRECTION('ref_axis',(1.,0.,0.));
#2377=DIRECTION('',(0.,0.,1.));
#2378=DIRECTION('center_axis',(0.,0.,-1.));
#2379=DIRECTION('ref_axis',(1.,0.,0.));
#2380=DIRECTION('center_axis',(0.,0.,-1.));
#2381=DIRECTION('ref_axis',(1.,0.,0.));
#2382=DIRECTION('',(0.,0.,1.));
#2383=DIRECTION('center_axis',(0.,0.,1.));
#2384=DIRECTION('ref_axis',(1.,0.,0.));
#2385=DIRECTION('center_axis',(0.,0.,1.));
#2386=DIRECTION('ref_axis',(1.,0.,0.));
#2387=DIRECTION('center_axis',(0.,1.,0.));
#2388=DIRECTION('ref_axis',(-1.,0.,0.));
#2389=DIRECTION('',(0.,0.,-1.));
#2390=DIRECTION('',(-1.,0.,0.));
#2391=DIRECTION('',(0.,0.,1.));
#2392=DIRECTION('',(-1.,0.,0.));
#2393=DIRECTION('center_axis',(0.,1.,0.));
#2394=DIRECTION('ref_axis',(-1.,0.,0.));
#2395=DIRECTION('',(0.,0.,1.));
#2396=DIRECTION('',(-1.,0.,0.));
#2397=DIRECTION('',(0.,0.,1.));
#2398=DIRECTION('',(-1.,0.,0.));
#2399=DIRECTION('center_axis',(0.,0.,1.));
#2400=DIRECTION('ref_axis',(1.,0.,0.));
#2401=DIRECTION('',(0.,-1.,0.));
#2402=DIRECTION('',(-1.,0.,0.));
#2403=DIRECTION('',(0.,1.,0.));
#2404=DIRECTION('',(5.29453386651762E-17,-1.,0.));
#2405=DIRECTION('',(1.,1.4360200803559E-16,0.));
#2406=DIRECTION('',(0.,1.,0.));
#2407=DIRECTION('center_axis',(1.,0.,0.));
#2408=DIRECTION('ref_axis',(0.,1.,0.));
#2409=DIRECTION('',(0.,1.,0.));
#2410=DIRECTION('',(0.,0.,1.));
#2411=DIRECTION('',(0.,1.,0.));
#2412=DIRECTION('',(0.,0.,1.));
#2413=DIRECTION('center_axis',(0.,-1.,0.));
#2414=DIRECTION('ref_axis',(1.,0.,0.));
#2415=DIRECTION('',(1.,0.,0.));
#2416=DIRECTION('',(0.,0.,1.));
#2417=DIRECTION('center_axis',(-1.,0.,0.));
#2418=DIRECTION('ref_axis',(0.,-1.,0.));
#2419=DIRECTION('',(0.,-1.,0.));
#2420=DIRECTION('',(0.,0.,-1.));
#2421=DIRECTION('',(0.,-1.,0.));
#2422=DIRECTION('center_axis',(0.,1.,0.));
#2423=DIRECTION('ref_axis',(1.,0.,0.));
#2424=DIRECTION('',(1.,0.,0.));
#2425=DIRECTION('',(0.,0.,-1.));
#2426=DIRECTION('',(1.,0.,0.));
#2427=DIRECTION('center_axis',(0.,1.,0.));
#2428=DIRECTION('ref_axis',(1.,0.,0.));
#2429=DIRECTION('',(1.,0.,0.));
#2430=DIRECTION('',(0.,0.,-1.));
#2431=DIRECTION('',(1.,0.,0.));
#2432=DIRECTION('center_axis',(0.,0.,1.));
#2433=DIRECTION('ref_axis',(-1.,0.,0.));
#2434=DIRECTION('',(0.,1.,0.));
#2435=DIRECTION('',(1.,1.4360200803559E-16,0.));
#2436=DIRECTION('',(5.29453386651762E-17,-1.,0.));
#2437=DIRECTION('',(1.68088270193059E-17,1.,0.));
#2438=DIRECTION('',(-1.,0.,0.));
#2439=DIRECTION('',(0.,-1.,0.));
#2440=DIRECTION('center_axis',(1.,0.,0.));
#2441=DIRECTION('ref_axis',(0.,1.,0.));
#2442=DIRECTION('',(0.,0.,1.));
#2443=DIRECTION('center_axis',(1.4360200803559E-16,-1.,0.));
#2444=DIRECTION('ref_axis',(1.,1.4360200803559E-16,0.));
#2445=DIRECTION('',(0.,0.,1.));
#2446=DIRECTION('center_axis',(-1.,-5.29453386651762E-17,0.));
#2447=DIRECTION('ref_axis',(5.29453386651762E-17,-1.,0.));
#2448=DIRECTION('center_axis',(-1.,1.68088270193059E-17,0.));
#2449=DIRECTION('ref_axis',(1.68088270193059E-17,1.,0.));
#2450=DIRECTION('',(1.68088270193059E-17,1.,0.));
#2451=DIRECTION('',(0.,0.,-1.));
#2452=DIRECTION('center_axis',(0.,-1.,0.));
#2453=DIRECTION('ref_axis',(-1.,0.,0.));
#2454=DIRECTION('',(-1.,0.,0.));
#2455=DIRECTION('',(0.,0.,-1.));
#2456=DIRECTION('center_axis',(1.,0.,0.));
#2457=DIRECTION('ref_axis',(0.,-1.,0.));
#2458=DIRECTION('',(0.,-1.,0.));
#2459=DIRECTION('center_axis',(0.,0.,-1.));
#2460=DIRECTION('ref_axis',(-1.,0.,0.));
#2461=DIRECTION('',(0.,0.,1.));
#2462=DIRECTION('',(1.,0.,0.));
#2463=CARTESIAN_POINT('',(0.,0.,0.));
#2464=CARTESIAN_POINT('',(0.,0.,0.));
#2465=CARTESIAN_POINT('Origin',(96.25,-54.2,3.));
#2466=CARTESIAN_POINT('',(92.25,-54.2,3.));
#2467=CARTESIAN_POINT('Origin',(96.25,-54.2,3.));
#2468=CARTESIAN_POINT('',(92.25,-52.2,3.));
#2469=CARTESIAN_POINT('',(92.25,-54.2,3.));
#2470=CARTESIAN_POINT('Origin',(96.25,-52.2,3.));
#2471=CARTESIAN_POINT('Origin',(113.25,-54.2,37.));
#2472=CARTESIAN_POINT('',(109.25,-54.2,37.));
#2473=CARTESIAN_POINT('Origin',(113.25,-54.2,37.));
#2474=CARTESIAN_POINT('',(109.25,-52.2,37.));
#2475=CARTESIAN_POINT('',(109.25,-54.2,37.));
#2476=CARTESIAN_POINT('Origin',(113.25,-52.2,37.));
#2477=CARTESIAN_POINT('Origin',(96.25,-54.2,20.));
#2478=CARTESIAN_POINT('',(92.25,-54.2,20.));
#2479=CARTESIAN_POINT('Origin',(96.25,-54.2,20.));
#2480=CARTESIAN_POINT('',(92.25,-52.2,20.));
#2481=CARTESIAN_POINT('',(92.25,-54.2,20.));
#2482=CARTESIAN_POINT('Origin',(96.25,-52.2,20.));
#2483=CARTESIAN_POINT('Origin',(3.55000000000002,-54.2,0.849999999999998));
#2484=CARTESIAN_POINT('',(3.55000000000002,-52.2,14.85));
#2485=CARTESIAN_POINT('',(3.55000000000002,-52.2,0.849999999999998));
#2486=CARTESIAN_POINT('',(3.55000000000002,-52.2,-4.575));
#2487=CARTESIAN_POINT('',(3.55000000000002,-54.2,14.85));
#2488=CARTESIAN_POINT('',(3.55000000000002,-54.2,14.85));
#2489=CARTESIAN_POINT('',(3.55000000000002,-54.2,0.849999999999998));
#2490=CARTESIAN_POINT('',(3.55000000000002,-54.2,-4.575));
#2491=CARTESIAN_POINT('',(3.55000000000002,-54.2,0.849999999999998));
#2492=CARTESIAN_POINT('Origin',(37.55,-54.2,0.849999999999998));
#2493=CARTESIAN_POINT('',(37.55,-52.2,0.849999999999998));
#2494=CARTESIAN_POINT('',(79.8,-52.2,0.849999999999997));
#2495=CARTESIAN_POINT('',(37.55,-54.2,0.849999999999998));
#2496=CARTESIAN_POINT('',(18.95,-54.2,0.849999999999997));
#2497=CARTESIAN_POINT('',(37.55,-54.2,0.849999999999998));
#2498=CARTESIAN_POINT('Origin',(37.55,-54.2,14.85));
#2499=CARTESIAN_POINT('',(37.55,-52.2,14.85));
#2500=CARTESIAN_POINT('',(37.55,-52.2,2.425));
#2501=CARTESIAN_POINT('',(37.55,-54.2,14.85));
#2502=CARTESIAN_POINT('',(37.55,-54.2,2.425));
#2503=CARTESIAN_POINT('',(37.55,-54.2,14.85));
#2504=CARTESIAN_POINT('Origin',(3.55000000000002,-54.2,14.85));
#2505=CARTESIAN_POINT('',(62.8,-52.2,14.85));
#2506=CARTESIAN_POINT('',(1.95000000000002,-54.2,14.85));
#2507=CARTESIAN_POINT('Origin',(113.25,-54.2,3.));
#2508=CARTESIAN_POINT('',(109.25,-54.2,3.));
#2509=CARTESIAN_POINT('Origin',(113.25,-54.2,3.));
#2510=CARTESIAN_POINT('',(109.25,-52.2,3.));
#2511=CARTESIAN_POINT('',(109.25,-54.2,3.));
#2512=CARTESIAN_POINT('Origin',(113.25,-52.2,3.));
#2513=CARTESIAN_POINT('Origin',(96.25,-54.2,37.));
#2514=CARTESIAN_POINT('',(92.25,-54.2,37.));
#2515=CARTESIAN_POINT('Origin',(96.25,-54.2,37.));
#2516=CARTESIAN_POINT('',(92.25,-52.2,37.));
#2517=CARTESIAN_POINT('',(92.25,-54.2,37.));
#2518=CARTESIAN_POINT('Origin',(96.25,-52.2,37.));
#2519=CARTESIAN_POINT('Origin',(113.25,-54.2,20.));
#2520=CARTESIAN_POINT('',(109.25,-54.2,20.));
#2521=CARTESIAN_POINT('Origin',(113.25,-54.2,20.));
#2522=CARTESIAN_POINT('',(109.25,-52.2,20.));
#2523=CARTESIAN_POINT('',(109.25,-54.2,20.));
#2524=CARTESIAN_POINT('Origin',(113.25,-52.2,20.));
#2525=CARTESIAN_POINT('Origin',(55.3,-54.2,0.649999999999998));
#2526=CARTESIAN_POINT('',(55.3,-52.2,15.65));
#2527=CARTESIAN_POINT('',(55.3,-52.2,0.649999999999998));
#2528=CARTESIAN_POINT('',(55.3,-52.2,-4.675));
#2529=CARTESIAN_POINT('',(55.3,-54.2,15.65));
#2530=CARTESIAN_POINT('',(55.3,-54.2,15.65));
#2531=CARTESIAN_POINT('',(55.3,-54.2,0.649999999999998));
#2532=CARTESIAN_POINT('',(55.3,-54.2,-4.675));
#2533=CARTESIAN_POINT('',(55.3,-54.2,0.649999999999998));
#2534=CARTESIAN_POINT('Origin',(73.3,-54.2,0.649999999999998));
#2535=CARTESIAN_POINT('',(73.3,-52.2,0.649999999999998));
#2536=CARTESIAN_POINT('',(97.675,-52.2,0.649999999999999));
#2537=CARTESIAN_POINT('',(73.3,-54.2,0.649999999999998));
#2538=CARTESIAN_POINT('',(36.825,-54.2,0.649999999999999));
#2539=CARTESIAN_POINT('',(73.3,-54.2,0.649999999999998));
#2540=CARTESIAN_POINT('Origin',(73.3,-54.2,15.65));
#2541=CARTESIAN_POINT('',(73.3,-52.2,15.65));
#2542=CARTESIAN_POINT('',(73.3,-52.2,2.825));
#2543=CARTESIAN_POINT('',(73.3,-54.2,15.65));
#2544=CARTESIAN_POINT('',(73.3,-54.2,2.825));
#2545=CARTESIAN_POINT('',(73.3,-54.2,15.65));
#2546=CARTESIAN_POINT('Origin',(55.3,-54.2,15.65));
#2547=CARTESIAN_POINT('',(88.675,-52.2,15.65));
#2548=CARTESIAN_POINT('',(27.825,-54.2,15.65));
#2549=CARTESIAN_POINT('Origin',(51.65,82.1,10.5));
#2550=CARTESIAN_POINT('',(51.65,80.1,19.5));
#2551=CARTESIAN_POINT('',(51.65,80.1,10.5));
#2552=CARTESIAN_POINT('',(51.65,80.1,0.25));
#2553=CARTESIAN_POINT('',(51.65,82.1,19.5));
#2554=CARTESIAN_POINT('',(51.65,82.1,19.5));
#2555=CARTESIAN_POINT('',(51.65,82.1,10.5));
#2556=CARTESIAN_POINT('',(51.65,82.1,0.25));
#2557=CARTESIAN_POINT('',(51.65,82.1,10.5));
#2558=CARTESIAN_POINT('Origin',(39.65,82.1,10.5));
#2559=CARTESIAN_POINT('',(39.65,80.1,10.5));
#2560=CARTESIAN_POINT('',(21.,80.1,10.5));
#2561=CARTESIAN_POINT('',(39.65,82.1,10.5));
#2562=CARTESIAN_POINT('',(81.85,82.1,10.5));
#2563=CARTESIAN_POINT('',(39.65,82.1,10.5));
#2564=CARTESIAN_POINT('Origin',(39.65,82.1,19.5));
#2565=CARTESIAN_POINT('',(39.65,80.1,19.5));
#2566=CARTESIAN_POINT('',(39.65,80.1,4.75));
#2567=CARTESIAN_POINT('',(39.65,82.1,19.5));
#2568=CARTESIAN_POINT('',(39.65,82.1,4.75));
#2569=CARTESIAN_POINT('',(39.65,82.1,19.5));
#2570=CARTESIAN_POINT('Origin',(51.65,82.1,19.5));
#2571=CARTESIAN_POINT('',(27.,80.1,19.5));
#2572=CARTESIAN_POINT('',(87.85,82.1,19.5));
#2573=CARTESIAN_POINT('Origin',(122.05,-52.2,-10.));
#2574=CARTESIAN_POINT('',(2.35000000000001,-52.2,-8.));
#2575=CARTESIAN_POINT('',(122.05,-52.2,-8.));
#2576=CARTESIAN_POINT('',(2.35000000000001,-52.2,-8.));
#2577=CARTESIAN_POINT('',(2.35000000000001,-52.2,50.));
#2578=CARTESIAN_POINT('',(2.35000000000001,-52.2,-10.));
#2579=CARTESIAN_POINT('',(122.05,-52.2,50.));
#2580=CARTESIAN_POINT('',(122.05,-52.2,50.));
#2581=CARTESIAN_POINT('',(122.05,-52.2,-10.));
#2582=CARTESIAN_POINT('Origin',(2.35000000000001,-52.2,-10.));
#2583=CARTESIAN_POINT('',(2.35000000000001,80.1,-8.));
#2584=CARTESIAN_POINT('',(2.35000000000001,80.1,-8.));
#2585=CARTESIAN_POINT('',(2.35000000000001,80.1,50.));
#2586=CARTESIAN_POINT('',(2.35000000000001,80.1,-10.));
#2587=CARTESIAN_POINT('',(2.35000000000001,-52.2,50.));
#2588=CARTESIAN_POINT('Origin',(122.05,80.1,-10.));
#2589=CARTESIAN_POINT('',(122.05,80.1,-8.));
#2590=CARTESIAN_POINT('',(122.05,-52.2,-8.));
#2591=CARTESIAN_POINT('',(122.05,80.1,50.));
#2592=CARTESIAN_POINT('',(122.05,80.1,50.));
#2593=CARTESIAN_POINT('',(122.05,80.1,-10.));
#2594=CARTESIAN_POINT('Origin',(2.35000000000001,80.1,-10.));
#2595=CARTESIAN_POINT('',(122.05,80.1,-8.));
#2596=CARTESIAN_POINT('',(2.35000000000001,80.1,50.));
#2597=CARTESIAN_POINT('Origin',(124.05,82.1,-10.));
#2598=CARTESIAN_POINT('',(0.350000000000012,82.1,-10.));
#2599=CARTESIAN_POINT('',(124.05,82.1,-10.));
#2600=CARTESIAN_POINT('',(0.350000000000012,82.1,-10.));
#2601=CARTESIAN_POINT('',(0.350000000000012,82.1,50.));
#2602=CARTESIAN_POINT('',(0.350000000000012,82.1,-10.));
#2603=CARTESIAN_POINT('',(124.05,82.1,50.));
#2604=CARTESIAN_POINT('',(0.350000000000012,82.1,50.));
#2605=CARTESIAN_POINT('',(124.05,82.1,-10.));
#2606=CARTESIAN_POINT('Origin',(124.05,-54.2,-10.));
#2607=CARTESIAN_POINT('',(124.05,-54.2,-10.));
#2608=CARTESIAN_POINT('',(124.05,82.1,-10.));
#2609=CARTESIAN_POINT('',(124.05,-54.2,50.));
#2610=CARTESIAN_POINT('',(124.05,82.1,50.));
#2611=CARTESIAN_POINT('',(124.05,-54.2,-10.));
#2612=CARTESIAN_POINT('Origin',(0.350000000000019,-54.2,-10.));
#2613=CARTESIAN_POINT('',(0.350000000000019,-54.2,-10.));
#2614=CARTESIAN_POINT('',(124.05,-54.2,-10.));
#2615=CARTESIAN_POINT('',(0.350000000000019,-54.2,50.));
#2616=CARTESIAN_POINT('',(124.05,-54.2,50.));
#2617=CARTESIAN_POINT('',(0.350000000000019,-54.2,-10.));
#2618=CARTESIAN_POINT('Origin',(0.350000000000012,82.1,-10.));
#2619=CARTESIAN_POINT('',(0.350000000000019,-54.2,-10.));
#2620=CARTESIAN_POINT('',(0.350000000000019,-54.2,50.));
#2621=CARTESIAN_POINT('Origin',(62.2,13.95,50.));
#2622=CARTESIAN_POINT('Origin',(6.85000000000001,-7.59999999999999,-8.));
#2623=CARTESIAN_POINT('',(76.25,-44.1,-8.));
#2624=CARTESIAN_POINT('Origin',(78.25,-44.1,-8.));
#2625=CARTESIAN_POINT('Origin',(6.85000000000001,-7.59999999999999,-8.));
#2626=CARTESIAN_POINT('',(75.45,15.7,-8.));
#2627=CARTESIAN_POINT('Origin',(77.45,15.7,-8.));
#2628=CARTESIAN_POINT('Origin',(6.85000000000001,-7.59999999999999,-8.));
#2629=CARTESIAN_POINT('',(6.20000000000002,75.65,-8.));
#2630=CARTESIAN_POINT('Origin',(8.20000000000002,75.65,-8.));
#2631=CARTESIAN_POINT('Origin',(6.85000000000001,-7.59999999999999,-8.));
#2632=CARTESIAN_POINT('',(75.45,33.7,-8.));
#2633=CARTESIAN_POINT('Origin',(77.45,33.7,-8.));
#2634=CARTESIAN_POINT('Origin',(6.85000000000001,-7.59999999999999,-8.));
#2635=CARTESIAN_POINT('',(48.35,-44.1,-8.));
#2636=CARTESIAN_POINT('Origin',(50.35,-44.1,-8.));
#2637=CARTESIAN_POINT('Origin',(6.85000000000001,-7.59999999999999,-8.));
#2638=CARTESIAN_POINT('',(100.55,15.7,-8.));
#2639=CARTESIAN_POINT('Origin',(102.55,15.7,-8.));
#2640=CARTESIAN_POINT('Origin',(6.85000000000001,-7.59999999999999,-8.));
#2641=CARTESIAN_POINT('',(58.2,75.65,-8.));
#2642=CARTESIAN_POINT('Origin',(60.2,75.65,-8.));
#2643=CARTESIAN_POINT('Origin',(6.85000000000001,-7.59999999999999,-8.));
#2644=CARTESIAN_POINT('',(100.55,33.7,-8.));
#2645=CARTESIAN_POINT('Origin',(102.55,33.7,-8.));
#2646=CARTESIAN_POINT('Origin',(6.85000000000001,-7.59999999999999,-8.));
#2647=CARTESIAN_POINT('',(100.55,-15.7,-8.));
#2648=CARTESIAN_POINT('Origin',(102.55,-15.7,-8.));
#2649=CARTESIAN_POINT('Origin',(6.85000000000001,-7.59999999999999,-8.));
#2650=CARTESIAN_POINT('',(6.20000000000001,21.65,-8.));
#2651=CARTESIAN_POINT('Origin',(8.20000000000001,21.65,-8.));
#2652=CARTESIAN_POINT('Origin',(6.85000000000001,-7.59999999999999,-8.));
#2653=CARTESIAN_POINT('',(100.55,65.1,-8.));
#2654=CARTESIAN_POINT('Origin',(102.55,65.1,-8.));
#2655=CARTESIAN_POINT('Origin',(6.85000000000001,-7.59999999999999,-8.));
#2656=CARTESIAN_POINT('',(32.25,-7.59999999999999,-8.));
#2657=CARTESIAN_POINT('Origin',(34.25,-7.59999999999999,-8.));
#2658=CARTESIAN_POINT('Origin',(6.85000000000001,-7.59999999999999,-8.));
#2659=CARTESIAN_POINT('',(75.45,-15.7,-8.));
#2660=CARTESIAN_POINT('Origin',(77.45,-15.7,-8.));
#2661=CARTESIAN_POINT('Origin',(6.85000000000001,-7.59999999999999,-8.));
#2662=CARTESIAN_POINT('',(58.2,21.65,-8.));
#2663=CARTESIAN_POINT('Origin',(60.2,21.65,-8.));
#2664=CARTESIAN_POINT('Origin',(6.85000000000001,-7.59999999999999,-8.));
#2665=CARTESIAN_POINT('',(75.45,65.1,-8.));
#2666=CARTESIAN_POINT('Origin',(77.45,65.1,-8.));
#2667=CARTESIAN_POINT('Origin',(6.85000000000001,-7.59999999999999,-8.));
#2668=CARTESIAN_POINT('',(4.85000000000001,-7.59999999999999,-8.));
#2669=CARTESIAN_POINT('Origin',(6.85000000000001,-7.59999999999999,-8.));
#2670=CARTESIAN_POINT('Origin',(6.85,-7.59999999999998,-10.));
#2671=CARTESIAN_POINT('Origin',(6.85000000000001,-7.59999999999999,-8.));
#2672=CARTESIAN_POINT('',(74.75,-44.1,-8.));
#2673=CARTESIAN_POINT('Origin',(78.25,-44.1,-8.));
#2674=CARTESIAN_POINT('',(73.95,15.7,-8.));
#2675=CARTESIAN_POINT('Origin',(77.45,15.7,-8.));
#2676=CARTESIAN_POINT('',(4.70000000000002,75.65,-8.));
#2677=CARTESIAN_POINT('Origin',(8.20000000000002,75.65,-8.));
#2678=CARTESIAN_POINT('',(73.95,33.7,-8.));
#2679=CARTESIAN_POINT('Origin',(77.45,33.7,-8.));
#2680=CARTESIAN_POINT('',(46.85,-44.1,-8.));
#2681=CARTESIAN_POINT('Origin',(50.35,-44.1,-8.));
#2682=CARTESIAN_POINT('',(99.05,15.7,-8.));
#2683=CARTESIAN_POINT('Origin',(102.55,15.7,-8.));
#2684=CARTESIAN_POINT('',(56.7,75.65,-8.));
#2685=CARTESIAN_POINT('Origin',(60.2,75.65,-8.));
#2686=CARTESIAN_POINT('',(99.05,33.7,-8.));
#2687=CARTESIAN_POINT('Origin',(102.55,33.7,-8.));
#2688=CARTESIAN_POINT('',(18.05,-30.8,-8.));
#2689=CARTESIAN_POINT('Origin',(20.55,-30.8,-8.));
#2690=CARTESIAN_POINT('',(99.05,-15.7,-8.));
#2691=CARTESIAN_POINT('Origin',(102.55,-15.7,-8.));
#2692=CARTESIAN_POINT('',(4.70000000000001,21.65,-8.));
#2693=CARTESIAN_POINT('Origin',(8.20000000000001,21.65,-8.));
#2694=CARTESIAN_POINT('',(99.05,65.1,-8.));
#2695=CARTESIAN_POINT('Origin',(102.55,65.1,-8.));
#2696=CARTESIAN_POINT('',(30.75,-7.59999999999999,-8.));
#2697=CARTESIAN_POINT('Origin',(34.25,-7.59999999999999,-8.));
#2698=CARTESIAN_POINT('',(73.95,-15.7,-8.));
#2699=CARTESIAN_POINT('Origin',(77.45,-15.7,-8.));
#2700=CARTESIAN_POINT('',(56.7,21.65,-8.));
#2701=CARTESIAN_POINT('Origin',(60.2,21.65,-8.));
#2702=CARTESIAN_POINT('',(73.95,65.1,-8.));
#2703=CARTESIAN_POINT('Origin',(77.45,65.1,-8.));
#2704=CARTESIAN_POINT('',(3.35000000000001,-7.59999999999999,-8.));
#2705=CARTESIAN_POINT('Origin',(6.85000000000001,-7.59999999999999,-8.));
#2706=CARTESIAN_POINT('Origin',(78.25,-44.1,0.));
#2707=CARTESIAN_POINT('',(76.25,-44.1,0.));
#2708=CARTESIAN_POINT('',(76.25,-44.1,0.));
#2709=CARTESIAN_POINT('Origin',(78.25,-44.1,0.));
#2710=CARTESIAN_POINT('Origin',(78.25,-44.1,0.));
#2711=CARTESIAN_POINT('',(74.75,-44.1,0.));
#2712=CARTESIAN_POINT('',(74.75,-44.1,0.));
#2713=CARTESIAN_POINT('Origin',(78.25,-44.1,0.));
#2714=CARTESIAN_POINT('Origin',(78.25,-44.1,0.));
#2715=CARTESIAN_POINT('Origin',(77.45,15.7,0.));
#2716=CARTESIAN_POINT('',(75.45,15.7,0.));
#2717=CARTESIAN_POINT('',(75.45,15.7,0.));
#2718=CARTESIAN_POINT('Origin',(77.45,15.7,0.));
#2719=CARTESIAN_POINT('Origin',(77.45,15.7,0.));
#2720=CARTESIAN_POINT('',(73.95,15.7,0.));
#2721=CARTESIAN_POINT('',(73.95,15.7,0.));
#2722=CARTESIAN_POINT('Origin',(77.45,15.7,0.));
#2723=CARTESIAN_POINT('Origin',(77.45,15.7,0.));
#2724=CARTESIAN_POINT('Origin',(8.20000000000002,75.65,0.));
#2725=CARTESIAN_POINT('',(6.20000000000002,75.65,0.));
#2726=CARTESIAN_POINT('',(6.20000000000002,75.65,0.));
#2727=CARTESIAN_POINT('Origin',(8.20000000000002,75.65,0.));
#2728=CARTESIAN_POINT('Origin',(8.20000000000002,75.65,0.));
#2729=CARTESIAN_POINT('',(4.70000000000002,75.65,0.));
#2730=CARTESIAN_POINT('',(4.70000000000002,75.65,0.));
#2731=CARTESIAN_POINT('Origin',(8.20000000000002,75.65,0.));
#2732=CARTESIAN_POINT('Origin',(8.20000000000002,75.65,0.));
#2733=CARTESIAN_POINT('Origin',(77.45,33.7,0.));
#2734=CARTESIAN_POINT('',(75.45,33.7,0.));
#2735=CARTESIAN_POINT('',(75.45,33.7,0.));
#2736=CARTESIAN_POINT('Origin',(77.45,33.7,0.));
#2737=CARTESIAN_POINT('Origin',(77.45,33.7,0.));
#2738=CARTESIAN_POINT('',(73.95,33.7,0.));
#2739=CARTESIAN_POINT('',(73.95,33.7,0.));
#2740=CARTESIAN_POINT('Origin',(77.45,33.7,0.));
#2741=CARTESIAN_POINT('Origin',(77.45,33.7,0.));
#2742=CARTESIAN_POINT('Origin',(50.35,-44.1,0.));
#2743=CARTESIAN_POINT('',(48.35,-44.1,0.));
#2744=CARTESIAN_POINT('',(48.35,-44.1,0.));
#2745=CARTESIAN_POINT('Origin',(50.35,-44.1,0.));
#2746=CARTESIAN_POINT('Origin',(50.35,-44.1,0.));
#2747=CARTESIAN_POINT('',(46.85,-44.1,0.));
#2748=CARTESIAN_POINT('',(46.85,-44.1,0.));
#2749=CARTESIAN_POINT('Origin',(50.35,-44.1,0.));
#2750=CARTESIAN_POINT('Origin',(50.35,-44.1,0.));
#2751=CARTESIAN_POINT('Origin',(102.55,15.7,0.));
#2752=CARTESIAN_POINT('',(100.55,15.7,0.));
#2753=CARTESIAN_POINT('',(100.55,15.7,0.));
#2754=CARTESIAN_POINT('Origin',(102.55,15.7,0.));
#2755=CARTESIAN_POINT('Origin',(102.55,15.7,0.));
#2756=CARTESIAN_POINT('',(99.05,15.7,0.));
#2757=CARTESIAN_POINT('',(99.05,15.7,0.));
#2758=CARTESIAN_POINT('Origin',(102.55,15.7,0.));
#2759=CARTESIAN_POINT('Origin',(102.55,15.7,0.));
#2760=CARTESIAN_POINT('Origin',(60.2,75.65,0.));
#2761=CARTESIAN_POINT('',(58.2,75.65,0.));
#2762=CARTESIAN_POINT('',(58.2,75.65,0.));
#2763=CARTESIAN_POINT('Origin',(60.2,75.65,0.));
#2764=CARTESIAN_POINT('Origin',(60.2,75.65,0.));
#2765=CARTESIAN_POINT('',(56.7,75.65,0.));
#2766=CARTESIAN_POINT('',(56.7,75.65,0.));
#2767=CARTESIAN_POINT('Origin',(60.2,75.65,0.));
#2768=CARTESIAN_POINT('Origin',(60.2,75.65,0.));
#2769=CARTESIAN_POINT('Origin',(102.55,33.7,0.));
#2770=CARTESIAN_POINT('',(100.55,33.7,0.));
#2771=CARTESIAN_POINT('',(100.55,33.7,0.));
#2772=CARTESIAN_POINT('Origin',(102.55,33.7,0.));
#2773=CARTESIAN_POINT('Origin',(102.55,33.7,0.));
#2774=CARTESIAN_POINT('',(99.05,33.7,0.));
#2775=CARTESIAN_POINT('',(99.05,33.7,0.));
#2776=CARTESIAN_POINT('Origin',(102.55,33.7,0.));
#2777=CARTESIAN_POINT('Origin',(102.55,33.7,0.));
#2778=CARTESIAN_POINT('Origin',(20.55,-30.8,0.));
#2779=CARTESIAN_POINT('',(18.05,-30.8,0.));
#2780=CARTESIAN_POINT('',(18.05,-30.8,0.));
#2781=CARTESIAN_POINT('Origin',(20.55,-30.8,0.));
#2782=CARTESIAN_POINT('Origin',(20.55,-30.8,0.));
#2783=CARTESIAN_POINT('Origin',(102.55,-15.7,0.));
#2784=CARTESIAN_POINT('',(100.55,-15.7,0.));
#2785=CARTESIAN_POINT('',(100.55,-15.7,0.));
#2786=CARTESIAN_POINT('Origin',(102.55,-15.7,0.));
#2787=CARTESIAN_POINT('Origin',(102.55,-15.7,0.));
#2788=CARTESIAN_POINT('',(99.05,-15.7,0.));
#2789=CARTESIAN_POINT('',(99.05,-15.7,0.));
#2790=CARTESIAN_POINT('Origin',(102.55,-15.7,0.));
#2791=CARTESIAN_POINT('Origin',(102.55,-15.7,0.));
#2792=CARTESIAN_POINT('Origin',(8.20000000000001,21.65,0.));
#2793=CARTESIAN_POINT('',(6.20000000000001,21.65,0.));
#2794=CARTESIAN_POINT('',(6.20000000000001,21.65,0.));
#2795=CARTESIAN_POINT('Origin',(8.20000000000001,21.65,0.));
#2796=CARTESIAN_POINT('Origin',(8.20000000000001,21.65,0.));
#2797=CARTESIAN_POINT('',(4.70000000000001,21.65,0.));
#2798=CARTESIAN_POINT('',(4.70000000000001,21.65,0.));
#2799=CARTESIAN_POINT('Origin',(8.20000000000001,21.65,0.));
#2800=CARTESIAN_POINT('Origin',(8.20000000000001,21.65,0.));
#2801=CARTESIAN_POINT('Origin',(102.55,65.1,0.));
#2802=CARTESIAN_POINT('',(100.55,65.1,0.));
#2803=CARTESIAN_POINT('',(100.55,65.1,0.));
#2804=CARTESIAN_POINT('Origin',(102.55,65.1,0.));
#2805=CARTESIAN_POINT('Origin',(102.55,65.1,0.));
#2806=CARTESIAN_POINT('',(99.05,65.1,0.));
#2807=CARTESIAN_POINT('',(99.05,65.1,0.));
#2808=CARTESIAN_POINT('Origin',(102.55,65.1,0.));
#2809=CARTESIAN_POINT('Origin',(102.55,65.1,0.));
#2810=CARTESIAN_POINT('Origin',(34.25,-7.59999999999999,0.));
#2811=CARTESIAN_POINT('',(32.25,-7.59999999999999,0.));
#2812=CARTESIAN_POINT('',(32.25,-7.59999999999999,0.));
#2813=CARTESIAN_POINT('Origin',(34.25,-7.59999999999999,0.));
#2814=CARTESIAN_POINT('Origin',(34.25,-7.59999999999999,0.));
#2815=CARTESIAN_POINT('',(30.75,-7.59999999999999,0.));
#2816=CARTESIAN_POINT('',(30.75,-7.59999999999999,0.));
#2817=CARTESIAN_POINT('Origin',(34.25,-7.59999999999999,0.));
#2818=CARTESIAN_POINT('Origin',(34.25,-7.59999999999999,0.));
#2819=CARTESIAN_POINT('Origin',(77.45,-15.7,0.));
#2820=CARTESIAN_POINT('',(75.45,-15.7,0.));
#2821=CARTESIAN_POINT('',(75.45,-15.7,0.));
#2822=CARTESIAN_POINT('Origin',(77.45,-15.7,0.));
#2823=CARTESIAN_POINT('Origin',(77.45,-15.7,0.));
#2824=CARTESIAN_POINT('',(73.95,-15.7,0.));
#2825=CARTESIAN_POINT('',(73.95,-15.7,0.));
#2826=CARTESIAN_POINT('Origin',(77.45,-15.7,0.));
#2827=CARTESIAN_POINT('Origin',(77.45,-15.7,0.));
#2828=CARTESIAN_POINT('Origin',(60.2,21.65,0.));
#2829=CARTESIAN_POINT('',(58.2,21.65,0.));
#2830=CARTESIAN_POINT('',(58.2,21.65,0.));
#2831=CARTESIAN_POINT('Origin',(60.2,21.65,0.));
#2832=CARTESIAN_POINT('Origin',(60.2,21.65,0.));
#2833=CARTESIAN_POINT('',(56.7,21.65,0.));
#2834=CARTESIAN_POINT('',(56.7,21.65,0.));
#2835=CARTESIAN_POINT('Origin',(60.2,21.65,0.));
#2836=CARTESIAN_POINT('Origin',(60.2,21.65,0.));
#2837=CARTESIAN_POINT('Origin',(77.45,65.1,0.));
#2838=CARTESIAN_POINT('',(75.45,65.1,0.));
#2839=CARTESIAN_POINT('',(75.45,65.1,0.));
#2840=CARTESIAN_POINT('Origin',(77.45,65.1,0.));
#2841=CARTESIAN_POINT('Origin',(77.45,65.1,0.));
#2842=CARTESIAN_POINT('',(73.95,65.1,0.));
#2843=CARTESIAN_POINT('',(73.95,65.1,0.));
#2844=CARTESIAN_POINT('Origin',(77.45,65.1,0.));
#2845=CARTESIAN_POINT('Origin',(77.45,65.1,0.));
#2846=CARTESIAN_POINT('Origin',(6.85000000000001,-7.59999999999999,0.));
#2847=CARTESIAN_POINT('',(4.85000000000001,-7.59999999999999,0.));
#2848=CARTESIAN_POINT('',(4.85000000000001,-7.59999999999999,0.));
#2849=CARTESIAN_POINT('Origin',(6.85000000000001,-7.59999999999999,0.));
#2850=CARTESIAN_POINT('Origin',(6.85000000000001,-7.59999999999999,0.));
#2851=CARTESIAN_POINT('',(3.35000000000001,-7.59999999999999,0.));
#2852=CARTESIAN_POINT('',(3.35000000000001,-7.59999999999999,0.));
#2853=CARTESIAN_POINT('Origin',(6.85000000000001,-7.59999999999999,0.));
#2854=CARTESIAN_POINT('Origin',(6.85000000000001,-7.59999999999999,0.));
#2855=CARTESIAN_POINT('Origin',(124.05,82.1,50.));
#2856=CARTESIAN_POINT('',(60.2,82.1,51.));
#2857=CARTESIAN_POINT('',(60.2,82.1,50.));
#2858=CARTESIAN_POINT('',(60.2,82.1,50.5));
#2859=CARTESIAN_POINT('',(0.350000000000019,82.1,50.));
#2860=CARTESIAN_POINT('',(124.05,82.1,50.));
#2861=CARTESIAN_POINT('',(0.350000000000019,82.1,51.));
#2862=CARTESIAN_POINT('',(0.350000000000019,82.1,50.));
#2863=CARTESIAN_POINT('',(124.05,82.1,51.));
#2864=CARTESIAN_POINT('Origin',(124.05,82.1,50.));
#2865=CARTESIAN_POINT('',(64.2,82.1,50.));
#2866=CARTESIAN_POINT('',(64.2,82.1,51.));
#2867=CARTESIAN_POINT('',(64.2,82.1,50.5));
#2868=CARTESIAN_POINT('',(124.05,82.1,51.));
#2869=CARTESIAN_POINT('',(124.05,82.1,51.));
#2870=CARTESIAN_POINT('',(124.05,82.1,50.));
#2871=CARTESIAN_POINT('',(124.05,82.1,50.));
#2872=CARTESIAN_POINT('',(124.05,82.1,50.));
#2873=CARTESIAN_POINT('Origin',(62.2,13.95,51.));
#2874=CARTESIAN_POINT('',(64.2,78.,51.));
#2875=CARTESIAN_POINT('',(64.2,45.975,51.));
#2876=CARTESIAN_POINT('',(60.2,78.,51.));
#2877=CARTESIAN_POINT('',(61.2,78.,51.));
#2878=CARTESIAN_POINT('',(60.2,46.975,51.));
#2879=CARTESIAN_POINT('',(0.350000000000019,-54.2,51.));
#2880=CARTESIAN_POINT('',(0.350000000000012,82.1,51.));
#2881=CARTESIAN_POINT('',(124.05,-54.2,51.));
#2882=CARTESIAN_POINT('',(0.350000000000019,-54.2,51.));
#2883=CARTESIAN_POINT('',(124.05,-54.2,51.));
#2884=CARTESIAN_POINT('Origin',(64.2,78.,49.));
#2885=CARTESIAN_POINT('',(64.2,80.,50.));
#2886=CARTESIAN_POINT('',(64.2,48.025,50.));
#2887=CARTESIAN_POINT('',(64.2,80.,49.));
#2888=CARTESIAN_POINT('',(64.2,80.,49.5));
#2889=CARTESIAN_POINT('',(64.2,78.,49.));
#2890=CARTESIAN_POINT('',(64.2,45.975,49.));
#2891=CARTESIAN_POINT('',(64.2,78.,49.));
#2892=CARTESIAN_POINT('Origin',(60.2,78.,49.));
#2893=CARTESIAN_POINT('',(60.2,78.,49.));
#2894=CARTESIAN_POINT('',(61.2,78.,49.));
#2895=CARTESIAN_POINT('',(60.2,78.,49.));
#2896=CARTESIAN_POINT('Origin',(60.2,80.,49.));
#2897=CARTESIAN_POINT('',(60.2,80.,49.));
#2898=CARTESIAN_POINT('',(60.2,46.975,49.));
#2899=CARTESIAN_POINT('',(60.2,80.,50.));
#2900=CARTESIAN_POINT('',(60.2,80.,49.5));
#2901=CARTESIAN_POINT('',(60.2,46.975,50.));
#2902=CARTESIAN_POINT('Origin',(2.45000000000001,80.,50.));
#2903=CARTESIAN_POINT('',(2.45000000000001,80.,49.));
#2904=CARTESIAN_POINT('',(2.45000000000001,80.,49.));
#2905=CARTESIAN_POINT('',(2.45000000000001,80.,50.));
#2906=CARTESIAN_POINT('',(2.45000000000001,80.,50.));
#2907=CARTESIAN_POINT('',(2.45000000000001,80.,50.));
#2908=CARTESIAN_POINT('Origin',(2.45000000000001,80.,50.));
#2909=CARTESIAN_POINT('',(121.95,80.,50.));
#2910=CARTESIAN_POINT('',(2.45000000000001,80.,50.));
#2911=CARTESIAN_POINT('',(121.95,80.,49.));
#2912=CARTESIAN_POINT('',(121.95,80.,50.));
#2913=CARTESIAN_POINT('',(2.45000000000001,80.,49.));
#2914=CARTESIAN_POINT('Origin',(62.2,13.95,50.));
#2915=CARTESIAN_POINT('',(124.05,-54.2,50.));
#2916=CARTESIAN_POINT('',(124.05,-54.2,50.));
#2917=CARTESIAN_POINT('',(0.350000000000019,-54.2,50.));
#2918=CARTESIAN_POINT('',(0.350000000000019,-54.2,50.));
#2919=CARTESIAN_POINT('',(0.350000000000012,82.1,50.));
#2920=CARTESIAN_POINT('',(2.45000000000001,-52.1,50.));
#2921=CARTESIAN_POINT('',(2.45000000000001,-52.1,50.));
#2922=CARTESIAN_POINT('',(121.95,-52.1,50.));
#2923=CARTESIAN_POINT('',(121.95,-52.1,50.));
#2924=CARTESIAN_POINT('',(121.95,80.,50.));
#2925=CARTESIAN_POINT('Origin',(124.05,-54.2,50.));
#2926=CARTESIAN_POINT('',(124.05,-54.2,50.));
#2927=CARTESIAN_POINT('Origin',(0.350000000000019,-54.2,50.));
#2928=CARTESIAN_POINT('',(0.350000000000019,-54.2,50.));
#2929=CARTESIAN_POINT('Origin',(0.350000000000012,82.1,50.));
#2930=CARTESIAN_POINT('Origin',(2.45000000000001,-52.1,50.));
#2931=CARTESIAN_POINT('',(2.45000000000001,-52.1,49.));
#2932=CARTESIAN_POINT('',(2.45000000000001,-52.1,49.));
#2933=CARTESIAN_POINT('',(2.45000000000001,-52.1,50.));
#2934=CARTESIAN_POINT('Origin',(121.95,-52.1,50.));
#2935=CARTESIAN_POINT('',(121.95,-52.1,49.));
#2936=CARTESIAN_POINT('',(121.95,-52.1,49.));
#2937=CARTESIAN_POINT('',(121.95,-52.1,50.));
#2938=CARTESIAN_POINT('Origin',(121.95,80.,50.));
#2939=CARTESIAN_POINT('',(121.95,80.,49.));
#2940=CARTESIAN_POINT('Origin',(62.2,13.95,49.));
#2941=CARTESIAN_POINT('',(0.,0.,0.));
#2942=UNCERTAINTY_MEASURE_WITH_UNIT(LENGTH_MEASURE(0.01),#2948,
'DISTANCE_ACCURACY_VALUE',
'Maximum model space distance between geometric entities at asserted c
onnectivities');
#2943=UNCERTAINTY_MEASURE_WITH_UNIT(LENGTH_MEASURE(0.01),#2948,
'DISTANCE_ACCURACY_VALUE',
'Maximum model space distance between geometric entities at asserted c
onnectivities');
#2944=UNCERTAINTY_MEASURE_WITH_UNIT(LENGTH_MEASURE(0.01),#2948,
'DISTANCE_ACCURACY_VALUE',
'Maximum model space distance between geometric entities at asserted c
onnectivities');
#2945=(
GEOMETRIC_REPRESENTATION_CONTEXT(3)
GLOBAL_UNCERTAINTY_ASSIGNED_CONTEXT((#2942))
GLOBAL_UNIT_ASSIGNED_CONTEXT((#2948,#2950,#2951))
REPRESENTATION_CONTEXT('','3D')
);
#2946=(
GEOMETRIC_REPRESENTATION_CONTEXT(3)
GLOBAL_UNCERTAINTY_ASSIGNED_CONTEXT((#2943))
GLOBAL_UNIT_ASSIGNED_CONTEXT((#2948,#2950,#2951))
REPRESENTATION_CONTEXT('','3D')
);
#2947=(
GEOMETRIC_REPRESENTATION_CONTEXT(3)
GLOBAL_UNCERTAINTY_ASSIGNED_CONTEXT((#2944))
GLOBAL_UNIT_ASSIGNED_CONTEXT((#2948,#2950,#2951))
REPRESENTATION_CONTEXT('','3D')
);
#2948=(
LENGTH_UNIT()
NAMED_UNIT(*)
SI_UNIT(.MILLI.,.METRE.)
);
#2949=(
LENGTH_UNIT()
NAMED_UNIT(*)
SI_UNIT($,.METRE.)
);
#2950=(
NAMED_UNIT(*)
PLANE_ANGLE_UNIT()
SI_UNIT($,.RADIAN.)
);
#2951=(
NAMED_UNIT(*)
SI_UNIT($,.STERADIAN.)
SOLID_ANGLE_UNIT()
);
#2952=SHAPE_DEFINITION_REPRESENTATION(#2954,#2957);
#2953=SHAPE_DEFINITION_REPRESENTATION(#2955,#2958);
#2954=PRODUCT_DEFINITION_SHAPE('',$,#2960);
#2955=PRODUCT_DEFINITION_SHAPE('',$,#2961);
#2956=PRODUCT_DEFINITION_SHAPE($,$,#14);
#2957=SHAPE_REPRESENTATION('',(#1746,#1937),#2945);
#2958=SHAPE_REPRESENTATION('',(#1747),#2946);
#2959=PRODUCT_DEFINITION_CONTEXT('part definition',#2967,'design');
#2960=PRODUCT_DEFINITION('Vacuum controller case',
'Vacuum controller case v21',#2962,#2959);
#2961=PRODUCT_DEFINITION('Case','Case',#2963,#2959);
#2962=PRODUCT_DEFINITION_FORMATION('',$,#2969);
#2963=PRODUCT_DEFINITION_FORMATION('',$,#2970);
#2964=PRODUCT_RELATED_PRODUCT_CATEGORY('Vacuum controller case v21',
'Vacuum controller case v21',(#2969));
#2965=PRODUCT_RELATED_PRODUCT_CATEGORY('Case','Case',(#2970));
#2966=APPLICATION_PROTOCOL_DEFINITION('international standard',
'automotive_design',2009,#2967);
#2967=APPLICATION_CONTEXT(
'Core Data for Automotive Mechanical Design Process');
#2968=PRODUCT_CONTEXT('part definition',#2967,'mechanical');
#2969=PRODUCT('Vacuum controller case','Vacuum controller case v21',$,(#2968));
#2970=PRODUCT('Case','Case',$,(#2968));
#2971=PRESENTATION_STYLE_ASSIGNMENT((#2972));
#2972=SURFACE_STYLE_USAGE(.BOTH.,#2973);
#2973=SURFACE_SIDE_STYLE('',(#2974));
#2974=SURFACE_STYLE_FILL_AREA(#2975);
#2975=FILL_AREA_STYLE('Steel - Satin',(#2976));
#2976=FILL_AREA_STYLE_COLOUR('Steel - Satin',#2977);
#2977=COLOUR_RGB('Steel - Satin',0.627450980392157,0.627450980392157,0.627450980392157);
ENDSEC;
END-ISO-10303-21;
